E0009,B0434,S001,499,589,1
E0010,B0434,S001,558,648,1
E0001,B1036,S001,573,663,2
E0003,B3341,S001,457,547,1
E0004,B3341,S001,485,575,1
E0005,B3341,S001,519,609,1
E0006,B3341,S001,553,643,4
E0007,B3341,S001,576,666,2
E0008,B4012,S001,529,619,1
E0011,B4765,S001,448,538,3
E0012,B5710,S001,264,354,4
E0013,B5710,S001,548,638,1
E0014,B6315,S001,216,306,1
E0015,B6315,S001,335,425,2
E0016,B6315,S001,563,653,1
E0017,B6315,S001,588,678,1
E0018,B6350,S001,312,402,2
E0019,B8851,S001,560,650,1
E0023,B0434,S002,628,718,5
E0021,B3341,S002,586,676,9
E0022,B3499,S002,559,649,22
E0024,B6629,S002,556,646,13
E0050,B0064,S003,501,591,1
E0047,B0434,S003,274,364,3
E0048,B0434,S003,539,629,1
E0025,B1101,S003,310,400,5
E0026,B1412,S003,269,359,1
E0027,B1412,S003,440,530,1
E0028,B1412,S003,562,652,1
E0029,B3341,S003,375,465,1
E0030,B3341,S003,509,599,1
E0031,B3481,S003,252,342,1
E0032,B3569,S003,229,319,2
E0033,B3569,S003,248,338,9
E0034,B3569,S003,283,373,2
E0035,B3569,S003,299,389,4
E0036,B3569,S003,495,585,6
E0037,B3569,S003,563,653,11
E0038,B3569,S003,581,671,1
E0039,B3569,S003,628,718,1
E0040,B3960,S003,371,545,2
E0041,B3960,S003,384,558,6
E0042,B3960,S003,410,584,1
E0043,B3960,S003,546,720,12
E0044,B3960,S003,568,742,5
E0045,B3960,S003,578,752,1
E0046,B3960,S003,600,774,6
E0049,B5710,S003,232,322,1
E0051,B6629,S003,563,653,6
E0052,B7768,S003,266,429,13
E0053,B7768,S003,568,731,1
E0054,B7861,S003,220,310,1
E0055,B7861,S003,246,336,1
E0056,B7861,S003,393,483,1
E0057,B7861,S003,539,629,1
E0058,B7861,S003,541,631,5
E0068,B0434,S004,217,307,1
E0059,B1292,S004,309,399,1
E0060,B1425,S004,297,387,3
E0061,B1425,S004,325,415,4
E0062,B1425,S004,601,691,1
E0063,B1548,S004,560,685,3
E0064,B3341,S004,624,714,1
E0065,B3481,S004,252,342,1
E0066,B3481,S004,257,347,1
E0067,B3481,S004,304,394,1
E0069,B4995,S004,345,435,2
E0070,B5710,S004,275,365,1
E0071,B6629,S004,269,359,2
E0072,B6629,S004,271,361,2
E0073,B7861,S004,218,308,1
E0074,B7861,S004,236,326,2
E0075,B7861,S004,242,332,1
E0076,B7861,S004,256,346,1
E0077,B3569,S005,519,609,1
E0078,B4995,S005,561,651,1
E0079,B3960,S006,305,483,2
E0080,B3960,S007,450,628,11
E0082,B0434,S008,255,345,2
E0081,B1036,S008,253,343,2
E0083,B4765,S008,596,686,1
E0084,B6315,S008,594,684,1
E0085,B7375,S008,355,445,1
E0087,B7375,S009,210,300,1
E0091,B0434,S010,572,662,12
E0089,B3341,S010,583,673,7
E0090,B4012,S010,486,576,6
E0092,B6315,S010,597,687,8
E0109,B0064,S011,299,389,2
E0110,B0064,S011,582,672,2
E0111,B0064,S011,598,688,1
E0102,B0434,S011,226,316,2
E0103,B0434,S011,246,336,2
E0104,B0434,S011,354,444,1
E0105,B0434,S011,571,661,2
E0106,B0434,S011,625,715,2
E0093,B1412,S011,315,405,2
E0094,B1548,S011,579,706,1
E0095,B3155,S011,613,703,3
E0096,B3341,S011,250,340,2
E0097,B3341,S011,257,347,2
E0098,B3341,S011,289,379,2
E0099,B3341,S011,554,644,2
E0100,B3341,S011,628,718,3
E0101,B3569,S011,621,711,1
E0107,B5710,S011,241,331,1
E0108,B5710,S011,602,692,2
E0112,B6315,S011,227,317,2
E0113,B6449,S011,298,388,1
E0114,B6540,S011,314,435,1
E0115,B6990,S011,552,642,2
E0116,B7375,S011,547,637,1
E0139,B0064,S012,298,388,2
E0121,B0305,S012,299,389,1
E0132,B0434,S012,241,331,1
E0133,B0434,S012,524,614,1
E0134,B0434,S012,624,714,1
E0117,B1425,S012,507,597,1
E0118,B1548,S012,211,338,1
E0119,B1548,S012,557,684,2
E0122,B3058,S012,324,673,1
E0123,B3058,S012,560,909,1
E0125,B3062,S012,598,688,1
E0126,B3341,S012,260,350,1
E0127,B3341,S012,279,369,1
E0128,B3341,S012,453,543,1
E0129,B3341,S012,535,625,1
E0130,B3341,S012,561,651,1
E0131,B3341,S012,627,717,3
E0135,B5710,S012,519,609,3
E0136,B5948,S012,469,559,1
E0137,B5948,S012,596,686,1
E0138,B6278,S012,461,793,1
E0140,B6350,S012,259,349,1
E0141,B6350,S012,538,628,1
E0142,B7375,S012,581,671,1
E0148,B0064,S013,344,434,1
E0144,B1412,S013,419,509,3
E0145,B3341,S013,464,554,2
E0146,B5143,S013,624,714,3
E0147,B5710,S013,456,546,2
E0174,B0064,S014,242,332,1
E0175,B0064,S014,538,628,1
E0163,B0434,S014,215,305,1
E0164,B0434,S014,255,345,2
E0165,B0434,S014,260,350,1
E0166,B0434,S014,342,432,2
E0167,B0434,S014,610,700,1
E0149,B1036,S014,414,504,1
E0150,B1548,S014,210,337,1
E0151,B1548,S014,218,345,1
E0152,B1548,S014,343,470,1
E0153,B1548,S014,539,666,1
E0155,B2477,S014,222,337,1
E0156,B3058,S014,258,607,1
E0157,B3058,S014,322,671,1
E0158,B3058,S014,562,911,1
E0159,B3062,S014,254,344,1
E0160,B3341,S014,236,326,2
E0161,B3341,S014,533,623,1
E0162,B3341,S014,599,689,1
E0168,B5520,S014,227,578,2
E0169,B5710,S014,233,323,2
E0170,B5710,S014,253,343,3
E0171,B5710,S014,260,350,1
E0172,B5710,S014,460,550,1
E0173,B5710,S014,553,643,1
E0176,B6315,S014,599,689,1
E0177,B7768,S014,544,705,1
E0178,B7861,S014,250,340,1
E0179,B7861,S014,605,695,1
E0180,B8851,S014,248,338,1
E0187,B0064,S015,270,360,1
E0188,B0064,S015,293,383,1
E0182,B3341,S015,264,354,1
E0183,B3341,S015,300,390,4
E0184,B3341,S015,397,487,1
E0185,B3341,S015,564,654,1
E0186,B5710,S015,259,349,1
E0189,B8851,S015,571,661,1
E0293,B0064,S016,218,308,1
E0294,B0064,S016,239,329,2
E0295,B0064,S016,254,344,2
E0296,B0064,S016,265,355,3
E0297,B0064,S016,280,370,3
E0298,B0064,S016,299,389,3
E0299,B0064,S016,310,400,2
E0300,B0064,S016,386,476,1
E0301,B0064,S016,458,548,1
E0208,B0291,S016,298,431,2
E0245,B0434,S016,221,311,1
E0246,B0434,S016,240,330,3
E0247,B0434,S016,244,334,1
E0248,B0434,S016,269,359,2
E0249,B0434,S016,281,371,13
E0250,B0434,S016,310,400,6
E0251,B0434,S016,329,419,1
E0252,B0434,S016,351,441,3
E0253,B0434,S016,419,509,1
E0254,B0434,S016,427,517,13
E0255,B0434,S016,444,534,1
E0256,B0434,S016,450,540,1
E0257,B0434,S016,458,548,1
E0258,B0434,S016,515,605,1
E0259,B0434,S016,547,637,1
E0260,B0434,S016,567,657,3
E0261,B0434,S016,570,660,1
E0262,B0434,S016,584,674,3
E0263,B0434,S016,602,692,1
E0264,B0434,S016,626,716,1
E0321,B0686,S016,531,621,2
E0190,B1036,S016,258,348,2
E0191,B1036,S016,300,390,2
E0192,B1036,S016,407,497,2
E0193,B1036,S016,577,667,1
E0194,B1412,S016,283,373,1
E0195,B1425,S016,328,418,1
E0196,B1548,S016,214,341,1
E0200,B1548,S016,404,531,4
E0205,B2461,S016,269,594,4
E0207,B2477,S016,577,692,2
E0209,B3009,S016,509,612,1
E0210,B3058,S016,241,590,1
E0211,B3058,S016,359,708,1
E0212,B3058,S016,542,891,2
E0213,B3062,S016,284,374,1
E0214,B3062,S016,294,384,1
E0215,B3062,S016,386,476,2
E0216,B3062,S016,464,554,1
E0217,B3062,S016,595,685,3
E0218,B3062,S016,623,713,1
E0219,B3341,S016,217,307,3
E0220,B3341,S016,236,326,4
E0221,B3341,S016,248,338,4
E0222,B3341,S016,269,359,9
E0223,B3341,S016,270,360,2
E0224,B3341,S016,284,374,6
E0225,B3341,S016,293,383,6
E0226,B3341,S016,316,406,2
E0227,B3341,S016,335,425,1
E0228,B3341,S016,375,465,1
E0229,B3341,S016,397,487,5
E0230,B3341,S016,493,583,14
E0231,B3341,S016,515,605,1
E0232,B3341,S016,540,630,1
E0233,B3341,S016,549,639,2
E0234,B3341,S016,569,659,2
E0235,B3341,S016,584,674,1
E0236,B3341,S016,597,687,2
E0237,B3341,S016,614,704,6
E0238,B3341,S016,628,718,3
E0239,B3481,S016,521,611,1
E0240,B3569,S016,267,357,2
E0241,B3569,S016,567,657,2
E0242,B3960,S016,232,407,1
E0243,B4012,S016,276,366,1
E0244,B4012,S016,425,515,2
E0265,B4765,S016,459,549,1
E0266,B4765,S016,545,635,5
E0267,B4995,S016,384,474,2
E0268,B5100,S016,275,365,1
E0269,B5143,S016,249,339,1
E0270,B5143,S016,274,364,1
E0271,B5143,S016,297,387,1
E0272,B5143,S016,372,462,1
E0273,B5143,S016,387,477,2
E0274,B5143,S016,456,546,1
E0275,B5143,S016,501,591,1
E0276,B5520,S016,296,647,5
E0277,B5710,S016,215,305,1
E0278,B5710,S016,252,342,2
E0279,B5710,S016,261,351,3
E0280,B5710,S016,282,372,5
E0281,B5710,S016,299,389,2
E0282,B5710,S016,321,411,1
E0283,B5710,S016,337,427,2
E0284,B5710,S016,433,523,1
E0285,B5710,S016,495,585,2
E0286,B5710,S016,516,606,1
E0287,B5710,S016,547,637,1
E0288,B5710,S016,564,654,3
E0289,B5710,S016,595,685,4
E0290,B5710,S016,610,700,3
E0291,B5710,S016,620,710,1
E0292,B5948,S016,238,328,1
E0302,B6315,S016,212,302,1
E0303,B6315,S016,285,375,3
E0304,B6315,S016,298,388,11
E0305,B6315,S016,303,393,5
E0306,B6315,S016,322,412,14
E0307,B6315,S016,333,423,3
E0308,B6315,S016,468,558,6
E0309,B6315,S016,531,621,5
E0310,B6350,S016,235,325,2
E0311,B6350,S016,248,338,1
E0312,B6350,S016,268,358,12
E0313,B6350,S016,271,361,1
E0314,B6350,S016,539,629,1
E0315,B6350,S016,562,652,1
E0316,B6350,S016,629,719,1
E0317,B6449,S016,282,372,2
E0318,B6540,S016,261,382,3
E0319,B6540,S016,284,405,3
E0322,B7278,S016,236,326,1
E0323,B7768,S016,275,436,1
E0324,B7861,S016,515,605,1
E0325,B8683,S016,356,446,2
E0326,B8851,S016,211,301,1
E0327,B8851,S016,248,338,1
E0328,B8851,S016,506,596,1
E0329,B8905,S016,601,691,1
E0348,B0064,S017,256,346,2
E0349,B0064,S017,624,714,1
E0331,B0291,S017,287,419,1
E0332,B0305,S017,230,320,1
E0343,B0434,S017,243,333,1
E0344,B0434,S017,268,358,2
E0345,B0434,S017,617,707,1
E0346,B0530,S017,251,433,2
E0333,B3341,S017,220,310,2
E0334,B3341,S017,259,349,3
E0335,B3341,S017,281,371,1
E0336,B3341,S017,290,380,2
E0337,B3341,S017,453,543,1
E0338,B3341,S017,543,633,1
E0339,B3341,S017,579,669,1
E0340,B3341,S017,599,689,1
E0341,B3481,S017,252,342,2
E0342,B3569,S017,276,366,2
E0347,B5710,S017,296,386,1
E0350,B6315,S017,595,685,1
E0379,B0064,S018,280,370,1
E0380,B0064,S018,597,687,1
E0366,B0434,S018,295,385,1
E0367,B0434,S018,305,395,1
E0368,B0434,S018,317,407,1
E0369,B0434,S018,576,666,1
E0370,B0434,S018,602,692,2
E0355,B3058,S018,280,629,1
E0356,B3058,S018,472,821,1
E0357,B3062,S018,267,357,3
E0358,B3341,S018,220,310,2
E0359,B3341,S018,236,326,1
E0360,B3341,S018,255,345,1
E0361,B3341,S018,425,515,1
E0362,B3341,S018,563,653,1
E0363,B3341,S018,623,713,1
E0364,B3960,S018,281,456,1
E0371,B4765,S018,580,670,1
E0372,B5143,S018,252,342,1
E0374,B5710,S018,311,401,1
E0375,B5710,S018,582,672,1
E0376,B5710,S018,607,697,1
E0377,B5710,S018,623,713,1
E0381,B6315,S018,388,478,1
E0382,B6350,S018,236,326,1
E0384,B7278,S018,598,688,1
E0387,B0064,S019,543,633,3
E0386,B0434,S019,434,524,3
E0385,B3341,S019,540,630,2
E0388,B3062,S020,406,496,4
E0389,B3341,S020,454,544,3
E0391,B5710,S020,287,377,2
E0392,B6315,S020,571,661,3
E0393,B6350,S020,312,402,5
E0394,B6350,S020,445,535,4
E0401,B0148,S021,228,396,1
E0402,B0148,S021,555,723,2
E0418,B0291,S021,573,705,2
E0455,B0434,S021,236,326,1
E0458,B0434,S021,316,406,1
E0459,B0434,S021,386,476,2
E0460,B0434,S021,442,532,1
E0464,B0434,S021,605,695,1
E0395,B1036,S021,245,335,2
E0397,B1036,S021,389,479,1
E0398,B1036,S021,603,693,3
E0399,B1101,S021,281,371,1
E0400,B1425,S021,474,564,1
E0404,B1548,S021,534,661,2
E0410,B2860,S021,228,318,1
E0411,B2860,S021,260,350,2
E0412,B2860,S021,533,623,1
E0413,B2860,S021,589,679,3
E0414,B2875,S021,210,300,2
E0415,B2875,S021,242,332,1
E0416,B2875,S021,599,689,3
E0417,B2875,S021,605,695,2
E0419,B3058,S021,247,595,1
E0420,B3058,S021,423,771,1
E0421,B3058,S021,508,856,2
E0423,B3062,S021,337,427,1
E0424,B3062,S021,360,450,1
E0425,B3062,S021,508,598,1
E0426,B3062,S021,573,663,2
E0428,B3341,S021,222,312,2
E0429,B3341,S021,253,343,4
E0431,B3341,S021,285,375,5
E0433,B3341,S021,334,424,1
E0434,B3341,S021,393,483,2
E0435,B3341,S021,429,519,1
E0436,B3341,S021,478,568,2
E0437,B3341,S021,483,573,1
E0438,B3341,S021,510,600,1
E0439,B3341,S021,518,608,1
E0440,B3341,S021,536,626,1
E0446,B3569,S021,348,438,1
E0449,B3960,S021,215,390,3
E0450,B3960,S021,284,459,3
E0451,B3960,S021,289,464,1
E0452,B3960,S021,371,546,1
E0453,B3960,S021,425,600,1
E0454,B3960,S021,563,738,2
E0465,B4621,S021,359,449,1
E0469,B5143,S021,227,317,1
E0471,B5710,S021,236,326,3
E0473,B5710,S021,508,598,1
E0474,B5710,S021,538,628,2
E0475,B5710,S021,548,638,4
E0484,B6315,S021,420,510,2
E0485,B6315,S021,495,585,1
E0486,B6315,S021,526,616,1
E0490,B6350,S021,227,317,1
E0492,B6350,S021,303,393,1
E0493,B6350,S021,527,617,1
E0500,B6540,S021,256,378,1
E0501,B6540,S021,292,414,1
E0502,B6716,S021,611,701,2
E0503,B7229,S021,252,342,1
E0506,B7375,S021,327,417,1
E0507,B7375,S021,434,524,1
E0508,B7768,S021,222,383,1
E0509,B7768,S021,251,412,1
E0510,B7768,S021,426,587,1
E0511,B7768,S021,565,726,1
E0512,B7768,S021,570,731,2
E0515,B8851,S021,466,556,1
E0516,B8851,S021,517,607,1
E0527,B0064,S022,343,433,6
E0528,B0064,S022,359,449,3
E0520,B3058,S022,284,632,2
E0521,B3341,S022,218,308,1
E0523,B3341,S022,330,420,5
E0534,B0434,S023,444,534,1
E0535,B0434,S023,532,622,1
E0536,B6540,S023,270,392,1
E0543,B0064,S024,471,561,1
E0538,B3481,S024,582,672,1
E0542,B5710,S024,425,515,1
E0547,B7861,S024,238,328,1
E0551,B3341,S025,235,325,1
E0555,B3341,S025,371,461,4
E0556,B3341,S025,511,601,3
E0557,B3481,S025,614,704,1
E0559,B4012,S025,512,602,1
E0561,B5143,S025,234,324,1
E0562,B5143,S025,535,625,3
E0564,B6540,S025,532,653,1
E0565,B7768,S025,622,783,1
E0566,B7861,S025,218,308,1
E0573,B0291,S026,243,374,1
E0592,B0434,S026,318,408,1
E0568,B1235,S026,255,345,2
E0571,B2461,S026,320,644,1
E0572,B2875,S026,295,385,1
E0574,B3009,S026,328,430,1
E0577,B3341,S026,224,314,1
E0580,B3341,S026,320,410,1
E0581,B3341,S026,459,549,1
E0582,B3341,S026,512,602,1
E0587,B3960,S026,237,411,1
E0588,B3960,S026,268,442,2
E0589,B3960,S026,566,740,1
E0595,B5520,S026,487,837,1
E0602,B6315,S026,218,308,1
E0603,B6315,S026,230,320,1
E0608,B6540,S026,250,372,1
E0610,B6629,S026,526,616,1
E0612,B7768,S026,280,442,1
E0613,B7768,S026,365,527,1
E0614,B7861,S026,219,309,1
E0616,B7861,S026,347,437,1
E0617,B2461,S027,462,787,2
E0618,B3341,S027,211,301,2
E0636,B0064,S028,216,306,2
E0637,B0064,S028,514,604,1
E0628,B3341,S028,443,533,2
E0629,B3341,S028,534,624,1
E0632,B5710,S028,217,307,2
E0635,B6278,S028,262,594,2
E0638,B6540,S028,295,417,6
E0645,B0291,S030,485,617,1
E0658,B0434,S030,383,473,1
E0646,B3058,S030,235,584,1
E0647,B3058,S030,310,659,3
E0648,B3062,S030,437,527,2
E0649,B3341,S030,219,309,3
E0660,B4439,S030,510,775,1
E0662,B5710,S030,525,615,1
E0667,B6315,S030,383,473,2
E0672,B6540,S030,581,703,2
E0675,B8851,S030,366,456,1
E0676,B8851,S030,495,585,1
E0677,B8851,S030,511,601,1
E0679,B3058,S031,466,814,1
E0682,B3341,S031,463,553,2
E0687,B3481,S033,307,397,1
E0689,B3960,S033,223,402,2
E0690,B3960,S033,244,423,1
E0691,B3960,S033,545,724,1
E0697,B6315,S034,346,436,1
E0700,B3341,S035,518,608,1
E0706,B7768,S035,248,411,1
E0707,B1412,S036,222,312,2
E0712,B6540,S036,234,356,2
E0715,B1036,S037,443,533,4
E0718,B3009,S037,323,425,10
E0725,B6315,S037,211,301,2
E0730,B6315,S037,425,515,1
E0731,B6315,S037,441,531,1
E0742,B3341,S038,225,315,2
E0746,B6315,S038,220,310,1
E0748,B7861,S038,427,517,1
E0756,B0291,S039,267,398,1
E0776,B0434,S039,600,690,1
E0757,B3009,S039,628,730,1
E0758,B3058,S039,262,610,1
E0765,B3341,S039,217,307,1
E0770,B3341,S039,416,506,1
E0771,B3341,S039,480,570,1
E0784,B6315,S039,425,515,1
E0791,B8851,S039,450,540,1
E0794,B3062,S040,491,581,1
E0797,B6278,S040,468,799,1
E0798,B6315,S040,369,459,3
E0799,B8851,S040,416,506,1
E0807,B0064,S041,465,555,1
E0802,B3062,S041,341,431,1
E0860,B0064,S043,449,539,2
E0815,B0148,S043,580,747,2
E0847,B0434,S043,420,510,2
E0817,B1548,S043,329,458,1
E0821,B2860,S043,222,312,1
E0822,B3058,S043,532,881,2
E0824,B3062,S043,214,304,2
E0828,B3341,S043,219,309,2
E0832,B3341,S043,341,431,2
E0840,B3960,S043,217,392,2
E0841,B4012,S043,413,503,2
E0855,B5710,S043,218,308,2
E0861,B6315,S043,214,304,1
E0862,B6315,S043,353,443,2
E0863,B6315,S043,425,515,1
E0868,B6350,S043,373,463,2
E0875,B7861,S043,360,450,2
E0876,B3960,S044,617,791,1
E0879,B1101,S045,220,310,3
E0884,B1760,S045,475,565,2
E0885,B2461,S045,267,591,1
E0886,B2860,S045,224,314,3
E0887,B2860,S045,228,318,3
E0888,B2860,S045,281,371,1
E0889,B2875,S045,547,637,1
E0890,B3009,S045,238,339,1
E0891,B3058,S045,224,572,1
E0900,B3481,S045,452,542,2
E0902,B3960,S045,309,483,1
E0903,B3960,S045,376,550,1
E0920,B6350,S045,377,467,1
E0922,B6540,S045,225,348,2
E0923,B6540,S045,497,620,2
E0925,B7375,S045,443,533,1
E0927,B7861,S045,368,458,2
E0930,B2477,S046,591,704,1
E0931,B3481,S046,401,491,2
E0936,B6315,S046,339,429,1
E0937,B6315,S046,488,578,1
E0939,B7861,S046,416,506,1
E0947,B0434,S047,375,465,1
E0943,B3058,S047,281,630,1
E0952,B6315,S047,354,444,1
E0954,B6540,S047,235,357,3
E0956,B2860,S048,257,347,1
E0962,B6315,S048,366,456,2
E0966,B2875,S049,593,683,4
E0975,B6315,S049,482,572,1
E0983,B2860,S050,451,541,1
E0989,B4765,S050,437,527,5
E0995,B6315,S050,497,587,1
E1003,B3062,S051,454,544,1
E1013,B6315,S052,352,442,1
E1014,B6315,S052,384,474,1
E1023,B2860,S054,454,544,6
E1026,B3062,S054,487,577,6
E1034,B5143,S054,477,567,2
E1035,B5710,S054,421,511,8
E1038,B6315,S054,468,558,6
E1049,B6540,S054,497,620,11
E1050,B6540,S054,578,701,6
E1055,B7768,S054,285,446,3
E1065,B6315,S055,444,534,1
E1080,B0064,S056,460,550,1
E1072,B2875,S056,434,524,2
E1073,B3058,S056,329,677,1
E1086,B2860,S057,538,628,2
E1087,B3009,S057,607,708,2
E1094,B0291,S059,576,706,1
E1091,B1548,S059,522,653,1
E1092,B2860,S059,545,635,1
E1093,B2875,S059,217,307,1
E1099,B1036,S060,447,537,1
E1115,B2875,S061,615,705,1
E1118,B3341,S061,210,300,1
E1120,B3960,S061,222,396,1
E1130,B0305,S062,629,719,2
E1151,B2461,S064,312,637,1
E1153,B2860,S064,315,405,2
E1154,B2860,S064,500,590,1
E1155,B2860,S064,571,661,3
E1156,B2860,S064,599,689,2
E1157,B2860,S064,611,701,1
E1158,B2875,S064,266,356,1
E1159,B2875,S064,427,517,3
E1160,B2875,S064,555,645,1
E1161,B2875,S064,568,658,1
E1162,B2875,S064,570,660,1
E1163,B2875,S064,575,665,2
E1164,B2875,S064,601,691,2
E1199,B6540,S064,335,460,2
E1200,B6793,S064,379,469,1
E1208,B2860,S065,478,568,2
E1209,B2875,S065,283,373,2
E1210,B3058,S065,227,575,3
E1232,B0595,S066,571,661,1
E1234,B6540,S067,317,443,1
E1238,B2860,S068,629,719,2
E1239,B2875,S068,437,527,2
E1265,B2299,S069,551,641,1
E1301,B2875,S073,553,643,2
E1302,B3062,S073,210,300,1
E1307,B4012,S073,210,300,1
E1342,B6540,S073,264,390,1
E1344,B6697,S073,584,722,2
E1349,B4995,S074,369,459,16
E1350,B1386,S075,267,357,3
E1351,B2247,S075,604,694,1
E1352,B4365,S075,298,388,1
E1353,B8011,S075,241,331,1
E1354,B0291,S076,246,347,1
E1355,B5920,S077,487,577,6
E1356,B5228,S078,294,384,3
E1357,B6492,S078,255,345,4
E1358,B6492,S078,599,689,8
E1359,B8148,S078,295,385,2
E1360,B4145,S079,397,487,2
E1364,B2247,S082,291,381,2
E1365,B4365,S082,273,363,3
E1366,B4645,S082,551,641,1
E1367,B0376,S083,257,347,1
E1368,B0376,S083,487,577,1
E1369,B0376,S083,502,592,1
E1370,B5228,S084,586,676,3
E1371,B6492,S084,474,564,1
E1372,B1033,S085,288,378,2
E1373,B1033,S085,324,414,2
E1374,B4645,S085,225,315,3
E1375,B6540,S085,267,402,1
E1376,B6540,S085,271,406,4
E1377,B6540,S085,407,542,2
E1378,B6636,S085,250,340,1
E1380,B0049,S086,291,381,3
E1381,B0049,S086,512,602,1
E1382,B0049,S086,582,672,3
E1379,B0273,S086,345,435,3
E1383,B5986,S086,240,330,2
E1384,B5986,S086,378,468,3
E1385,B8595,S086,538,628,2
E1387,B0447,S088,553,643,1
E1388,B5223,S088,322,412,1
E1389,B0291,S089,269,363,3
E1390,B0897,S089,371,461,3
E1391,B0447,S090,233,323,2
E1392,B0447,S090,361,451,1
E1393,B5223,S090,603,693,2
E1394,B4735,S091,521,611,6
E1395,B6540,S091,277,461,2
E1396,B6680,S091,376,466,2
E1397,B2198,S092,597,687,4
E1398,B4253,S092,438,528,4
E1399,B0670,S093,235,325,1
E1400,B0670,S093,347,437,1
E1401,B2243,S094,374,464,2
E1402,B3913,S095,292,382,3
E1403,B4127,S095,246,336,3
E1404,B8469,S095,298,388,3
E1405,B5923,S096,348,438,4
E1406,B6540,S097,294,483,3
E1407,B7817,S097,210,300,2
E1408,B0291,S098,345,435,13
E1409,B5791,S098,583,673,4
E1420,B0547,S099,285,375,3
E1411,B2123,S099,277,367,1
E1412,B2408,S099,251,341,4
E1413,B2408,S099,267,357,3
E1414,B2408,S099,279,369,3
E1415,B2408,S099,290,380,3
E1416,B2408,S099,308,398,3
E1421,B6369,S099,270,360,1
E1422,B6369,S099,281,371,3
E1423,B6369,S099,293,383,1
E1424,B6369,S099,364,454,1
E1425,B7753,S099,251,341,1
E1426,B7753,S099,324,414,2
E1428,B0546,S100,485,575,2
E1427,B4127,S100,235,325,2
E1429,B8132,S100,432,522,2
E1431,B3438,S101,283,373,1
E1432,B3438,S101,293,383,1
E1433,B3438,S101,312,402,2
E1434,B3438,S101,318,408,1
E1435,B3438,S101,347,437,1
E1436,B3438,S101,368,458,1
E1437,B3438,S101,376,466,1
E1438,B3438,S101,396,486,2
E1439,B6540,S101,292,511,4
E1440,B6540,S101,303,522,1
E1441,B6540,S101,346,565,1
E1442,B6540,S101,455,674,1
E1443,B1593,S102,273,363,2
E1445,B3133,S102,533,623,1
E1446,B7180,S102,624,714,2
E1447,B0017,S103,320,410,2
E1448,B2410,S103,549,639,4
E1449,B6540,S103,529,748,4
E1450,B8073,S103,295,385,2
E1451,B8930,S103,482,645,2
E1452,B4155,S104,608,698,2
E1453,B1663,S105,474,564,6
E1454,B2408,S105,234,324,15
E1455,B3431,S105,375,465,16
E1456,B4277,S105,213,303,10
E1457,B4277,S105,289,379,9
E1458,B4845,S105,216,306,16
E1459,B4970,S105,379,469,14
E1464,B0049,S106,272,362,1
E1462,B0246,S106,240,330,1
E1463,B0246,S106,509,599,2
E1460,B1066,S106,597,687,2
E1461,B2100,S106,213,303,1
E1465,B5534,S106,274,364,1
E1466,B8714,S106,256,346,1
E1467,B9207,S106,278,368,1
E1468,B2147,S107,611,701,1
E1469,B3584,S107,534,624,2
E1470,B8073,S107,321,411,1
E1477,B0539,S108,244,334,3
E1478,B0539,S108,579,669,2
E1471,B1336,S108,621,711,5
E1473,B2010,S108,318,408,3
E1474,B2147,S108,225,315,3
E1475,B5104,S108,262,352,2
E1476,B5104,S108,282,372,1
E1479,B6306,S108,334,424,3
E1480,B7425,S108,623,713,4
E1483,B2408,S110,508,598,4
E1484,B2460,S110,429,519,3
E1485,B3211,S110,551,641,5
E1486,B4845,S110,307,397,1
E1489,B0246,S111,213,303,2
E1491,B0810,S111,309,399,7
E1492,B0810,S111,317,407,2
E1488,B2100,S111,258,348,4
E1490,B3807,S111,380,470,2
E1493,B8400,S111,390,480,3
E1494,B8400,S111,404,494,12
E1495,B8714,S111,313,403,1
E1496,B8714,S111,398,488,3
E1497,B3395,S112,238,328,3
E1498,B3431,S112,306,396,1
E1499,B6346,S112,305,395,3
E1500,B8718,S112,300,390,3
E1501,B0738,S113,497,587,4
E1502,B5282,S114,373,463,3
E1503,B4379,S115,575,665,3
E1504,B6741,S115,415,505,3
E1505,B5534,S116,267,357,1
E1506,B6540,S116,495,752,2
E1507,B8714,S117,487,577,3
E1509,B7866,S119,323,413,1
E1510,B6310,S120,569,659,1
E1512,B1402,S121,226,316,3
E1514,B4580,S121,245,335,2
E1515,B4779,S121,228,318,3
E1516,B7763,S121,232,322,2
E1517,B9160,S122,284,374,2
E1518,B1066,S123,597,687,6
E1519,B2100,S124,215,305,2
E1520,B2100,S124,519,609,1
E1521,B8714,S124,628,718,1
E1522,B8917,S124,417,507,1
E1523,B9207,S124,224,314,1
E1525,B1936,S125,587,677,1
E1526,B3647,S125,337,427,2
E1527,B1675,S126,533,623,2
E1528,B1089,S127,226,316,1
E1529,B2010,S128,610,700,2
E1530,B5177,S128,325,415,1
E1537,B0049,S129,567,657,1
E1536,B0246,S129,233,323,1
E1531,B1066,S129,223,313,1
E1532,B1066,S129,237,327,1
E1533,B1066,S129,568,658,1
E1534,B1066,S129,624,714,1
E1535,B1284,S129,237,327,1
E1538,B5414,S129,265,355,1
E1539,B5534,S129,242,332,1
E1540,B5534,S129,316,406,1
E1541,B2100,S130,495,585,2
E1544,B0246,S131,255,345,1
E1549,B0791,S131,260,421,1
E1542,B1284,S131,306,396,1
E1543,B2100,S131,360,450,1
E1545,B3577,S131,235,325,1
E1546,B5488,S131,230,454,1
E1547,B5534,S131,328,418,1
E1548,B5534,S131,514,604,1
E1550,B8714,S131,219,309,1
E1551,B8714,S131,270,360,1
E1552,B8714,S131,498,588,1
E1553,B2100,S132,257,347,1
E1554,B8714,S132,575,665,1
E1558,B0246,S133,310,400,1
E1555,B1066,S133,289,379,1
E1557,B2100,S133,262,352,1
E1559,B8714,S133,248,338,1
E1560,B8714,S133,573,663,1
E1561,B0246,S134,236,326,1
E1562,B3807,S134,249,339,3
E1563,B8714,S134,410,500,3
E1564,B8714,S134,493,583,2
E1569,B0246,S135,387,477,2
E1565,B1284,S135,279,369,2
E1566,B1284,S135,311,401,1
E1567,B2100,S135,270,360,1
E1568,B2100,S135,607,697,3
E1570,B3020,S135,243,333,1
E1571,B7250,S135,575,665,4
E1572,B8714,S135,251,341,2
E1573,B8714,S135,267,357,3
E1574,B8714,S135,277,367,3
E1575,B8714,S135,504,594,2
E1576,B8714,S135,597,687,1
E1577,B6444,S136,540,630,4
E1578,B6444,S136,542,632,9
E1579,B3807,S137,247,337,2
E1580,B4873,S137,325,415,1
E1581,B5385,S138,275,365,2
E1582,B2277,S139,310,400,2
E1583,B2277,S139,553,643,2
E1584,B4527,S139,313,403,2
E1586,B0813,S140,276,366,3
E1588,B0246,S141,597,687,2
E1589,B0246,S141,617,707,1
E1590,B0829,S141,584,674,3
E1587,B1066,S141,262,352,3
E1591,B8714,S141,573,663,1
E1592,B8714,S141,599,689,1
E1593,B3198,S142,287,377,2
E1594,B3198,S142,358,448,1
E1595,B3198,S142,382,472,1
E1596,B3198,S142,413,503,1
E1597,B3198,S142,537,627,2
E1598,B3198,S142,549,639,1
E1599,B3198,S142,611,701,1
E1600,B3198,S142,617,707,1
E1602,B1858,S143,335,425,2
E1603,B2277,S143,500,590,3
E1604,B2277,S143,627,717,7
E1605,B4943,S143,279,369,3
E1606,B5905,S143,342,432,2
E1607,B5905,S143,416,506,2
E1608,B5905,S143,482,572,1
E1609,B6472,S143,236,326,3
E1610,B8844,S143,577,667,2
E1611,B8844,S143,627,717,3
E1612,B2509,S144,374,464,4
E1613,B5385,S145,402,492,1
E1614,B5781,S145,320,410,2
E1615,B5983,S145,287,377,3
E1616,B5905,S146,251,341,1
E1617,B5905,S146,614,704,2
E1618,B6795,S147,268,358,1
E1619,B5026,S148,383,473,1
E1620,B2019,S149,617,707,2
E1621,B0172,S150,541,631,2
E1622,B3836,S150,594,684,6
E1623,B3243,S151,230,320,3
E1624,B7235,S151,275,365,5
E1628,B0291,S152,591,681,13
E1631,B0369,S152,454,544,14
E1635,B0747,S152,262,352,12
E1636,B0747,S152,316,406,11
E1625,B1600,S152,225,315,8
E1626,B2604,S152,520,610,14
E1627,B2740,S152,582,672,14
E1630,B3243,S152,555,645,3
E1632,B4952,S152,264,354,15
E1633,B7235,S152,319,409,23
E1634,B7235,S152,350,440,12
E1643,B0827,S153,305,395,1
E1638,B3431,S153,305,395,1
E1639,B3431,S153,333,423,4
E1640,B3478,S153,244,334,6
E1641,B3913,S153,257,347,2
E1642,B7609,S153,241,331,1
E1644,B8788,S153,401,491,2
E1645,B3211,S154,590,680,3
E1646,B5438,S154,427,517,2
E1647,B6818,S154,297,387,2
E1648,B1771,S155,311,401,3
E1649,B5220,S155,278,368,2
E1650,B3478,S156,558,648,6
E1651,B4582,S156,489,579,7
E1652,B7522,S156,213,303,1
E1653,B3243,S157,555,645,3
E1654,B4046,S157,254,344,3
E1655,B4046,S157,264,354,1
E1656,B6540,S157,271,503,2
E1657,B7826,S157,534,624,3
E1659,B4251,S158,273,363,2
E1660,B5026,S158,604,694,2
E1661,B5645,S158,279,369,3
E1662,B5645,S158,295,385,2
E1663,B2546,S159,232,322,2
E1664,B8974,S160,589,679,1
E1666,B0790,S161,233,323,2
E1665,B4133,S161,588,678,1
E1667,B7015,S162,319,409,2
E1669,B1936,S163,581,671,1
E1671,B0663,S164,222,312,1
E1670,B4716,S164,539,629,2
E1672,B8744,S164,293,383,4
E1673,B8744,S164,440,530,4
E1690,B0348,S165,211,301,1
E1691,B0348,S165,574,664,3
E1692,B0348,S165,624,714,1
E1674,B1275,S165,237,327,11
E1675,B1275,S165,445,535,5
E1676,B1275,S165,538,628,14
E1677,B1476,S165,325,415,1
E1680,B1600,S165,419,509,2
E1681,B1602,S165,274,364,11
E1682,B1602,S165,624,714,11
E1683,B2477,S165,576,666,13
E1684,B2546,S165,315,405,12
E1685,B2546,S165,624,714,7
E1686,B3016,S165,235,325,11
E1687,B3243,S165,265,355,12
E1688,B3243,S165,527,617,2
E1689,B3432,S165,319,409,2
E1693,B3960,S165,329,427,16
E1694,B4046,S165,214,304,16
E1695,B4046,S165,505,595,1
E1696,B4390,S165,609,699,11
E1697,B4544,S165,255,345,8
E1698,B4808,S165,269,359,13
E1699,B4808,S165,293,383,12
E1700,B5171,S165,408,498,2
E1701,B5983,S165,625,715,1
E1702,B7235,S165,495,585,9
E1703,B7768,S165,576,819,2
E1704,B7826,S165,307,397,1
E1705,B7826,S165,316,406,2
E1706,B7826,S165,446,536,1
E1707,B7826,S165,501,591,2
E1708,B9143,S165,557,647,2
E1709,B6710,S166,321,411,1
E1710,B0499,S167,627,717,3
E1711,B1402,S168,308,398,3
E1712,B1402,S168,341,431,2
E1713,B1876,S168,267,357,4
E1714,B3243,S168,488,578,1
E1715,B5488,S168,285,491,2
E1716,B4672,S169,357,447,1
E1717,B2019,S170,259,349,9
E1718,B3104,S170,274,364,10
E1719,B8025,S170,300,390,11
E1720,B8835,S170,293,383,13
E1722,B0403,S172,353,443,1
E1723,B4046,S172,519,609,1
E1724,B4808,S172,325,415,1
E1725,B1251,S173,444,534,1
E1726,B1251,S173,580,670,1
E1727,B4133,S173,365,455,1
E1728,B4133,S173,415,505,1
E1729,B1297,S174,226,316,10
E1732,B2019,S174,261,351,17
E1733,B2339,S174,273,363,9
E1735,B3018,S174,290,380,9
E1736,B3925,S174,210,300,14
E1737,B3925,S174,509,599,23
E1738,B4340,S174,454,544,16
E1739,B4795,S174,594,684,18
E1740,B5116,S174,573,663,8
E1741,B5756,S174,432,522,12
E1742,B6051,S174,270,360,17
E1744,B6590,S174,435,525,16
E1745,B7890,S174,213,303,14
E1746,B8102,S174,290,380,1
E1747,B8203,S174,525,615,13
E1748,B8649,S174,507,597,18
E1749,B1251,S175,301,391,2
E1750,B5217,S175,251,341,2
E1751,B8998,S175,332,422,1
E1752,B3016,S176,251,341,2
E1753,B3243,S177,619,709,1
E1754,B3960,S178,597,695,1
E1755,B4808,S178,543,633,1
E1756,B4202,S179,265,355,1
E1757,B3243,S180,525,615,3
E1758,B7826,S180,364,454,6
E1764,B0359,S181,565,655,12
E1765,B0359,S181,604,694,10
E1759,B1499,S181,493,583,21
E1762,B2036,S181,387,477,19
E1763,B2754,S181,210,300,14
E1766,B3970,S181,596,686,12
E1767,B4753,S181,561,651,14
E1768,B8615,S181,298,388,1
E1769,B9097,S181,504,594,13
E1770,B0270,S182,621,711,1
E1771,B8744,S182,286,376,1
E1772,B4838,S183,308,398,2
E1773,B2724,S184,617,707,1
E1774,B2754,S184,441,531,2
E1775,B2754,S184,476,566,2
E1776,B3907,S184,471,561,2
E1777,B8025,S184,220,310,1
E1778,B8025,S184,231,321,1
E1779,B8025,S185,306,396,2
E1781,B1251,S187,269,359,2
E1782,B1297,S188,220,310,3
E1783,B2108,S188,589,679,2
E1784,B2509,S188,479,569,3
E1785,B7984,S188,619,709,2
E1786,B7783,S189,252,342,2
E1787,B3637,S190,240,330,1
E1788,B0503,S191,237,327,6
E1789,B4849,S192,391,481,1
E1794,B3228,S194,293,383,2
E1795,B8139,S194,213,303,1
E1796,B8835,S194,366,456,1
E1797,B9097,S194,411,501,2
E1798,B2087,S195,585,675,2
E1799,B4112,S195,358,448,1
E1800,B8442,S195,213,303,1
E1801,B8907,S196,285,375,20
E1803,B5593,S197,491,581,4
E1805,B0169,S198,237,327,2
E1804,B1502,S198,535,625,6
E1806,B2731,S198,373,463,8
E1807,B3145,S198,290,380,2
E1808,B4139,S198,377,467,2
E1809,B4289,S198,212,302,4
E1811,B6540,S198,585,811,1
E1812,B6579,S198,263,353,4
E1813,B6833,S198,565,655,4
E1814,B6833,S198,584,674,3
E1815,B7055,S198,553,643,2
E1816,B7609,S198,261,351,2
E1817,B8215,S198,602,692,3
E1818,B8654,S198,254,344,3
E1819,B8930,S198,217,362,3
E1820,B2860,S199,259,359,2
E1821,B0291,S200,291,381,1
E1829,B0291,S201,238,328,3
E1830,B0291,S201,329,419,1
E1831,B0291,S201,415,505,1
E1832,B0291,S201,613,703,4
E1837,B0430,S201,276,366,3
E1860,B0767,S201,240,330,2
E1861,B0767,S201,243,333,4
E1862,B0767,S201,278,368,2
E1825,B1975,S201,369,459,1
E1826,B2546,S201,232,322,2
E1827,B2546,S201,277,367,1
E1828,B2546,S201,595,685,1
E1835,B4155,S201,278,368,2
E1836,B4155,S201,293,383,2
E1838,B4549,S201,236,326,1
E1839,B4952,S201,217,307,6
E1840,B4952,S201,244,334,1
E1841,B4952,S201,265,355,3
E1842,B4952,S201,271,361,3
E1843,B4952,S201,286,376,7
E1844,B4952,S201,308,398,5
E1845,B4952,S201,325,415,3
E1846,B4952,S201,341,431,1
E1847,B4952,S201,348,438,2
E1848,B4952,S201,389,479,3
E1849,B4952,S201,392,482,7
E1850,B4952,S201,407,497,3
E1851,B4952,S201,612,702,3
E1852,B4952,S201,622,712,5
E1853,B5365,S201,288,378,4
E1854,B5488,S201,252,467,2
E1855,B5945,S201,210,300,2
E1856,B5951,S201,229,319,2
E1859,B7611,S201,595,685,2
E1863,B7826,S201,276,366,4
E1864,B7836,S201,213,303,3
E1865,B7836,S201,336,426,5
E1867,B0767,S202,227,317,11
E1866,B5994,S202,615,705,12
E1868,B7836,S202,317,407,14
E1871,B0552,S203,358,498,2
E1869,B4036,S203,563,653,2
E1870,B4036,S203,596,686,2
E1872,B7948,S203,231,321,2
E1873,B7948,S203,508,598,1
E1874,B7948,S203,519,609,2
E1875,B7948,S203,571,661,1
E1876,B7948,S203,621,711,2
E1877,B8653,S203,378,468,2
E1878,B8653,S203,608,698,3
E1879,B1283,S204,481,571,2
E1880,B0397,S205,235,325,3
E1881,B0397,S205,611,701,2
E1882,B6838,S205,600,690,4
E1884,B0397,S206,548,638,2
E1883,B1512,S206,590,680,1
E1885,B5222,S206,612,702,4
E1886,B5686,S207,289,379,2
E1887,B5686,S207,576,666,1
E1894,B0397,S208,212,302,15
E1895,B0397,S208,240,330,22
E1901,B0745,S208,224,314,16
E1902,B0745,S208,251,341,10
E1903,B0745,S208,431,521,18
E1904,B0745,S208,625,715,4
E1888,B1512,S208,338,428,11
E1890,B2450,S208,565,655,23
E1891,B2597,S208,594,684,17
E1892,B2654,S208,628,718,18
E1896,B4282,S208,266,356,16
E1898,B6772,S208,323,413,13
E1899,B6772,S208,499,589,6
E1900,B7398,S208,410,500,9
E1905,B7803,S208,507,597,1
E1906,B8215,S208,268,358,14
E1907,B8215,S208,274,364,11
E1908,B9208,S208,265,355,14
E1909,B5958,S209,626,716,17
E1910,B0225,S210,345,435,1
E1911,B2708,S210,450,540,1
E1912,B5370,S210,427,517,2
E1913,B5736,S210,499,589,1
E1921,B0291,S211,214,304,1
E1924,B0359,S211,228,318,1
E1925,B0359,S211,299,389,2
E1926,B0359,S211,304,394,2
E1927,B0359,S211,564,654,1
E1920,B2487,S211,234,324,1
E1928,B3888,S211,404,494,1
E1929,B3888,S211,434,524,1
E1930,B3888,S211,442,532,2
E1931,B3888,S211,562,652,1
E1932,B5195,S211,301,391,1
E1933,B6074,S211,249,339,2
E1934,B6540,S211,243,458,1
E1936,B6976,S211,227,317,1
E1937,B6976,S211,266,356,2
E1938,B7214,S211,246,336,3
E1939,B0155,S212,554,644,1
E1941,B3228,S212,334,424,1
E1942,B3228,S212,398,488,2
E1943,B3808,S212,477,567,1
E1944,B3808,S212,482,572,1
E1945,B4181,S212,435,525,1
E1946,B6620,S212,611,701,1
E1947,B7989,S212,516,606,1
E1948,B1512,S213,266,356,1
E1950,B2604,S213,336,426,2
E1952,B3270,S213,365,455,1
E1953,B3330,S213,317,407,3
E1954,B4246,S213,602,692,1
E1955,B5826,S213,608,698,2
E1957,B6772,S213,245,335,2
E1958,B7572,S213,613,703,1
E1959,B8203,S213,224,314,2
E1960,B8553,S213,469,559,1
E1963,B0767,S214,279,369,2
E1964,B0767,S214,290,380,1
E1965,B0767,S214,588,678,1
E1961,B3290,S214,598,688,1
E1962,B5945,S214,224,314,1
E1966,B7948,S215,352,442,3
E1967,B7948,S215,364,454,4
E1968,B7948,S215,615,705,2
E1969,B8953,S215,545,635,1
E1970,B0850,S216,575,665,1
E1972,B0111,S218,252,342,1
E1984,B0505,S218,258,348,2
E1973,B1251,S218,590,680,4
E1974,B1402,S218,302,392,3
E1975,B1402,S218,339,429,3
E1978,B1876,S218,379,469,6
E1979,B1972,S218,233,323,1
E1981,B3661,S218,245,335,1
E1982,B4289,S218,237,327,2
E1983,B4934,S218,245,335,4
E1986,B6579,S218,300,390,1
E1987,B8553,S218,542,632,3
E1988,B0397,S219,365,455,2
E1989,B5449,S220,359,449,1
E1995,B0397,S221,572,662,2
E1990,B1795,S221,241,331,1
E1991,B2148,S221,553,643,2
E1992,B3330,S221,247,337,2
E1993,B3330,S221,414,504,2
E1994,B3796,S221,590,680,2
E1996,B5756,S221,464,554,2
E1998,B6772,S221,254,344,1
E1999,B6772,S221,266,356,1
E2000,B7803,S221,388,478,2
E2001,B5936,S222,322,412,6
E2002,B2654,S223,607,697,4
E2014,B0359,S224,229,319,2
E2015,B0359,S224,286,376,1
E2008,B2487,S224,238,328,1
E2009,B2487,S224,248,338,1
E2010,B2487,S224,258,348,1
E2011,B2836,S224,235,325,1
E2013,B3228,S224,289,379,1
E2016,B3888,S224,237,327,1
E2017,B4364,S224,234,324,1
E2018,B4364,S224,287,377,1
E2019,B5195,S224,621,711,1
E2020,B6540,S224,256,472,1
E2022,B6976,S224,255,345,1
E2023,B9097,S224,560,650,1
E2024,B9097,S224,584,674,1
E2025,B2859,S225,224,314,1
E2033,B0862,S226,402,492,3
E2026,B1059,S226,215,305,11
E2027,B2232,S226,446,584,10
E2028,B3558,S226,600,690,2
E2029,B4022,S226,268,358,14
E2030,B4036,S226,591,681,2
E2031,B4158,S226,244,334,8
E2032,B4165,S226,215,305,13
E2034,B8953,S226,306,396,1
E2035,B2487,S227,263,353,2
E2036,B2672,S227,478,568,5
E2037,B3200,S227,513,603,3
E2039,B8990,S227,443,560,3
E2040,B3836,S228,493,583,4
E2041,B5449,S229,554,644,2
E2042,B4541,S230,288,378,2
E2043,B5945,S230,252,342,2
E2045,B7121,S231,453,543,2
E2046,B8433,S231,501,591,2
E2047,B5945,S232,321,411,2
E2048,B5958,S232,565,655,3
E2049,B0503,S233,231,321,5
E2053,B0849,S234,351,441,2
E2050,B1795,S234,238,328,1
E2051,B1972,S234,353,443,3
E2052,B6297,S234,275,365,2
E2054,B5365,S235,267,357,2
E2055,B5945,S235,245,335,2
E2056,B5994,S235,229,319,3
E2057,B1408,S236,324,414,1
E2058,B2450,S236,259,349,2
E2059,B4344,S236,212,302,1
E2060,B4736,S236,252,351,1
E2061,B1248,S237,285,375,2
E2062,B1248,S237,352,442,1
E2063,B1248,S237,571,661,1
E2064,B1248,S237,589,679,1
E2067,B1966,S237,249,339,6
E2068,B5365,S237,240,330,4
E2069,B5746,S237,238,328,9
E2070,B5951,S237,214,304,1
E2071,B1336,S238,259,349,2
E2078,B0552,S239,243,386,12
E2079,B0552,S239,559,702,1
E2074,B1603,S239,225,315,18
E2075,B2232,S239,274,416,21
E2076,B3186,S239,310,400,2
E2077,B4036,S239,274,364,12
E2080,B7948,S239,436,526,2
E2081,B7948,S239,604,694,10
E2084,B1965,S240,563,653,1
E2085,B3714,S240,484,574,6
E2088,B0745,S241,244,334,4
E2087,B3808,S241,425,515,1
E2089,B8907,S241,211,301,2
E2090,B8907,S241,408,498,3
E2091,B8738,S242,348,438,1
E2093,B0690,S243,569,659,1
E2092,B4186,S243,256,346,4
E2094,B7087,S243,226,316,1
E2095,B8203,S243,569,659,3
E2096,B8907,S243,570,660,2
E2097,B8907,S243,572,662,4
E2098,B3672,S244,282,372,1
E2099,B1115,S245,258,348,2
E2100,B1402,S245,426,516,3
E2102,B5222,S245,562,652,2
E2103,B8300,S245,420,510,1
E2105,B6996,S246,262,352,2
E2106,B2450,S247,267,357,3
E2107,B3330,S247,232,322,2
E2108,B4139,S247,228,318,3
E2109,B4218,S247,348,438,2
E2110,B5488,S247,329,542,2
E2111,B6482,S247,278,368,2
E2112,B7191,S247,547,637,1
E2113,B8602,S247,235,325,2
E2116,B0031,S248,212,302,2
E2114,B1283,S248,212,302,3
E2118,B3583,S248,577,667,3
E2119,B4640,S248,315,405,3
E2120,B5488,S248,541,765,2
E2121,B6061,S248,239,329,3
E2122,B6647,S248,276,366,3
E2123,B7227,S248,264,354,2
E2124,B7287,S248,326,416,2
E2125,B7678,S248,462,552,2
E2126,B9038,S248,218,308,2
E2127,B0677,S249,220,310,7
E2128,B4390,S250,483,573,1
E2129,B0149,S251,298,388,2
E2131,B0291,S252,242,332,1
E2133,B0690,S252,242,332,1
E2130,B2654,S252,334,424,2
E2132,B6540,S252,545,770,2
E2134,B7990,S252,231,321,1
E2136,B0291,S253,542,632,1
E2135,B1221,S253,540,630,1
E2137,B3796,S253,580,670,1
E2138,B4008,S253,227,317,1
E2139,B7890,S253,283,373,1
E2140,B0149,S254,381,471,4
E2141,B1972,S254,512,602,3
E2142,B6096,S255,479,621,1
E2143,B0128,S256,572,662,9
E2144,B4218,S257,213,303,5
E2145,B7948,S258,582,672,2
E2157,B0454,S259,251,341,1
E2158,B0454,S259,334,424,1
E2159,B0454,S259,544,634,1
E2160,B0454,S259,603,693,1
E2161,B0552,S259,251,394,1
E2148,B2232,S259,224,366,2
E2149,B2232,S259,282,424,1
E2150,B2232,S259,557,699,1
E2151,B3960,S259,619,756,2
E2152,B4036,S259,284,374,1
E2153,B4036,S259,553,643,2
E2154,B4036,S259,560,650,1
E2155,B4036,S259,585,675,1
E2156,B4036,S259,604,694,1
E2162,B6278,S259,211,475,1
E2163,B7948,S259,225,315,5
E2164,B7948,S259,233,323,3
E2165,B7948,S259,254,344,1
E2166,B7948,S259,265,355,4
E2167,B7948,S259,285,375,1
E2168,B7948,S259,358,448,3
E2169,B7948,S259,553,643,2
E2170,B7948,S259,585,675,2
E2171,B9115,S259,284,374,1
E2195,B0454,S260,230,320,1
E2196,B0454,S260,260,350,3
E2198,B0552,S260,215,358,1
E2199,B0552,S260,262,405,1
E2200,B0552,S260,291,434,1
E2201,B0552,S260,338,481,2
E2202,B0552,S260,599,742,1
E2175,B2232,S260,235,377,1
E2176,B2232,S260,242,384,1
E2177,B2232,S260,263,405,1
E2178,B3186,S260,262,352,1
E2179,B3186,S260,275,365,1
E2180,B3186,S260,318,408,1
E2181,B3186,S260,609,699,1
E2182,B3960,S260,228,365,1
E2183,B3960,S260,250,387,2
E2184,B3960,S260,587,724,2
E2185,B4036,S260,214,304,1
E2186,B4036,S260,229,319,3
E2187,B4036,S260,256,346,1
E2188,B4036,S260,328,418,2
E2189,B4036,S260,363,453,1
E2190,B4036,S260,382,472,1
E2191,B4036,S260,471,561,1
E2192,B4036,S260,585,675,3
E2193,B4036,S260,600,690,4
E2194,B4036,S260,607,697,2
E2197,B5488,S260,293,497,1
E2203,B7948,S260,225,315,3
E2204,B7948,S260,239,329,4
E2205,B7948,S260,250,340,3
E2206,B7948,S260,264,354,5
E2207,B7948,S260,281,371,2
E2208,B7948,S260,314,404,2
E2209,B7948,S260,329,419,1
E2210,B7948,S260,351,441,2
E2211,B7948,S260,364,454,1
E2212,B7948,S260,387,477,1
E2213,B7948,S260,493,583,2
E2214,B7948,S260,520,610,1
E2215,B7948,S260,563,653,2
E2216,B7948,S260,580,670,3
E2217,B7948,S260,596,686,4
E2218,B7948,S260,612,702,2
E2219,B7948,S260,621,711,1
E2220,B8442,S260,565,655,1
E2236,B0454,S262,226,316,1
E2237,B0454,S262,254,344,2
E2238,B0454,S262,290,380,1
E2239,B0454,S262,621,711,1
E2241,B0552,S262,220,363,1
E2224,B2232,S262,614,756,1
E2225,B2232,S262,617,759,1
E2226,B3186,S262,240,330,1
E2227,B3186,S262,546,636,1
E2228,B3186,S262,593,683,3
E2229,B3186,S262,619,709,1
E2230,B3558,S262,254,344,1
E2231,B3558,S262,270,360,1
E2232,B3960,S262,602,739,1
E2233,B4036,S262,248,338,2
E2234,B4036,S262,274,364,1
E2235,B4036,S262,624,714,4
E2240,B4624,S262,230,320,1
E2243,B6096,S262,599,743,1
E2244,B6910,S262,247,337,1
E2245,B7121,S262,561,651,7
E2246,B7768,S262,574,781,1
E2247,B7948,S262,216,306,7
E2248,B7948,S262,227,317,2
E2249,B7948,S262,253,343,3
E2250,B7948,S262,280,370,3
E2251,B7948,S262,297,387,1
E2252,B7948,S262,325,415,2
E2253,B7948,S262,348,438,1
E2254,B7948,S262,365,455,1
E2255,B7948,S262,453,543,7
E2256,B7948,S262,521,611,1
E2257,B7948,S262,544,634,1
E2258,B7948,S262,565,655,2
E2259,B7948,S262,578,668,4
E2260,B7948,S262,597,687,10
E2261,B7948,S262,614,704,7
E2262,B7948,S262,624,714,9
E2263,B6216,S263,586,676,1
E2264,B7948,S263,478,568,2
E2266,B0454,S264,524,614,1
E2265,B4036,S264,519,609,2
E2267,B7948,S264,559,649,3
E2269,B0291,S265,613,703,1
E2270,B3960,S265,319,458,4
E2271,B7948,S265,238,328,1
E2272,B7948,S265,626,716,13
E2288,B0454,S266,263,353,2
E2289,B0454,S266,302,392,2
E2290,B0454,S266,344,434,2
E2291,B0454,S266,578,668,4
E2292,B0454,S266,592,682,2
E2294,B0552,S266,244,387,2
E2295,B0552,S266,264,407,2
E2296,B0552,S266,270,413,2
E2297,B0552,S266,392,535,1
E2278,B2232,S266,228,370,3
E2279,B4036,S266,232,322,2
E2280,B4036,S266,246,336,4
E2281,B4036,S266,302,392,1
E2282,B4036,S266,342,432,2
E2283,B4036,S266,551,641,1
E2284,B4036,S266,558,648,2
E2285,B4036,S266,580,670,4
E2286,B4036,S266,613,703,1
E2298,B6096,S266,300,444,1
E2299,B6096,S266,598,742,2
E2300,B6910,S266,380,470,1
E2301,B7948,S266,222,312,3
E2302,B7948,S266,226,316,2
E2303,B7948,S266,255,345,2
E2305,B7948,S266,274,364,2
E2306,B7948,S266,293,383,1
E2307,B7948,S266,301,391,2
E2308,B7948,S266,322,412,3
E2309,B7948,S266,330,420,1
E2310,B7948,S266,363,453,3
E2311,B7948,S266,381,471,2
E2312,B7948,S266,401,491,3
E2313,B7948,S266,589,679,1
E2315,B1074,S267,368,458,2
E2316,B5488,S267,227,438,1
E2318,B8771,S267,232,322,1
E2319,B1339,S268,253,343,1
E2320,B5821,S268,506,596,1
E2321,B6997,S268,532,622,1
E2330,B0724,S269,274,364,1
E2322,B1499,S269,240,330,1
E2325,B2173,S269,576,666,1
E2326,B2487,S269,210,300,1
E2327,B3228,S269,611,701,1
E2328,B4638,S269,374,464,1
E2331,B4218,S270,349,439,2
E2333,B0291,S271,305,395,2
E2332,B2148,S271,428,518,2
E2334,B8252,S271,627,717,2
E2335,B1336,S272,281,371,6
E2336,B1374,S272,285,375,2
E2337,B1374,S272,592,682,3
E2338,B1688,S272,297,387,2
E2339,B1688,S272,621,711,1
E2340,B6390,S272,261,351,3
E2341,B2336,S273,276,366,1
E2342,B3642,S273,267,357,1
E2343,B8413,S273,271,361,1
E2345,B4578,S274,329,419,3
E2346,B4578,S274,396,486,3
E2347,B1897,S275,320,410,2
E2350,B9159,S275,616,706,1
E2351,B2895,S276,291,381,1
E2352,B5508,S276,309,399,1
E2353,B8701,S276,581,671,2
E2354,B8958,S276,239,329,1
E2355,B2445,S277,255,345,2
E2357,B4825,S277,596,686,3
E2358,B8958,S277,230,320,2
E2359,B8232,S278,525,615,2
E2360,B3459,S279,350,440,1
E2361,B8679,S280,310,400,2
E2362,B8679,S280,324,414,1
E2363,B9191,S281,234,324,3
E2367,B0411,S282,571,710,3
E2368,B0411,S282,589,728,5
E2365,B2789,S282,277,367,11
E2366,B4036,S282,541,631,2
E2369,B4363,S282,262,352,4
E2370,B4763,S282,216,306,7
E2371,B6039,S282,317,407,3
E2373,B7121,S282,229,319,6
E2374,B7445,S282,579,669,1
E2375,B7948,S282,579,669,3
E2376,B8433,S282,556,646,2
E2377,B1897,S283,220,310,2
E2378,B3343,S283,212,302,3
E2379,B5634,S283,484,574,2
E2380,B9159,S283,372,462,2
E2381,B2635,S284,548,638,2
E2383,B0993,S285,251,341,1
E2384,B0993,S285,272,362,1
E2382,B4825,S285,439,529,1
E2395,B0552,S286,241,386,10
E2386,B2232,S286,608,751,15
E2387,B3186,S286,235,325,12
E2391,B4036,S286,226,316,4
E2397,B6216,S286,234,324,7
E2398,B6216,S286,249,339,8
E2403,B6597,S287,615,705,1
E2404,B0862,S288,346,436,2
E2405,B5289,S289,513,603,15
E2408,B0849,S290,367,457,9
E2406,B1972,S290,248,338,20
E2409,B1897,S291,243,333,1
E2410,B9159,S291,550,640,4
E2411,B0101,S292,390,480,1
E2412,B5810,S293,221,311,10
E2414,B1972,S294,233,323,1
E2415,B1972,S294,246,336,1
E2416,B1972,S294,267,357,2
E2417,B1972,S294,288,378,2
E2418,B1972,S294,333,423,1
E2419,B1972,S294,557,647,2
E2420,B2373,S294,334,424,2
E2421,B4722,S294,318,408,1
E2422,B4868,S294,297,387,1
E2423,B4868,S294,335,425,1
E2424,B5474,S294,558,648,3
E2425,B6485,S294,278,368,2
E2429,B6540,S294,563,799,2
E2430,B6815,S294,320,410,2
E2431,B5222,S295,545,635,1
E2432,B5912,S295,238,328,2
E2433,B7650,S295,292,382,1
E2434,B8708,S295,233,323,1
E2437,B3832,S296,403,493,2
E2438,B5258,S296,261,351,1
E2439,B5272,S296,219,309,2
E2440,B6815,S296,264,354,1
E2441,B8057,S296,608,698,2
E2442,B8708,S296,234,324,2
E2443,B1840,S297,567,657,2
E2444,B5272,S297,240,330,3
E2446,B0219,S299,286,458,2
E2448,B0813,S299,243,333,7
E2447,B3343,S299,229,319,3
E2449,B3459,S300,298,388,3
E2450,B5475,S300,276,366,1
E2451,B8836,S300,493,583,2
E2452,B9160,S301,389,479,1
E2456,B3099,S302,604,694,4
E2457,B5700,S302,476,566,1
E2459,B6754,S303,518,654,1
E2460,B8799,S304,308,398,3
E2461,B1740,S305,555,645,3
E2462,B1005,S306,628,718,3
E2463,B1452,S306,592,682,1
E2465,B2635,S306,257,347,1
E2467,B3743,S306,244,334,2
E2468,B3743,S306,307,397,4
E2469,B3743,S306,347,437,2
E2471,B8645,S306,298,388,2
E2474,B0815,S307,293,383,2
E2472,B2530,S307,254,344,1
E2475,B1740,S308,561,651,13
E2477,B6163,S309,584,674,1
E2478,B1345,S310,584,674,2
E2479,B0476,S311,279,369,1
E2480,B0476,S311,347,437,1
E2481,B5763,S311,616,706,2
E2482,B0420,S312,443,533,2
E2483,B7123,S312,492,582,2
E2484,B7600,S312,319,409,1
E2486,B5573,S314,246,336,1
E2487,B3328,S315,584,674,1
E2493,B0476,S316,223,313,2
E2504,B0798,S316,231,321,1
E2489,B3208,S316,218,308,2
E2490,B4722,S316,219,309,1
E2491,B4722,S316,253,343,1
E2492,B4722,S316,285,375,2
E2494,B4868,S316,290,380,2
E2495,B4868,S316,318,408,2
E2496,B5573,S316,611,701,3
E2498,B6720,S316,289,379,2
E2499,B6720,S316,380,470,2
E2500,B6815,S316,225,315,3
E2501,B6815,S316,244,334,2
E2502,B6815,S316,274,364,1
E2503,B6815,S316,304,394,1
E2505,B8057,S316,263,353,2
E2506,B8057,S316,571,661,3
E2507,B8328,S316,370,460,2
E2508,B6540,S317,387,614,1
E2509,B7084,S317,214,304,2
E2510,B8070,S318,253,343,8
E2511,B8307,S318,235,325,8
E2514,B0321,S319,262,352,1
E2515,B0442,S319,247,337,1
E2516,B0442,S319,257,347,1
E2517,B0442,S319,301,391,1
E2518,B5165,S319,442,532,2
E2519,B5460,S319,534,624,1
E2520,B8841,S319,242,332,2
E2521,B9115,S319,600,690,2
E2522,B7561,S320,303,393,2
E2523,B5652,S321,296,386,1
E2532,B0280,S322,291,381,21
E2524,B1142,S322,470,560,8
E2525,B1167,S322,235,325,13
E2526,B1527,S322,313,403,10
E2527,B1527,S322,317,407,18
E2530,B2114,S322,269,359,11
E2531,B2270,S322,239,329,9
E2533,B3051,S322,237,327,12
E2534,B3459,S322,256,346,11
E2535,B3852,S322,246,336,7
E2536,B7002,S322,618,708,17
E2538,B8911,S322,212,302,11
E2539,B8926,S322,223,313,8
E2540,B8926,S322,260,350,12
E2541,B2828,S323,227,317,10
E2542,B5038,S323,279,369,7
E2543,B5691,S323,473,563,3
E2544,B6466,S323,341,431,6
E2545,B8810,S323,553,643,6
E2546,B8902,S323,233,323,9
E2547,B9080,S323,307,397,10
E2548,B1749,S324,601,691,6
E2549,B6194,S324,244,334,1
E2550,B6468,S325,300,390,2
E2551,B6468,S325,317,407,2
E2552,B1406,S326,240,330,2
E2555,B2304,S326,266,356,1
E2556,B2304,S326,287,377,2
E2557,B6864,S326,227,317,1
E2558,B6864,S326,302,392,2
E2559,B6864,S326,554,644,4
E2560,B9203,S326,251,341,1
E2561,B9203,S326,288,378,1
E2562,B5865,S327,302,392,1
E2563,B4381,S328,538,628,23
E2564,B4381,S328,552,642,18
E2566,B0437,S329,256,346,1
E2567,B6877,S329,547,637,2
E2568,B8786,S329,613,703,1
E2569,B4234,S330,576,666,2
E2570,B6792,S330,537,627,2
E2581,B0869,S331,617,707,1
E2571,B1553,S331,332,422,2
E2572,B1553,S331,570,660,1
E2573,B1553,S331,626,716,1
E2574,B2032,S331,248,338,3
E2575,B2032,S331,542,632,2
E2576,B3960,S331,221,407,2
E2577,B3960,S331,442,628,1
E2578,B3960,S331,525,711,1
E2579,B3960,S331,552,738,2
E2580,B3960,S331,614,800,1
E2582,B4969,S332,351,445,3
E2583,B6202,S332,502,592,3
E2584,B6361,S332,590,680,2
E2585,B0280,S333,607,697,1
E2604,B0049,S334,301,391,3
E2621,B0810,S334,344,434,1
E2622,B0810,S334,419,509,2
E2623,B0810,S334,432,522,2
E2624,B0810,S334,462,552,3
E2625,B0810,S334,467,557,2
E2588,B1560,S334,401,491,2
E2589,B2074,S334,211,301,2
E2590,B2074,S334,490,580,2
E2591,B2100,S334,490,580,1
E2592,B2756,S334,399,510,2
E2595,B3801,S334,327,417,1
E2596,B3801,S334,403,493,2
E2597,B3801,S334,497,587,2
E2598,B3807,S334,375,465,2
E2599,B3807,S334,472,562,6
E2600,B3807,S334,564,654,2
E2601,B4247,S334,345,435,1
E2602,B4737,S334,248,338,1
E2603,B4737,S334,282,372,3
E2605,B4873,S334,341,431,2
E2606,B4873,S334,351,441,2
E2607,B4873,S334,559,649,3
E2611,B6540,S334,422,701,2
E2612,B7250,S334,225,315,1
E2613,B7250,S334,281,371,3
E2614,B7250,S334,348,438,1
E2615,B7250,S334,401,491,6
E2616,B7250,S334,408,498,1
E2617,B7250,S334,435,525,3
E2618,B7250,S334,447,537,3
E2619,B7250,S334,559,649,1
E2620,B7250,S334,614,704,2
E2626,B8400,S334,367,457,2
E2627,B8400,S334,464,554,2
E2628,B8714,S334,219,309,1
E2629,B8714,S334,262,352,1
E2630,B8714,S334,418,508,4
E2631,B8714,S334,507,597,3
E2632,B8714,S334,554,644,3
E2633,B9207,S334,322,412,1
E2634,B1287,S335,253,343,6
E2635,B2955,S335,266,356,2
E2636,B2955,S335,537,627,5
E2637,B3215,S335,231,321,1
E2638,B3215,S335,283,373,2
E2639,B3468,S335,605,695,4
E2640,B4835,S335,276,366,1
E2641,B5860,S335,574,664,4
E2642,B6932,S335,541,631,3
E2643,B7554,S335,234,324,2
E2644,B7554,S335,266,356,3
E2645,B7554,S335,604,694,1
E2646,B7600,S335,226,316,3
E2647,B7600,S335,280,370,3
E2648,B7600,S335,379,469,3
E2649,B7600,S335,485,575,2
E2650,B7600,S335,626,716,3
E2651,B7707,S335,252,342,3
E2652,B7707,S335,490,580,2
E2653,B7707,S335,536,626,5
E2654,B1006,S336,523,613,1
E2655,B2195,S336,213,303,4
E2657,B2955,S336,212,302,1
E2658,B4381,S336,216,306,2
E2659,B5825,S336,212,302,2
E2660,B6877,S336,221,311,1
E2661,B6932,S336,404,494,2
E2662,B9186,S336,221,311,1
E2663,B1064,S337,616,706,1
E2664,B1452,S337,338,428,3
E2665,B1510,S337,253,343,1
E2666,B1516,S337,234,324,1
E2667,B1957,S337,236,326,1
E2668,B5178,S337,297,387,1
E2670,B8057,S337,301,391,1
E2681,B0476,S338,245,335,1
E2693,B0798,S338,250,340,2
E2694,B0798,S338,266,356,4
E2695,B0798,S338,283,373,1
E2696,B0798,S338,304,394,1
E2697,B0798,S338,320,410,1
E2698,B0798,S338,332,422,1
E2699,B0798,S338,347,437,1
E2700,B0798,S338,362,452,2
E2701,B0798,S338,566,656,1
E2674,B2416,S338,272,362,2
E2679,B3407,S338,257,347,1
E2680,B4722,S338,256,346,1
E2682,B5404,S338,325,415,3
E2683,B5404,S338,349,439,2
E2684,B5763,S338,314,404,1
E2685,B6534,S338,352,442,1
E2689,B6540,S338,435,680,2
E2690,B6815,S338,370,460,2
E2702,B8307,S338,312,402,1
E2704,B4054,S340,592,682,1
E2705,B8569,S340,334,424,1
E2706,B3413,S341,568,658,1
E2707,B6468,S341,392,482,1
E2711,B0911,S342,377,467,1
E2712,B0911,S342,627,717,1
E2708,B1142,S342,235,325,1
E2709,B2304,S342,288,378,2
E2710,B8333,S342,245,335,2
E2714,B5575,S343,281,371,1
E2715,B5575,S343,329,419,2
E2716,B5758,S343,236,326,1
E2717,B8779,S343,584,674,1
E2727,B0354,S344,611,701,4
E2731,B0911,S344,299,389,3
E2718,B1064,S344,589,679,2
E2719,B1230,S344,336,426,3
E2721,B2166,S344,231,321,2
E2724,B3237,S344,281,371,2
E2725,B3413,S344,389,479,1
E2726,B3413,S344,390,480,1
E2728,B4815,S344,258,348,2
E2729,B7624,S344,601,691,2
E2730,B8214,S344,352,442,2
E2732,B0228,S345,256,346,12
E2734,B3413,S345,235,325,8
E2735,B3921,S345,623,713,9
E2736,B4722,S345,250,340,22
E2737,B8779,S345,603,693,10
E2738,B9117,S345,578,668,16
E2743,B0911,S346,225,315,1
E2739,B3793,S346,241,331,1
E2740,B5520,S346,219,497,1
E2741,B8390,S346,625,715,1
E2744,B0566,S347,420,510,2
E2745,B8090,S347,331,459,3
E2749,B0330,S348,441,531,1
E2746,B2032,S348,272,362,2
E2747,B2194,S348,252,342,1
E2748,B2194,S348,304,394,1
E2750,B3960,S348,596,780,2
E2751,B6188,S349,619,709,2
E2753,B6864,S350,327,417,3
E2754,B6202,S351,347,437,1
E2761,B0586,S352,369,459,1
E2755,B2997,S352,225,315,2
E2757,B3401,S352,259,349,1
E2758,B4531,S352,375,465,1
E2759,B5400,S352,249,339,1
E2760,B5488,S352,210,434,1
E2763,B6864,S352,274,364,1
E2764,B6864,S352,297,387,2
E2765,B0396,S353,418,508,4
E2766,B3401,S354,249,339,2
E2767,B3401,S354,282,372,2
E2768,B5474,S354,419,509,1
E2769,B5633,S354,341,431,1
E2771,B7707,S356,558,648,2
E2772,B1324,S357,607,697,3
E2773,B5691,S358,425,515,3
E2774,B4234,S359,359,449,4
E2775,B4681,S359,316,406,1
E2776,B5560,S359,239,329,2
E2777,B6179,S359,238,328,4
E2778,B6179,S359,256,346,6
E2780,B8390,S359,602,692,3
E2781,B9025,S359,323,413,5
E2782,B9025,S359,479,569,2
E2783,B9025,S359,485,575,1
E2784,B9179,S359,357,447,3
E2785,B9179,S359,585,675,3
E2786,B0439,S360,292,382,17
E2793,B0586,S361,267,357,1
E2787,B2498,S361,282,372,3
E2790,B4111,S361,239,329,2
E2791,B4111,S361,279,369,1
E2792,B5633,S361,621,711,2
E2794,B8569,S361,288,378,2
E2795,B8569,S361,363,453,6
E2796,B8569,S361,443,533,1
E2797,B9186,S362,240,330,3
E2798,B3582,S363,391,481,2
E2799,B5190,S363,378,468,3
E2800,B6119,S363,459,549,2
E2801,B7454,S364,327,417,1
E2802,B7454,S364,512,602,1
E2804,B5468,S365,278,368,1
E2805,B6086,S365,251,341,2
E2808,B4663,S366,262,352,1
E2809,B5308,S366,306,396,1
E2810,B6006,S366,307,397,1
E2811,B6345,S366,246,336,2
E2812,B8948,S366,264,354,1
E2815,B0423,S367,255,345,1
E2820,B0958,S367,248,338,2
E2816,B5252,S367,292,382,1
E2818,B8535,S367,239,329,1
E2819,B8647,S367,261,351,1
E2821,B6086,S368,251,341,1
E2822,B4635,S369,544,634,1
E2823,B2031,S370,409,499,1
E2825,B0008,S371,231,321,1
E2828,B0098,S371,338,428,1
E2826,B0717,S371,628,718,1
E2824,B1095,S371,237,424,1
E2827,B7714,S371,251,341,1
E2829,B1269,S372,339,429,3
E2830,B1924,S373,297,387,1
E2831,B7011,S373,238,328,1
E2840,B0560,S374,267,357,2
E2841,B0560,S374,285,375,2
E2842,B0560,S374,312,402,2
E2843,B0560,S374,540,630,3
E2834,B3260,S374,211,301,3
E2835,B3260,S374,255,345,2
E2836,B3260,S374,291,381,3
E2837,B3260,S374,470,560,2
E2838,B3260,S374,482,572,2
E2844,B5907,S374,225,315,2
E2845,B5907,S374,250,340,2
E2846,B5907,S374,580,670,2
E2847,B5962,S374,496,586,2
E2850,B8560,S374,400,490,4
E2851,B8560,S374,499,589,2
E2852,B8584,S374,238,328,2
E2853,B8584,S374,408,498,3
E2854,B8584,S374,586,676,2
E2855,B8828,S374,408,498,2
E2856,B8828,S374,546,636,2
E2857,B1713,S375,268,358,2
E2858,B1713,S375,456,546,1
E2861,B4376,S375,264,354,2
E2862,B0291,S376,416,506,2
E2863,B4580,S376,212,302,2
E2874,B0008,S377,254,344,2
E2866,B1415,S377,276,366,2
E2867,B3887,S377,324,414,2
E2868,B4485,S377,280,370,1
E2869,B4485,S377,286,376,2
E2870,B4485,S377,308,398,3
E2871,B4485,S377,326,416,3
E2872,B5488,S377,293,536,2
E2873,B5820,S377,316,406,2
E2875,B7613,S377,276,366,2
E2876,B5594,S378,520,610,4
E2877,B8450,S378,472,562,4
E2878,B7768,S379,516,755,1
E2879,B8320,S379,478,568,1
E2881,B0560,S380,400,490,2
E2887,B0805,S381,525,615,1
E2883,B1420,S381,567,657,3
E2885,B3355,S381,528,618,1
E2886,B7219,S381,329,419,1
E2888,B8896,S381,569,659,1
E2892,B0805,S382,606,696,1
E2889,B1420,S382,217,307,3
E2890,B5702,S382,305,395,3
E2891,B7768,S382,338,582,1
E2896,B0291,S383,363,453,2
E2893,B1530,S383,582,672,3
E2895,B2051,S383,289,379,3
E2897,B3641,S383,305,395,4
E2898,B3693,S383,227,317,3
E2899,B5444,S383,281,371,1
E2900,B6006,S383,251,341,2
E2901,B6086,S383,239,329,1
E2904,B7888,S383,240,330,6
E2905,B8475,S383,586,676,3
E2906,B4780,S384,234,324,1
E2907,B7677,S384,359,449,2
E2908,B4480,S385,264,388,1
E2909,B4480,S385,287,411,1
E2910,B5594,S385,323,413,1
E2911,B5907,S385,238,328,1
E2912,B5907,S385,595,685,1
E2913,B1413,S386,548,638,6
E2914,B5252,S386,258,348,2
E2920,B0008,S387,585,675,2
E2915,B2414,S387,240,330,2
E2917,B3978,S387,305,395,2
E2918,B3978,S387,560,650,3
E2919,B6505,S387,292,382,4
E2921,B5343,S388,611,701,1
E2922,B6505,S388,576,666,2
E2923,B2926,S389,571,661,2
E2925,B4148,S391,625,715,5
E2926,B7888,S392,374,464,1
E2927,B2822,S393,587,677,4
E2929,B2670,S394,247,337,2
E2934,B0456,S395,571,661,9
E2930,B2233,S395,241,331,17
E2931,B2233,S395,571,661,15
E2932,B3644,S395,537,693,12
E2933,B4356,S395,482,572,8
E2935,B5474,S395,480,570,10
E2936,B5474,S395,567,657,9
E2937,B7377,S395,254,344,11
E2938,B7377,S395,599,689,9
E2939,B8598,S395,225,315,14
E2940,B5518,S396,228,318,1
E2941,B1179,S397,225,315,2
E2942,B6259,S397,278,368,2
E2943,B7888,S397,570,660,2
E2944,B8075,S397,524,614,1
E2946,B0008,S398,270,360,1
E2945,B2670,S398,339,429,1
E2947,B1134,S399,511,601,2
E2948,B6673,S400,243,333,3
E2951,B3644,S401,246,401,1
E2952,B3701,S401,501,591,1
E2953,B3782,S401,551,641,1
E2954,B3852,S401,591,681,1
E2955,B4356,S401,210,300,1
E2956,B4356,S401,214,304,1
E2957,B5474,S401,555,645,1
E2958,B6445,S401,581,671,1
E2960,B7252,S401,572,662,1
E2961,B3469,S402,622,712,1
E2962,B4983,S402,284,374,1
E2964,B7970,S402,226,316,1
E2965,B4789,S403,556,646,2
E2967,B7768,S405,581,830,1
E2968,B6445,S406,589,679,1
E2969,B6512,S407,507,597,3
E2975,B0935,S408,252,342,6
E2971,B5457,S408,215,305,11
E2972,B6736,S408,527,617,4
E2973,B6736,S408,548,638,2
E2974,B9177,S408,262,352,4
E2977,B6506,S409,253,343,3
E2978,B3701,S410,461,551,1
E2980,B0147,S412,228,318,4
E2981,B0147,S412,387,477,3
E2982,B2374,S412,248,338,3
E2983,B2783,S412,500,590,3
E2984,B2783,S412,585,675,3
E2985,B3262,S412,247,337,5
E2986,B3616,S412,301,391,3
E2987,B6055,S412,318,408,4
E2988,B6055,S412,459,549,1
E2989,B8077,S412,302,392,1
E2995,B0597,S413,220,310,3
E2996,B0597,S413,389,479,3
E2990,B1601,S413,403,493,3
E2991,B2079,S413,578,668,2
E2992,B5168,S413,313,403,3
E2993,B5180,S413,386,476,2
E2994,B5841,S413,395,485,1
E2997,B6097,S413,481,571,3
E2998,B6994,S413,291,381,2
E2999,B1442,S414,212,302,2
E3000,B1442,S414,597,687,2
E3001,B1456,S414,579,669,1
E3004,B2873,S414,483,573,3
E3006,B3644,S414,225,378,1
E3007,B3644,S414,301,454,1
E3008,B3644,S414,549,702,1
E3009,B5170,S414,283,373,2
E3010,B5474,S414,300,390,1
E3011,B5474,S414,555,645,3
E3012,B5474,S414,619,709,3
E3013,B5581,S414,623,713,1
E3014,B6259,S414,352,442,2
E3015,B6527,S414,584,674,3
E3016,B7096,S414,245,335,1
E3017,B7377,S414,553,643,1
E3018,B7377,S414,575,665,2
E3019,B7768,S414,590,870,4
E3020,B9177,S414,545,635,1
E3024,B0236,S415,617,707,1
E3021,B1456,S415,227,317,1
E3022,B2276,S415,267,357,1
E3023,B2276,S415,271,361,1
E3025,B2984,S415,553,643,2
E3027,B3644,S415,329,482,1
E3028,B4038,S415,451,541,2
E3029,B5474,S415,416,506,1
E3030,B5581,S415,310,400,1
E3031,B5965,S415,542,632,1
E3033,B6673,S415,609,699,2
E3034,B6776,S415,595,685,3
E3035,B6825,S415,346,436,2
E3036,B7252,S415,251,341,1
E3037,B7353,S415,223,313,2
E3038,B7377,S415,533,623,1
E3039,B7768,S415,561,841,1
E3040,B3949,S416,224,314,4
E3041,B1291,S417,602,692,1
E3043,B1987,S417,279,369,1
E3048,B0552,S418,272,362,1
E3049,B0552,S418,487,577,2
E3050,B0552,S418,565,655,2
E3051,B0552,S418,586,676,2
E3044,B2232,S418,493,583,6
E3045,B2232,S418,498,588,3
E3046,B2232,S418,591,681,3
E3047,B2347,S418,569,659,1
E3052,B7768,S418,299,403,5
E3060,B0456,S419,586,676,1
E3056,B2984,S419,285,375,1
E3057,B3037,S419,573,663,2
E3058,B3644,S419,318,470,3
E3059,B3782,S419,575,665,1
E3061,B5018,S419,612,702,1
E3062,B5474,S419,284,374,7
E3063,B5474,S419,295,385,10
E3064,B5581,S419,473,563,2
E3065,B5965,S419,294,384,7
E3066,B6329,S419,428,518,1
E3067,B6454,S419,584,737,4
E3068,B6490,S419,283,373,4
E3069,B7096,S419,218,308,1
E3070,B8075,S419,531,621,1
E3073,B1784,S420,222,312,2
E3074,B1784,S420,579,669,1
E3076,B3616,S420,219,309,1
E3077,B3616,S420,560,650,2
E3078,B5442,S420,574,664,2
E3096,B0530,S421,551,822,15
E3079,B1442,S421,293,383,1
E3080,B1442,S421,564,654,2
E3081,B1456,S421,258,348,1
E3082,B1456,S421,533,623,10
E3083,B1456,S421,551,641,8
E3085,B2276,S421,301,391,1
E3086,B2448,S421,267,357,15
E3088,B3644,S421,213,365,12
E3089,B3782,S421,316,406,3
E3090,B4038,S421,580,670,2
E3091,B4356,S421,364,454,1
E3092,B4356,S421,577,667,1
E3093,B5226,S421,278,368,1
E3094,B5226,S421,526,616,1
E3095,B5284,S421,560,650,1
E3097,B5474,S421,277,367,1
E3098,B5474,S421,288,378,3
E3099,B5474,S421,343,433,2
E3100,B5474,S421,599,689,1
E3101,B5474,S421,607,697,19
E3102,B5474,S421,622,712,1
E3105,B7096,S421,280,370,1
E3106,B7096,S421,515,605,14
E3107,B7096,S421,533,623,1
E3108,B7252,S421,486,576,1
E3109,B7377,S421,276,366,14
E3110,B7377,S421,296,386,1
E3111,B7377,S421,619,709,15
E3112,B7768,S421,255,535,3
E3113,B8291,S421,590,757,2
E3114,B5474,S422,240,330,3
E3115,B2204,S423,294,384,1
E3116,B3852,S423,605,695,1
E3117,B9177,S423,220,310,2
E3118,B2204,S424,223,313,2
E3119,B1179,S425,263,353,2
E3120,B1195,S425,624,714,2
E3121,B8215,S425,274,364,1
E3122,B2173,S426,568,719,1
E3123,B2232,S426,211,301,1
E3124,B2232,S426,614,704,1
E3125,B2232,S426,621,711,1
E3127,B2069,S427,254,344,4
E3128,B4933,S427,240,330,3
E3129,B4933,S427,597,687,10
E3130,B7001,S427,230,320,1
E3131,B8853,S427,620,710,1
E3155,B0291,S428,382,472,2
E3194,B0960,S428,220,310,2
E3132,B1442,S428,248,338,2
E3133,B1442,S428,273,363,2
E3134,B1442,S428,297,387,1
E3135,B1442,S428,329,419,3
E3136,B1442,S428,396,486,1
E3137,B1442,S428,598,688,3
E3138,B1456,S428,233,323,1
E3143,B2276,S428,248,338,5
E3144,B2276,S428,271,361,2
E3145,B2276,S428,310,400,2
E3146,B2276,S428,318,408,2
E3147,B2276,S428,345,435,3
E3148,B2276,S428,365,455,6
E3149,B2276,S428,524,614,2
E3150,B2276,S428,531,621,1
E3151,B2276,S428,584,674,1
E3152,B2276,S428,613,703,2
E3153,B2276,S428,620,710,3
E3154,B2637,S428,531,621,1
E3156,B3037,S428,378,468,2
E3157,B3037,S428,597,687,2
E3159,B3708,S428,291,381,2
E3160,B3708,S428,306,396,2
E3161,B3782,S428,311,401,1
E3162,B3782,S428,604,694,1
E3163,B3852,S428,603,693,3
E3164,B4356,S428,536,626,1
E3165,B5284,S428,231,321,1
E3166,B5474,S428,212,302,1
E3167,B5474,S428,253,343,5
E3168,B5474,S428,269,359,2
E3169,B5474,S428,273,363,6
E3170,B5474,S428,293,383,2
E3171,B5474,S428,314,404,1
E3172,B5474,S428,328,418,1
E3173,B5474,S428,408,498,2
E3174,B5474,S428,543,633,3
E3175,B5474,S428,598,688,10
E3176,B5474,S428,615,705,3
E3177,B5581,S428,229,319,2
E3178,B5581,S428,318,408,2
E3179,B5965,S428,261,351,2
E3180,B6319,S428,538,628,1
E3181,B6490,S428,229,319,2
E3182,B6490,S428,578,668,3
E3188,B7096,S428,256,346,2
E3189,B7252,S428,325,415,2
E3190,B7252,S428,564,654,1
E3191,B7377,S428,589,679,3
E3192,B8291,S428,233,401,2
E3193,B8410,S428,471,561,2
E3196,B0930,S429,433,523,12
E3195,B6407,S429,570,660,14
E3198,B2417,S430,261,351,1
E3199,B4240,S430,330,420,3
E3200,B4240,S430,368,458,2
E3201,B8853,S430,474,564,1
E3202,B4356,S431,247,337,2
E3203,B5980,S432,387,477,1
E3205,B3623,S433,271,361,2
E3206,B5457,S433,275,365,4
E3207,B0899,S434,619,709,2
E3208,B2232,S435,563,653,2
E3209,B3888,S435,266,418,1
E3211,B7380,S435,267,357,1
E3213,B0236,S436,324,414,2
E3212,B1899,S436,267,357,4
E3214,B2637,S436,226,316,2
E3216,B3852,S436,305,395,3
E3217,B3852,S436,611,701,4
E3218,B5474,S436,244,334,3
E3219,B5474,S436,504,594,1
E3220,B3782,S437,627,717,5
E3222,B8853,S438,624,714,1
E3223,B1899,S439,567,657,1
E3224,B4299,S439,256,346,1
E3225,B0112,S440,288,378,1
E3226,B3852,S441,484,574,6
E3228,B6490,S441,446,536,2
E3229,B1103,S442,413,503,1
E3230,B4933,S442,220,310,1
E3233,B0456,S443,344,434,2
E3235,B6445,S443,240,330,1
E3236,B6445,S443,243,333,1
E3239,B5775,S444,241,331,1
E3249,B0601,S445,285,375,2
E3256,B0994,S445,403,493,2
E3257,B0994,S445,537,627,1
E3240,B1195,S445,596,686,4
E3241,B1245,S445,563,653,1
E3243,B2634,S445,572,662,9
E3244,B2936,S445,228,318,2
E3247,B3861,S445,432,522,4
E3248,B5403,S445,222,312,1
E3250,B6105,S445,383,473,1
E3251,B6506,S445,289,379,1
E3252,B7367,S445,223,313,3
E3253,B7388,S445,595,685,5
E3254,B7707,S445,559,649,1
E3255,B8314,S445,514,604,2
E3258,B0173,S446,242,332,2
E3259,B5284,S446,391,481,3
E3260,B6603,S446,310,400,2
E3262,B2022,S447,613,703,3
E3263,B6767,S447,418,508,4
E3264,B6981,S447,246,336,2
E3265,B6981,S447,487,577,5
E3276,B0930,S448,306,396,2
E3266,B2393,S448,448,538,2
E3267,B4291,S448,246,336,2
E3268,B5240,S448,526,616,1
E3269,B5775,S448,220,310,2
E3270,B6083,S448,313,430,2
E3271,B6083,S448,438,555,2
E3273,B6665,S448,418,508,3
E3274,B6665,S448,561,651,4
E3275,B7579,S448,543,633,1
E3278,B7776,S449,303,393,3
E3279,B8134,S449,430,520,2
E3280,B8742,S449,580,670,3
E3281,B5018,S450,513,603,2
E3282,B6259,S450,219,309,3
E3283,B1186,S451,549,639,1
E3285,B5240,S451,480,570,2
E3286,B5775,S451,578,668,1
E3287,B5937,S451,246,336,2
E3288,B1186,S452,353,443,9
E3289,B4078,S453,246,336,1
E3291,B8032,S454,218,308,1
E3303,B0930,S455,617,707,2
E3293,B2636,S455,256,346,2
E3296,B4494,S455,234,324,1
E3297,B5154,S455,314,404,2
E3298,B6407,S455,247,337,2
E3301,B8114,S455,609,699,2
E3302,B9111,S455,323,413,5
E3304,B1735,S456,283,373,2
E3305,B0129,S457,261,351,1
E3306,B2352,S457,425,515,1
E3307,B2464,S457,561,651,1
E3309,B3745,S458,384,474,2
E3310,B5775,S458,515,605,2
E3311,B2399,S459,270,360,2
E3312,B1533,S460,217,307,1
E3313,B3995,S460,234,324,1
E3314,B8013,S460,351,441,1
E3315,B3273,S461,348,438,1
E3316,B5095,S461,294,384,1
E3317,B8238,S461,252,342,1
E3318,B6434,S462,339,429,2
E3331,B0427,S463,246,336,5
E3333,B0557,S463,233,323,1
E3353,B0930,S463,215,305,2
E3354,B0930,S463,275,365,3
E3355,B0930,S463,300,390,2
E3356,B0930,S463,351,441,2
E3319,B1186,S463,582,672,2
E3320,B1450,S463,284,374,2
E3322,B2248,S463,237,327,2
E3323,B2393,S463,301,391,2
E3324,B2399,S463,552,642,1
E3328,B3745,S463,258,348,3
E3329,B3995,S463,223,313,1
E3330,B4260,S463,424,514,2
E3332,B5240,S463,279,369,8
E3334,B5775,S463,406,496,3
E3335,B6083,S463,298,415,2
E3336,B6195,S463,212,302,1
E3337,B6195,S463,366,456,1
E3339,B6665,S463,219,309,3
E3340,B6665,S463,298,388,1
E3341,B6665,S463,305,395,2
E3342,B7579,S463,240,330,2
E3343,B7579,S463,245,335,4
E3344,B7579,S463,276,366,2
E3345,B7579,S463,291,381,2
E3346,B7579,S463,317,407,1
E3347,B7768,S463,267,523,2
E3348,B7768,S463,323,579,1
E3349,B7973,S463,293,383,2
E3350,B8114,S463,627,717,1
E3351,B8614,S463,257,347,2
E3352,B8686,S463,559,649,4
E3368,B0930,S464,282,372,2
E3357,B1315,S464,276,366,1
E3361,B3995,S464,455,545,1
E3362,B4453,S464,212,302,2
E3363,B5154,S464,211,301,1
E3364,B5775,S464,250,340,2
E3365,B5968,S464,216,306,1
E3366,B5968,S464,238,328,1
E3369,B7904,S465,562,652,4
E3370,B3745,S466,493,583,2
E3371,B5775,S466,323,413,1
E3372,B6665,S466,532,622,1
E3373,B6817,S467,260,350,3
E3377,B0089,S468,243,333,2
E3375,B3750,S468,562,652,4
E3376,B4831,S468,233,323,3
E3378,B6407,S469,561,651,1
E3380,B5154,S470,436,526,4
E3381,B1245,S471,339,429,1
E3382,B1450,S471,231,321,1
E3383,B4729,S471,235,325,2
E3384,B8614,S471,235,325,2
E3385,B3535,S472,323,413,2
E3386,B4667,S472,415,505,2
E3388,B8363,S472,354,444,3
E3389,B0117,S473,246,429,1
E3390,B1866,S473,254,344,1
E3392,B5486,S473,363,453,1
E3393,B6147,S473,250,340,1
E3394,B7071,S473,536,626,1
E3395,B0324,S474,298,388,1
E3396,B6497,S474,603,693,3
E3397,B8742,S474,433,523,2
E3398,B9111,S474,623,713,3
E3399,B2325,S475,615,705,4
E3403,B0200,S476,519,609,2
E3406,B0497,S476,586,676,2
E3408,B0557,S476,210,300,1
E3410,B0622,S476,603,693,1
E3405,B4818,S476,567,657,2
E3409,B6195,S476,218,308,2
E3411,B6434,S476,348,438,2
E3413,B6890,S476,216,306,1
E3414,B7760,S476,409,499,1
E3415,B7768,S476,314,566,1
E3416,B7904,S476,409,499,1
E3417,B8614,S476,221,311,2
E3420,B4728,S477,216,306,1
E3421,B4728,S477,284,374,4
E3422,B4728,S477,314,404,3
E3423,B5076,S477,267,357,1
E3424,B2393,S478,226,316,1
E3425,B3745,S478,265,355,2
E3426,B5154,S478,224,314,2
E3427,B5489,S478,356,446,1
E3433,B0046,S479,598,688,1
E3434,B0092,S479,248,338,1
E3428,B1766,S479,270,360,1
E3429,B1866,S479,274,364,1
E3430,B2095,S479,474,564,1
E3431,B2792,S479,238,328,1
E3432,B3535,S479,539,629,1
E3437,B3535,S480,230,320,1
E3440,B6603,S480,543,633,1
E3441,B6603,S480,584,674,1
E3442,B6603,S480,589,679,1
E3443,B7353,S480,242,332,1
E3444,B8181,S480,283,373,1
E3446,B2095,S481,273,363,1
E3447,B3535,S481,594,684,2
E3448,B4667,S481,332,422,2
E3450,B1186,S482,325,415,1
E3451,B5240,S482,526,616,1
E3452,B2323,S483,612,702,8
E3454,B3089,S483,420,510,12
E3455,B3750,S483,419,509,13
E3456,B3750,S483,441,531,8
E3457,B3965,S483,313,403,16
E3458,B4188,S483,328,469,9
E3459,B4320,S483,256,346,11
E3460,B6600,S483,224,314,12
E3461,B6890,S483,241,331,10
E3462,B6890,S483,465,555,9
E3463,B1222,S484,216,306,2
E3464,B1222,S484,286,376,5
E3465,B1222,S484,585,675,2
E3466,B2085,S484,214,304,3
E3467,B3003,S484,519,609,3
E3469,B4847,S484,289,379,3
E3470,B5799,S484,606,696,3
E3471,B6319,S484,573,663,3
E3472,B3804,S485,628,718,2
E3477,B0540,S486,254,344,3
E3473,B2323,S486,596,686,2
E3474,B3464,S486,223,313,2
E3475,B4093,S486,374,464,1
E3476,B4320,S486,276,366,1
E3478,B6600,S486,542,632,2
E3479,B8060,S486,608,698,1
E3480,B5734,S487,331,421,1
E3481,B7306,S488,577,667,1
E3482,B7443,S488,394,484,2
E3483,B7443,S488,434,524,1
E3484,B7443,S488,534,624,1
E3485,B8000,S488,311,401,1
E3500,B0557,S489,238,328,2
E3486,B1186,S489,233,323,3
E3487,B1450,S489,629,719,3
E3488,B1791,S489,514,604,3
E3489,B2399,S489,391,481,6
E3490,B3745,S489,317,407,7
E3491,B3745,S489,410,500,7
E3492,B3745,S489,434,524,8
E3493,B3745,S489,480,570,6
E3494,B3745,S489,529,619,1
E3495,B3995,S489,250,340,5
E3496,B4078,S489,328,418,3
E3497,B5095,S489,244,334,4
E3503,B6665,S489,546,636,4
E3504,B7576,S489,440,530,6
E3505,B7579,S489,230,320,2
E3506,B7904,S489,368,458,1
E3507,B8065,S489,414,504,3
E3508,B8114,S489,234,324,2
E3509,B8614,S489,217,307,3
E3510,B8697,S489,304,394,3
E3513,B0622,S490,323,413,4
E3511,B2844,S490,326,416,5
E3512,B2965,S490,253,343,2
E3517,B0833,S491,231,321,3
E3514,B2965,S491,413,503,3
E3515,B3745,S491,409,499,4
E3516,B7576,S491,448,538,8
E3518,B8697,S491,591,681,1
E3519,B3782,S492,628,718,1
E3526,B8291,S492,310,477,2
E3528,B2674,S493,441,531,2
E3532,B6679,S493,216,306,1
E3533,B8742,S493,210,300,1
E3534,B8742,S493,239,329,1
E3538,B0497,S494,260,350,1
E3539,B0540,S494,291,381,2
E3548,B0805,S494,360,450,2
E3549,B0833,S494,304,394,1
E3535,B2631,S494,242,332,1
E3537,B3415,S494,425,515,3
E3540,B5698,S494,330,420,2
E3541,B5968,S494,230,320,1
E3542,B5968,S494,590,680,2
E3543,B6141,S494,521,611,2
E3544,B6497,S494,230,320,1
E3545,B6817,S494,508,598,1
E3546,B6890,S494,618,708,2
E3547,B7533,S494,276,366,1
E3550,B8742,S494,373,463,1
E3551,B8742,S494,485,575,1
E3567,B0089,S495,353,443,1
E3565,B0833,S495,260,350,4
E3566,B0833,S495,337,427,2
E3552,B1416,S495,229,319,1
E3553,B1416,S495,254,344,1
E3554,B1416,S495,277,367,2
E3555,B1416,S495,553,643,1
E3558,B4320,S495,382,472,2
E3559,B4320,S495,398,488,1
E3560,B4458,S495,484,574,2
E3561,B6150,S495,543,633,1
E3562,B7533,S495,245,335,3
E3563,B7533,S495,293,383,2
E3564,B7776,S495,607,697,1
E3568,B8741,S496,425,515,3
E3569,B7071,S497,443,533,18
E3572,B5531,S498,228,318,2
E3573,B5531,S498,579,669,2
E3574,B7064,S498,502,592,2
E3575,B6232,S499,601,691,2
E3576,B6527,S500,598,688,1
E3577,B6691,S500,256,346,2
E3578,B8481,S500,590,680,1
E3579,B5142,S501,248,338,4
E3581,B1456,S503,625,715,1
E3582,B2276,S503,509,599,4
E3583,B3782,S503,242,332,2
E3584,B3782,S503,277,367,2
E3586,B7252,S503,245,335,1
E3588,B0530,S504,423,686,1
E3589,B4026,S505,245,335,3
E3590,B0148,S506,576,666,1
E3592,B1774,S506,252,342,1
E3593,B2014,S506,348,438,1
E3594,B3466,S506,616,706,1
E3595,B4556,S507,509,599,2
E3596,B4899,S508,588,678,1
E3597,B6228,S508,239,329,3
E3598,B7781,S508,280,370,1
E3599,B7781,S508,523,613,1
E3600,B8565,S508,291,381,2
E3602,B2076,S509,388,478,2
E3603,B3894,S509,513,603,1
E3605,B1125,S510,243,333,14
E3606,B5698,S510,267,357,6
E3607,B6812,S511,342,432,23
E3608,B4556,S512,309,399,3
E3609,B8238,S512,384,474,3
E3611,B0513,S513,290,380,1
E3613,B1753,S514,588,678,2
E3614,B3722,S514,290,380,2
E3615,B6179,S514,587,677,2
E3616,B6691,S514,606,696,2
E3627,B0291,S515,480,570,1
E3630,B0513,S515,307,397,2
E3631,B0513,S515,500,590,4
E3632,B0513,S515,533,623,2
E3633,B0513,S515,598,688,6
E3617,B1380,S515,584,674,2
E3626,B2355,S515,358,448,8
E3628,B3722,S515,351,441,2
E3629,B4106,S515,577,667,2
E3634,B5520,S515,302,551,4
E3635,B5520,S515,477,726,5
E3636,B6179,S515,371,461,2
E3637,B6179,S515,459,549,2
E3638,B6179,S515,494,584,1
E3639,B6179,S515,581,671,1
E3640,B6179,S515,627,717,2
E3641,B6462,S515,222,312,1
E3642,B6462,S515,247,337,4
E3644,B6691,S515,371,461,2
E3645,B6691,S515,526,616,3
E3646,B6691,S515,621,711,3
E3648,B2086,S516,371,516,4
E3649,B4106,S517,575,665,11
E3672,B0513,S518,231,321,1
E3673,B0513,S518,350,440,1
E3674,B0513,S518,610,700,1
E3662,B1753,S518,295,385,1
E3663,B1753,S518,602,692,2
E3664,B1774,S518,528,618,1
E3667,B4106,S518,218,308,2
E3668,B4106,S518,254,344,1
E3669,B4106,S518,268,358,2
E3670,B4106,S518,305,395,2
E3671,B4106,S518,345,435,2
E3676,B5520,S518,565,815,2
E3677,B6179,S518,555,645,1
E3678,B6179,S518,595,685,1
E3679,B6462,S518,245,335,2
E3680,B6462,S518,570,660,1
E3681,B6691,S518,226,316,1
E3682,B6691,S518,250,340,2
E3683,B6691,S518,554,644,3
E3684,B6691,S518,622,712,2
E3687,B4106,S519,371,461,1
E3688,B4106,S519,411,501,1
E3690,B6179,S519,217,307,1
E3691,B6179,S519,227,317,1
E3692,B6179,S519,435,525,1
E3693,B6179,S519,555,645,1
E3723,B0513,S521,522,612,1
E3724,B0513,S521,527,617,1
E3704,B1774,S521,221,311,2
E3705,B1774,S521,237,327,1
E3708,B1774,S521,296,386,1
E3709,B1774,S521,398,488,1
E3710,B1774,S521,536,626,3
E3717,B3818,S521,549,680,1
E3718,B4106,S521,223,313,1
E3728,B5973,S521,217,307,3
E3730,B6179,S521,216,306,1
E3731,B6179,S521,248,338,4
E3732,B6179,S521,256,346,1
E3733,B6179,S521,277,367,1
E3734,B6179,S521,314,404,5
E3735,B6179,S521,319,409,1
E3736,B6179,S521,371,461,1
E3737,B6179,S521,533,623,1
E3738,B6179,S521,573,663,3
E3739,B6179,S521,598,688,4
E3740,B6179,S521,615,705,7
E3741,B6179,S521,621,711,2
E3748,B7768,S521,269,551,1
E3750,B8159,S521,463,553,1
E3751,B1379,S522,253,343,4
E3752,B1557,S522,343,433,2
E3753,B1557,S522,377,467,2
E3754,B4978,S522,238,328,2
E3755,B6022,S522,307,397,3
E3756,B6513,S522,572,662,2
E3757,B6683,S522,297,387,3
E3758,B7428,S522,449,539,4
E3759,B7735,S522,272,362,3
E3760,B7735,S522,295,385,3
E3761,B6179,S523,501,591,1
E3765,B1774,S524,224,314,1
E3766,B1774,S524,468,558,3
E3773,B6179,S524,222,312,1
E3774,B6179,S524,238,328,2
E3775,B6179,S524,267,357,4
E3776,B6179,S524,270,360,3
E3777,B6179,S524,288,378,4
E3778,B6179,S524,565,655,5
E3779,B6179,S524,580,670,3
E3782,B0126,S525,279,369,2
E3783,B0126,S525,566,656,2
E3787,B0614,S525,339,429,2
E3788,B0674,S525,592,682,3
E3785,B3187,S525,225,315,1
E3786,B3227,S525,223,313,2
E3789,B7149,S525,552,642,1
E3792,B6179,S526,578,668,1
E3793,B3187,S527,328,418,2
E3794,B4760,S528,257,347,1
E3795,B7704,S528,338,428,3
E3796,B9211,S528,303,393,2
E3797,B1701,S529,563,653,1
E3798,B5643,S529,307,488,2
E3799,B2097,S530,455,545,1
E3801,B1219,S531,546,636,2
E3802,B4781,S531,252,342,3
E3803,B1701,S532,281,371,2
E3804,B1701,S532,310,400,3
E3805,B2777,S532,250,340,2
E3806,B2919,S532,586,676,4
E3807,B3227,S532,252,342,4
E3808,B3227,S532,311,401,5
E3809,B3227,S532,317,407,3
E3810,B3227,S532,597,687,3
E3811,B3227,S532,627,717,3
E3812,B3789,S532,281,371,2
E3813,B3789,S532,299,389,3
E3814,B3789,S532,336,426,5
E3815,B3789,S532,383,473,2
E3816,B3789,S532,578,668,2
E3817,B3789,S532,599,689,2
E3818,B3789,S532,619,709,3
E3819,B4504,S532,601,691,2
E3820,B5643,S532,216,400,2
E3822,B9205,S532,590,680,3
E3823,B6022,S533,245,335,4
E3824,B6022,S533,315,405,6
E3825,B6448,S533,220,310,4
E3828,B7654,S533,508,598,3
E3829,B9016,S533,213,303,4
E3830,B9016,S533,282,372,2
E3831,B3227,S534,278,368,2
E3832,B2501,S535,342,441,1
E3833,B7020,S536,323,413,2
E3834,B5085,S537,622,712,3
E3835,B5262,S537,531,621,1
E3837,B1024,S538,500,590,2
E3838,B0136,S539,290,380,1
E3839,B0136,S539,312,402,1
E3840,B0136,S539,571,661,1
E3841,B8695,S539,285,375,4
E3842,B8695,S539,310,400,2
E3843,B8695,S539,431,521,1
E3844,B8695,S539,497,587,1
E3845,B8695,S539,542,632,1
E3846,B8695,S539,582,672,1
E3847,B0855,S540,376,466,1
E3848,B1203,S541,281,371,2
E3849,B2864,S541,375,465,1
E3850,B3909,S541,215,305,2
E3851,B0605,S542,303,393,1
E3852,B6436,S543,534,624,2
E3854,B0336,S544,250,340,1
E3855,B0336,S544,402,492,1
E3856,B0608,S544,229,319,1
E3857,B0608,S544,491,581,1
E3853,B2689,S544,259,349,1
E3858,B3699,S545,450,540,1
E3859,B7768,S545,333,605,1
E3863,B0605,S546,367,457,2
E3860,B1372,S546,486,576,5
E3861,B2264,S546,305,395,3
E3862,B3227,S546,397,487,3
E3864,B6979,S546,346,436,5
E3865,B7020,S546,598,688,2
E3868,B0632,S548,279,369,1
E3869,B7900,S548,483,573,1
E3870,B7900,S548,559,649,1
E3871,B0632,S549,589,679,1
E3872,B0632,S549,609,699,2
E3873,B7900,S550,579,669,1
E3877,B0390,S551,235,325,2
E3879,B0632,S551,554,644,6
E3880,B0632,S551,592,682,2
E3875,B2080,S551,542,632,2
E3876,B2270,S551,503,593,2
E3878,B6235,S551,527,617,4
E3881,B7900,S551,575,665,1
E3882,B7900,S551,628,718,3
E3883,B3074,S552,611,701,2
E3885,B7268,S552,330,420,1
E3886,B7340,S552,249,339,2
E3887,B0608,S553,227,317,1
E3888,B6456,S553,217,307,1
E3889,B8585,S553,592,682,1
E3890,B0099,S554,464,554,1
E3891,B0336,S555,380,470,1
E3894,B0632,S555,368,458,1
E3892,B5242,S555,303,393,1
E3893,B5962,S555,211,301,1
E3897,B7900,S555,246,336,1
E3899,B7900,S556,238,328,1
E3900,B7900,S556,453,543,1
E3901,B1658,S557,281,371,2
E3902,B1804,S557,210,300,2
E3903,B1804,S557,244,334,1
E3904,B1865,S557,213,303,1
E3905,B2080,S557,224,314,3
E3906,B2664,S557,612,702,1
E3907,B2689,S557,221,311,1
E3908,B2689,S557,247,337,1
E3909,B4201,S557,242,332,1
E3910,B4620,S557,260,350,1
E3911,B4834,S557,605,695,2
E3912,B5242,S557,254,344,2
E3913,B5242,S557,259,349,2
E3914,B5488,S557,486,758,1
E3915,B5520,S557,216,513,2
E3916,B5524,S557,372,462,2
E3917,B5962,S557,248,338,2
E3918,B5962,S557,514,604,1
E3919,B6235,S557,239,329,3
E3921,B6778,S557,599,689,1
E3922,B7489,S557,210,300,1
E3923,B7900,S557,599,689,2
E3924,B4214,S558,536,626,2
E3925,B5242,S558,257,347,3
E3926,B5976,S558,277,367,1
E3927,B6726,S558,214,304,1
E3928,B7070,S558,606,696,5
E3929,B7900,S558,300,390,2
E3930,B7900,S558,573,663,2
E3931,B7900,S558,600,690,1
E3932,B0632,S559,227,317,1
E3937,B0086,S560,269,359,2
E3935,B5599,S560,264,354,1
E3936,B5599,S560,281,371,1
E3938,B4067,S561,275,365,1
E3939,B5599,S561,299,389,4
E3940,B1158,S562,477,567,1
E3941,B2310,S563,258,348,4
E3942,B2310,S563,616,706,3
E3944,B3006,S564,235,325,1
E3946,B6389,S565,315,405,3
E3948,B0624,S566,613,703,8
E3949,B0840,S566,224,314,2
E3947,B2441,S566,531,621,1
E3950,B1299,S567,408,498,1
E3951,B2048,S567,385,475,1
E3952,B2350,S567,338,428,1
E3953,B2350,S567,500,590,1
E3954,B2350,S567,525,615,1
E3956,B6755,S567,381,471,2
E3957,B1008,S568,622,712,2
E3958,B3516,S569,625,715,2
E3959,B2048,S570,444,534,1
E3960,B2350,S570,237,327,1
E3961,B2350,S570,267,357,2
E3962,B2350,S570,458,548,1
E3963,B4593,S570,610,700,1
E3966,B6755,S570,225,315,1
E3967,B1180,S571,221,311,3
E3977,B0632,S572,516,606,13
E3978,B0632,S572,594,684,1
E3969,B2689,S572,273,363,1
E3970,B5242,S572,284,374,1
E3971,B5242,S572,583,673,1
E3972,B5242,S572,594,684,11
E3973,B5242,S572,623,713,2
E3975,B5962,S572,628,718,5
E3976,B6235,S572,560,650,1
E3979,B7900,S572,545,635,1
E3980,B8570,S572,619,709,1
E4016,B0099,S573,553,643,2
E3990,B0336,S573,327,417,2
E3994,B0390,S573,246,336,2
E4002,B0632,S573,553,643,3
E3983,B1865,S573,214,304,1
E3984,B1865,S573,587,677,2
E3985,B2269,S573,603,693,2
E3988,B2664,S573,249,339,2
E3989,B2903,S573,222,312,2
E3991,B3729,S573,613,703,2
E3992,B3765,S573,601,691,3
E3993,B3844,S573,455,545,3
E3995,B3979,S573,223,313,2
E3996,B4998,S573,215,305,2
E3997,B4998,S573,249,339,2
E3998,B5241,S573,259,349,3
E3999,B5241,S573,390,480,1
E4000,B5744,S573,210,300,2
E4001,B5744,S573,231,321,2
E4004,B6726,S573,562,652,3
E4005,B7479,S573,240,330,1
E4006,B7596,S573,213,303,2
E4007,B7596,S573,254,344,2
E4008,B7596,S573,262,352,2
E4009,B7596,S573,415,505,1
E4010,B7900,S573,221,311,2
E4011,B7900,S573,275,365,1
E4012,B7900,S573,333,423,1
E4013,B7900,S573,585,675,2
E4014,B7981,S573,285,375,2
E4015,B8165,S573,214,304,1
E4027,B0233,S574,220,310,2
E4029,B0291,S574,609,699,2
E4032,B0336,S574,550,640,5
E4033,B0373,S574,270,360,2
E4042,B0581,S574,586,676,4
E4020,B1804,S574,623,713,2
E4021,B1865,S574,224,314,1
E4022,B1865,S574,235,325,6
E4023,B1865,S574,249,339,4
E4024,B1865,S574,282,372,3
E4025,B1865,S574,584,674,2
E4026,B1865,S574,604,694,2
E4030,B2951,S574,264,354,2
E4031,B2951,S574,271,361,2
E4034,B3765,S574,239,329,1
E4035,B3765,S574,426,516,2
E4036,B4620,S574,243,333,3
E4037,B5241,S574,239,329,1
E4038,B5241,S574,280,370,4
E4039,B5241,S574,303,393,2
E4040,B5488,S574,466,746,2
E4041,B5744,S574,238,328,4
E4043,B5839,S574,275,365,2
E4044,B5946,S574,375,465,2
E4045,B6372,S574,598,688,2
E4046,B6456,S574,335,425,3
E4047,B6726,S574,440,530,3
E4048,B6778,S574,220,310,3
E4049,B7596,S574,224,314,2
E4051,B9018,S574,316,406,2
E4052,B5136,S575,289,379,2
E4053,B5241,S575,595,685,1
E4054,B7926,S575,425,515,1
E4058,B4128,S576,509,599,2
E4061,B8165,S576,400,490,2
E4062,B8165,S576,534,624,2
E4064,B1865,S577,243,333,2
E4065,B5241,S577,326,416,2
E4066,B6430,S577,271,361,2
E4068,B4128,S578,503,593,1
E4070,B0206,S579,286,398,2
E4076,B0373,S579,287,377,1
E4077,B0390,S579,239,329,2
E4072,B2951,S579,218,308,2
E4073,B2951,S579,290,380,2
E4075,B3135,S579,237,327,6
E4078,B5276,S579,314,404,2
E4079,B5571,S579,289,379,2
E4080,B6456,S579,212,302,2
E4086,B0373,S580,298,388,1
E4087,B0373,S580,314,404,2
E4088,B0373,S580,324,414,3
E4089,B0373,S580,340,430,3
E4093,B0581,S580,244,334,2
E4094,B0581,S580,613,703,4
E4095,B0581,S580,616,706,4
E4098,B0796,S580,335,425,3
E4090,B4128,S580,247,337,4
E4091,B5241,S580,279,369,2
E4092,B5241,S580,309,399,2
E4096,B6456,S580,214,304,3
E4100,B0667,S581,618,708,2
E4099,B5219,S581,567,657,1
E4101,B3765,S582,577,667,1
E4102,B3126,S583,353,443,1
E4103,B1489,S584,616,706,2
E4104,B2269,S584,242,332,1
E4105,B2269,S584,303,393,2
E4107,B7926,S584,365,455,2
E4108,B8022,S584,629,719,3
E4109,B0581,S585,315,405,2
E4115,B0581,S586,342,432,1
E4116,B0581,S586,346,436,1
E4117,B0995,S586,307,397,2
E4111,B3787,S586,284,374,3
E4112,B4243,S586,227,317,3
E4113,B4854,S586,620,710,3
E4114,B5571,S586,613,703,3
E4123,B0581,S587,558,648,2
E4119,B3126,S587,247,337,2
E4120,B3823,S587,219,309,1
E4121,B4854,S587,234,324,1
E4122,B4854,S587,299,389,1
E4124,B2244,S588,618,708,3
E4125,B7608,S588,610,700,2
E4129,B0995,S589,627,717,4
E4126,B4176,S589,404,494,4
E4127,B5946,S589,532,622,3
E4128,B7596,S589,620,710,3
E4130,B3019,S590,469,559,1
E4131,B4128,S590,599,689,2
E4132,B4176,S590,223,313,1
E4133,B4176,S590,288,378,1
E4134,B4176,S590,328,418,1
E4135,B5571,S590,246,336,1
E4136,B6062,S590,629,719,2
E4137,B6964,S590,328,418,2
E4138,B7926,S590,329,419,1
E4139,B4176,S591,598,688,1
E4144,B0373,S592,585,675,3
E4148,B0795,S592,224,314,4
E4140,B1060,S592,560,650,3
E4141,B2269,S592,294,384,3
E4142,B2951,S592,467,557,3
E4143,B2951,S592,569,659,1
E4145,B4176,S592,261,351,2
E4146,B4176,S592,622,712,2
E4147,B6062,S592,302,392,1
E4149,B3765,S593,329,419,4
E4150,B3765,S593,342,432,2
E4151,B3765,S593,353,443,2
E4152,B7926,S593,607,697,2
E4160,B0995,S594,216,306,1
E4161,B0995,S594,260,350,2
E4153,B3275,S594,614,704,1
E4154,B3275,S594,620,710,3
E4155,B4176,S594,290,380,2
E4156,B4176,S594,439,529,3
E4157,B5571,S594,214,304,2
E4158,B7926,S594,260,350,2
E4159,B8388,S594,544,634,2
E4162,B3275,S595,469,559,1
E4163,B4176,S595,592,682,3
E4164,B7596,S595,608,698,2
E4165,B9018,S595,615,705,3
E4167,B0373,S596,578,668,2
E4166,B3135,S596,538,628,12
E4168,B3844,S596,211,301,13
E4169,B6746,S596,235,325,3
E4170,B6964,S596,231,321,11
E4171,B1399,S597,225,315,1
E4172,B1399,S597,230,320,1
E4173,B1468,S597,229,319,2
E4174,B1468,S597,314,404,1
E4177,B2415,S597,433,523,2
E4178,B2415,S597,628,718,2
E4179,B2814,S597,299,389,1
E4180,B3354,S597,278,368,2
E4181,B3354,S597,297,387,2
E4184,B4409,S597,258,348,1
E4185,B4409,S597,276,366,2
E4186,B4409,S597,373,463,2
E4187,B4409,S597,385,475,2
E4188,B4409,S597,539,629,2
E4189,B4409,S597,624,714,2
E4190,B4690,S597,628,718,1
E4191,B4764,S597,249,339,3
E4192,B6520,S597,256,346,3
E4193,B6884,S597,283,373,3
E4194,B6884,S597,473,563,3
E4195,B9188,S597,583,673,2
E4196,B9188,S597,622,712,3
E4198,B0996,S598,532,622,3
E4197,B9188,S598,533,623,2
E4199,B2415,S599,252,342,2
E4200,B4409,S599,257,347,3
E4201,B4409,S599,554,644,1
E4202,B4409,S599,600,690,1
E4203,B4409,S599,604,694,1
E4204,B6884,S599,577,667,2
E4205,B6884,S599,605,695,1
E4240,B0824,S600,213,303,7
E4206,B1433,S600,228,318,2
E4207,B1468,S600,602,692,3
E4211,B1684,S600,256,389,3
E4212,B2415,S600,330,420,1
E4213,B2415,S600,629,719,1
E4214,B2521,S600,252,342,1
E4215,B2521,S600,272,362,1
E4216,B2521,S600,444,534,2
E4217,B2521,S600,569,659,1
E4218,B2521,S600,584,674,1
E4219,B2706,S600,288,378,2
E4220,B2706,S600,556,646,2
E4221,B3354,S600,608,698,1
E4222,B4216,S600,211,301,5
E4229,B4409,S600,295,385,3
E4230,B4409,S600,361,451,2
E4231,B4409,S600,523,613,1
E4232,B6884,S600,225,315,1
E4233,B6884,S600,227,317,1
E4234,B6884,S600,248,338,1
E4235,B6884,S600,285,375,3
E4236,B6884,S600,299,389,2
E4237,B6884,S600,389,479,2
E4238,B6884,S600,392,482,2
E4239,B7245,S600,393,483,4
E4241,B3354,S601,597,687,1
E4242,B3354,S601,613,703,1
E4245,B4409,S601,230,320,1
E4246,B5966,S601,597,687,1
E4247,B6884,S601,629,719,1
E4248,B2025,S602,403,493,4
E4249,B3354,S602,265,355,3
E4254,B2415,S603,239,329,1
E4255,B2814,S603,228,318,2
E4256,B3354,S603,616,706,3
E4257,B4409,S603,210,300,1
E4258,B4409,S603,275,365,1
E4259,B4409,S603,295,385,2
E4260,B4409,S603,600,690,1
E4261,B6884,S603,210,300,1
E4262,B6884,S603,228,318,2
E4263,B6884,S603,302,392,1
E4264,B6884,S603,593,683,1
E4265,B6884,S603,603,693,1
E4266,B6884,S603,624,714,2
E4267,B1468,S604,481,571,1
E4271,B1433,S605,237,327,10
E4272,B1468,S605,273,363,2
E4273,B1468,S605,537,627,14
E4274,B1468,S605,550,640,10
E4275,B1468,S605,599,689,12
E4276,B1468,S605,622,712,1
E4277,B2521,S605,215,305,13
E4278,B2521,S605,273,363,1
E4279,B2521,S605,357,447,14
E4280,B2521,S605,390,480,15
E4281,B2521,S605,532,622,12
E4282,B2521,S605,567,657,23
E4283,B2521,S605,574,664,23
E4284,B2521,S605,596,686,23
E4285,B2521,S605,614,704,23
E4286,B2521,S605,629,719,3
E4287,B2706,S605,214,304,3
E4288,B3354,S605,224,314,10
E4289,B3354,S605,592,682,14
E4290,B3354,S605,628,718,17
E4295,B4324,S605,496,586,9
E4302,B4409,S605,271,361,14
E4303,B4742,S605,485,575,14
E4304,B4764,S605,245,335,1
E4305,B6884,S605,238,328,14
E4306,B6884,S605,308,398,20
E4307,B6884,S605,599,689,13
E4309,B7906,S606,384,474,1
E4310,B2521,S607,213,303,1
E4311,B4324,S607,511,601,1
E4312,B9188,S607,506,596,1
E4315,B0315,S608,594,719,2
E4313,B1437,S608,222,312,4
E4314,B2388,S608,217,307,1
E4316,B4690,S608,623,713,2
E4324,B0007,S609,270,360,5
E4317,B1095,S609,240,489,3
E4319,B2794,S609,375,465,5
E4320,B3923,S609,222,312,4
E4321,B3923,S609,310,400,5
E4322,B3923,S609,612,702,3
E4323,B4435,S609,578,668,6
E4326,B2451,S610,283,373,1
E4338,B0007,S611,455,545,2
E4328,B1884,S611,431,521,1
E4329,B2643,S611,432,522,2
E4330,B2794,S611,350,440,1
E4331,B2810,S611,448,538,1
E4332,B3644,S611,287,377,1
E4333,B3644,S611,560,650,1
E4334,B3644,S611,580,670,1
E4335,B3644,S611,622,712,2
E4336,B3652,S611,434,524,1
E4337,B3652,S611,451,541,2
E4339,B7238,S611,225,315,1
E4349,B0356,S612,242,332,2
E4340,B1081,S612,259,349,4
E4343,B2475,S612,246,336,1
E4344,B2706,S612,576,694,1
E4345,B3158,S612,497,587,3
E4346,B3158,S612,580,670,1
E4347,B3253,S612,236,326,1
E4348,B3253,S612,575,665,2
E4350,B5751,S612,504,594,1
E4352,B7285,S612,248,338,1
E4353,B7285,S612,521,611,2
E4354,B7324,S612,583,673,1
E4355,B7528,S612,567,657,1
E4357,B8964,S612,255,345,2
E4358,B8964,S612,267,357,3
E4359,B8964,S612,285,375,5
E4360,B8964,S612,286,376,2
E4361,B8964,S612,499,589,1
E4370,B0356,S613,556,646,2
E4362,B1095,S613,231,481,1
E4363,B2451,S613,586,676,1
E4364,B2794,S613,262,352,1
E4365,B2794,S613,522,612,2
E4366,B2794,S613,556,646,1
E4367,B3253,S613,281,371,1
E4368,B3253,S613,345,435,2
E4369,B3253,S613,535,625,1
E4371,B3644,S613,259,349,1
E4372,B3644,S613,366,456,2
E4373,B3644,S613,448,538,1
E4374,B3644,S613,524,614,2
E4375,B3644,S613,550,640,2
E4376,B3644,S613,604,694,1
E4377,B4435,S613,259,349,1
E4378,B4435,S613,308,398,1
E4379,B4951,S613,233,323,1
E4381,B7694,S613,227,317,2
E4382,B7694,S613,276,366,2
E4386,B2451,S614,418,508,3
E4387,B3253,S614,411,501,2
E4388,B3253,S614,487,577,2
E4389,B3259,S614,581,671,1
E4390,B3644,S614,216,306,5
E4391,B3644,S614,226,316,2
E4392,B3644,S614,245,335,1
E4393,B3644,S614,599,689,3
E4394,B4435,S614,271,361,1
E4395,B4435,S614,530,620,1
E4398,B7694,S614,519,609,1
E4399,B7694,S614,615,705,1
E4400,B1095,S615,528,779,1
E4403,B1946,S615,236,326,1
E4404,B2451,S615,211,301,1
E4405,B2794,S615,257,347,1
E4406,B3253,S615,560,650,1
E4407,B3644,S615,235,325,1
E4408,B3644,S615,265,355,1
E4409,B3644,S615,280,370,1
E4410,B3644,S615,527,617,1
E4411,B3644,S615,567,657,1
E4412,B3644,S615,608,698,1
E4413,B3644,S616,624,714,2
E4414,B7238,S616,228,318,3
E4417,B2451,S617,248,338,4
E4418,B2451,S617,299,389,7
E4419,B2451,S617,362,452,4
E4420,B2451,S617,508,598,5
E4421,B2451,S617,553,643,9
E4422,B2451,S617,611,701,10
E4424,B3253,S617,226,316,7
E4425,B3253,S617,265,355,7
E4426,B3644,S617,246,336,14
E4427,B3644,S617,265,355,8
E4428,B3644,S617,532,622,1
E4429,B3644,S617,548,638,8
E4430,B3644,S617,583,673,7
E4431,B3644,S617,599,689,11
E4432,B3644,S617,612,702,17
E4433,B3923,S617,221,311,14
E4434,B3923,S617,449,539,8
E4435,B3923,S617,511,601,1
E4436,B3923,S617,590,680,7
E4438,B7694,S617,609,699,9
E4439,B1095,S618,243,493,1
E4442,B2451,S618,234,324,2
E4443,B2451,S618,618,708,1
E4444,B3253,S618,256,346,2
E4445,B3259,S618,575,665,2
E4446,B3644,S618,236,326,2
E4447,B3644,S618,245,335,1
E4448,B3644,S618,470,560,1
E4449,B3644,S618,577,667,1
E4450,B4435,S618,230,320,1
E4451,B4435,S618,601,691,2
E4452,B7694,S618,243,333,1
E4457,B2451,S619,223,313,4
E4458,B2451,S619,242,332,2
E4459,B2451,S619,303,393,1
E4460,B2794,S619,225,315,3
E4461,B2794,S619,349,439,1
E4462,B2794,S619,531,621,2
E4463,B2794,S619,601,691,2
E4466,B3253,S619,331,421,2
E4467,B3253,S619,625,715,2
E4468,B3644,S619,220,310,4
E4469,B3644,S619,226,316,2
E4470,B3644,S619,244,334,3
E4471,B3644,S619,298,388,4
E4472,B3644,S619,326,416,1
E4474,B2451,S620,408,498,1
E4475,B3923,S620,589,679,1
E4476,B7238,S620,278,368,1
E4504,B0634,S621,298,388,1
E4477,B1095,S621,247,497,1
E4479,B1095,S621,423,673,1
E4484,B2451,S621,240,330,1
E4485,B2451,S621,244,334,2
E4486,B2451,S621,382,472,1
E4487,B2451,S621,423,513,1
E4488,B2451,S621,452,542,2
E4489,B2451,S621,628,718,1
E4490,B2706,S621,629,750,2
E4491,B3253,S621,210,300,2
E4492,B3253,S621,216,306,1
E4493,B3644,S621,251,341,1
E4494,B3644,S621,290,380,1
E4495,B3644,S621,583,673,1
E4496,B3644,S621,600,690,2
E4497,B3644,S621,614,704,4
E4498,B4435,S621,230,320,1
E4499,B4435,S621,288,378,1
E4500,B4435,S621,548,638,2
E4501,B4435,S621,629,719,2
E4506,B7694,S621,614,704,2
E4507,B7694,S621,620,710,2
E4510,B2451,S622,558,648,1
E4511,B2706,S622,543,664,2
E4512,B3253,S622,314,404,1
E4513,B3644,S622,242,332,1
E4514,B3644,S622,284,374,2
E4515,B3644,S622,335,425,1
E4516,B3923,S622,221,311,2
E4517,B3259,S623,292,382,1
E4518,B3644,S623,241,331,1
E4519,B7694,S623,600,690,1
E4520,B2451,S624,249,339,1
E4521,B2794,S624,278,368,1
E4522,B2794,S624,569,659,1
E4523,B4435,S624,350,440,1
E4526,B2451,S625,240,330,1
E4528,B3644,S625,276,366,1
E4529,B3644,S625,562,652,1
E4530,B3644,S625,606,696,1
E4531,B2794,S626,622,712,1
E4533,B3644,S626,268,358,2
E4534,B3644,S626,471,561,2
E4535,B4435,S626,593,683,2
E4551,B0096,S627,566,656,2
E4538,B2451,S627,232,322,1
E4539,B2451,S627,314,404,3
E4540,B2451,S627,590,680,2
E4541,B2451,S627,607,697,1
E4542,B2794,S627,222,312,1
E4543,B2794,S627,599,689,1
E4545,B3644,S627,210,300,2
E4546,B3644,S627,214,304,3
E4547,B3644,S627,232,322,2
E4548,B3644,S627,548,638,4
E4549,B3644,S627,606,696,2
E4550,B7694,S627,519,609,2
E4554,B2451,S628,302,392,3
E4556,B3253,S628,374,464,2
E4557,B3253,S628,581,671,1
E4558,B3253,S628,611,701,2
E4559,B3644,S628,497,587,1
E4568,B2451,S629,280,370,1
E4569,B2451,S629,384,474,1
E4570,B2451,S629,552,642,2
E4571,B2794,S629,218,308,1
E4572,B2794,S629,260,350,2
E4573,B2794,S629,361,451,1
E4574,B2794,S629,514,604,1
E4575,B3253,S629,224,314,2
E4576,B3253,S629,519,609,3
E4577,B3253,S629,580,670,1
E4578,B3253,S629,613,703,1
E4579,B3644,S629,218,308,1
E4582,B3644,S629,274,364,1
E4583,B3644,S629,310,400,1
E4584,B3644,S629,516,606,1
E4585,B3644,S629,569,659,1
E4586,B3644,S629,593,683,2
E4587,B3644,S629,601,691,1
E4588,B3644,S629,625,715,2
E4589,B3923,S629,218,308,2
E4592,B3923,S629,395,485,2
E4594,B4435,S629,581,671,1
E4595,B4435,S629,611,701,1
E4596,B4435,S629,620,710,1
E4599,B7694,S629,235,325,1
E4634,B0096,S630,345,435,1
E4635,B0096,S630,617,707,1
E4629,B0634,S630,607,697,1
E4633,B0841,S630,374,464,1
E4600,B1095,S630,582,832,1
E4605,B2451,S630,210,300,1
E4608,B2451,S630,297,387,2
E4609,B2451,S630,421,511,1
E4610,B2451,S630,463,553,1
E4611,B2794,S630,429,519,1
E4612,B2794,S630,586,676,1
E4613,B3253,S630,297,387,1
E4614,B3253,S630,325,415,1
E4615,B3253,S630,575,665,1
E4616,B3644,S630,220,310,2
E4617,B3644,S630,227,317,1
E4618,B3644,S630,281,371,1
E4619,B3644,S630,480,570,1
E4620,B3644,S630,553,643,3
E4621,B3644,S630,584,674,2
E4622,B3644,S630,593,683,1
E4623,B4435,S630,214,304,1
E4626,B4435,S630,297,387,2
E4627,B4435,S630,399,489,2
E4628,B4435,S630,601,691,2
E4636,B1095,S631,526,777,8
E4638,B1782,S631,389,479,9
E4639,B2451,S631,502,592,11
E4640,B2451,S631,605,695,4
E4641,B2706,S631,627,749,6
E4642,B2794,S631,597,687,8
E4643,B3253,S631,518,608,8
E4644,B3253,S631,626,716,4
E4645,B3644,S631,609,699,11
E4646,B3923,S631,532,622,7
E4647,B3923,S631,620,710,7
E4649,B2451,S632,606,696,3
E4650,B3644,S632,458,548,2
E4651,B4435,S632,459,549,3
E4654,B1782,S633,529,619,10
E4655,B2451,S633,512,602,4
E4656,B3253,S633,587,677,3
E4657,B3644,S633,479,569,3
E4658,B3644,S633,576,666,3
E4673,B0561,S634,546,714,3
E4659,B1300,S634,250,340,1
E4661,B2807,S634,246,336,1
E4662,B2807,S634,490,580,1
E4664,B3545,S634,601,812,3
E4665,B4435,S634,529,619,2
E4666,B4951,S634,214,304,3
E4667,B4951,S634,267,357,3
E4668,B4951,S634,276,366,2
E4669,B4951,S634,293,383,2
E4670,B4951,S634,580,670,5
E4672,B4994,S634,337,510,1
E4675,B6100,S634,556,646,4
E4678,B6148,S634,332,422,1
E4681,B6358,S634,365,566,1
E4700,B0561,S635,288,457,1
E4694,B4951,S635,439,529,1
E4699,B4994,S635,540,714,2
E4702,B6148,S635,454,544,1
E4706,B2807,S636,215,305,1
E4707,B3545,S636,572,785,1
E4708,B4951,S636,225,315,2
E4711,B9205,S636,513,725,1
E4715,B6148,S637,407,497,1
E4725,B0561,S639,283,452,1
E4726,B0561,S639,555,724,2
E4727,B0561,S639,557,726,1
E4718,B4951,S639,218,308,1
E4763,B5520,S642,279,748,2
E4764,B6148,S642,362,452,1
E4789,B0561,S643,256,427,1
E4792,B6714,S643,250,465,1
E4815,B3545,S648,570,785,1
E4821,B3545,S649,219,432,1
E4822,B3545,S649,443,656,1
