D0125,A022,0,0,68,F1694
D0125,A022,0,0,65,F1744
D0125,B1285,1,31,-68,F1694
D0125,B6666,34,63,-65,F1744
D0125,A022,66,66,46,F1702
D0125,A022,66,66,82,F1688
D0125,B1990,69,94,-46,F1702
D0125,B0468,98,130,-82,F1688
D0125,S101,146,292,4,E1439
D0125,B6540,511,522,-4,E1439
D0126,A024,0,0,54,F1905
D0126,B1499,0,27,-54,F1905
D0126,A024,27,27,44,F1917
D0126,A024,27,27,7,F1907
D0126,A024,27,27,31,F1932
D0126,A024,27,27,50,F1947
D0126,B2724,33,58,-44,F1917
D0126,B3888,63,85,-31,F1932
D0126,A024,90,90,62,F1980
D0126,B1740,98,111,-7,F1907
D0126,B8681,120,149,-62,F1980
D0126,A024,156,156,26,F1964
D0126,A024,156,156,64,F1904
D0126,B7214,162,182,-26,F1964
D0126,B1389,186,215,-64,F1904
D0126,S260,220,229,3,E2186
D0126,S224,237,238,1,E2008
D0126,S259,246,251,1,E2157
D0126,S262,251,254,2,E2237
D0126,S260,254,262,1,E2178
D0126,S266,262,263,2,E2288
D0126,S259,263,265,4,E2166
D0126,B3186,267,275,-1,E2178
D0126,B2487,283,291,-1,E2008
D0126,S266,301,302,2,E2289
D0126,B0454,303,311,-1,E2157
D0126,B4036,312,322,-3,E2186
D0126,B0454,323,332,-2,E2288
D0126,B0454,332,341,-2,E2237
D0126,S266,342,342,2,E2282
D0126,B4036,342,351,-2,E2282
D0126,S260,351,351,2,E2210
D0126,B7948,353,364,-4,E2166
D0126,B0454,366,375,-2,E2289
D0126,B7948,377,386,-2,E2210
D0126,B5175,390,416,-50,F1947
D0126,A024,426,426,57,F1981
D0126,A024,426,426,82,F1898
D0126,B0677,428,460,-82,F1898
D0126,A024,462,462,52,F1975
D0126,B8031,465,492,-52,F1975
D0126,S208,502,507,1,E1905
D0126,B7803,508,516,-1,E1905
D0126,B8738,526,554,-57,F1981
D0126,S181,559,561,14,E1767
D0126,B4753,563,579,-14,E1767
D0126,S188,583,589,2,E1783
D0126,B2108,591,600,-2,E1783
D0127,A025,0,0,56,F2047
D0127,A025,0,0,80,F2109
D0127,B3696,4,31,-56,F2047
D0127,A025,35,35,36,F2137
D0127,B8749,41,64,-36,F2137
D0127,B7062,66,98,-80,F2109
D0127,A025,105,105,68,F2012
D0127,A025,105,105,60,F2062
D0127,B1606,113,143,-68,F2012
D0127,A025,151,151,42,F2032
D0127,A025,151,151,34,F2034
D0127,B2857,163,187,-42,F2032
D0127,B2994,189,211,-34,F2034
D0127,B4487,219,247,-60,F2062
D0127,A025,251,251,59,F2018
D0127,A025,251,251,68,F2133
D0127,B8474,253,283,-68,F2133
D0127,A025,285,285,43,F2132
D0127,A025,285,285,30,F2116
D0127,B2022,294,322,-59,F2018
D0127,S430,328,330,3,E3199
D0127,B4240,334,344,-3,E3199
D0127,A025,350,350,56,F2029
D0127,B8443,364,389,-43,F2132
D0127,B7667,391,412,-30,F2116
D0127,B2772,420,447,-56,F2029
D0127,S413,456,481,3,E2997
D0127,B6097,482,492,-3,E2997
D0127,A028,514,514,28,F2338
D0127,A028,514,514,24,F2411
D0127,A028,514,514,65,F2361
D0127,B7901,518,538,-24,F2411
D0127,B3488,545,574,-65,F2361
D0127,B1260,579,600,-28,F2338
D0128,A018,0,0,22,F1164
D0128,A018,0,0,27,F1157
D0128,B4456,2,21,-22,F1164
D0128,B3517,24,45,-27,F1157
D0128,A018,49,49,22,F1152
D0128,A018,49,49,71,F1132
D0128,A018,49,49,36,F1189
D0128,A018,49,49,9,F1166
D0128,B1524,59,89,-71,F1132
D0128,B2968,101,120,-22,F1152
D0128,S555,203,211,1,E3893
D0128,B5962,214,222,-1,E3893
D0128,A018,311,311,40,F1168
D0128,A018,311,311,18,F1162
D0128,A018,311,311,11,F1139
D0128,B7316,324,347,-36,F1189
D0128,B4584,351,365,-9,F1166
D0128,B1930,369,384,-11,F1139
D0128,A018,397,397,31,F1190
D0128,A018,397,397,48,F1117
D0128,B0216,412,438,-48,F1117
D0128,A018,453,453,5,F1141
D0128,A018,453,453,44,F1134
D0128,B7324,460,482,-31,F1190
D0128,B1618,485,510,-44,F1134
D0128,B4880,512,536,-40,F1168
D0128,B4303,553,571,-18,F1162
D0128,B2272,575,587,-5,F1141
D0129,A009,0,0,11,F0581
D0129,A009,0,0,26,F0595
D0129,A009,0,0,52,F0572
D0129,A009,0,0,48,F0552
D0129,B3012,10,36,-48,F0552
D0129,A009,46,46,17,F0555
D0129,A009,46,46,6,F0573
D0129,A009,46,46,16,F0528
D0129,B6898,55,75,-26,F0595
D0129,B1075,78,95,-16,F0528
D0129,A009,106,106,40,F0535
D0129,B6246,120,135,-11,F0581
D0129,B1672,144,168,-40,F0535
D0129,B3512,179,196,-17,F0555
D0129,A009,218,218,17,F0549
D0129,A009,218,218,38,F0525
D0129,B2860,236,253,-17,F0549
D0129,A009,271,271,43,F0566
D0129,B5299,302,314,-6,F0573
D0129,B1000,324,347,-38,F0525
D0129,B5228,356,383,-52,F0572
D0129,B4685,385,410,-43,F0566
D0129,A017,454,454,10,F1081
D0129,A017,454,454,22,F1035
D0129,B1467,462,481,-22,F1035
D0129,A017,489,489,9,F1032
D0129,B1150,501,515,-9,F1032
D0129,B5447,525,539,-10,F1081
D0130,A020,0,0,2,F1560
D0130,A020,0,0,5,F1353
D0130,A020,0,0,44,F1487
D0130,A020,0,0,75,F1384
D0130,A020,0,0,13,F1415
D0130,B6850,27,52,-44,F1487
D0130,B2904,60,91,-75,F1384
D0130,B3948,127,143,-13,F1415
D0130,A020,160,160,29,F1402
D0130,B3503,192,213,-29,F1402
D0130,B1903,262,274,-5,F1353
D0130,A020,299,299,9,F1407
D0130,A020,299,299,10,F1430
D0130,A020,299,299,4,F1454
D0130,A020,299,299,56,F1413
D0130,A020,299,299,24,F1440
D0130,A020,299,299,26,F1530
D0130,A020,299,299,5,F1485
D0130,B3636,302,316,-9,F1407
D0130,A020,319,319,13,F1471
D0130,B4572,340,354,-10,F1430
D0130,B6824,380,392,-5,F1485
D0130,B8248,407,427,-26,F1530
D0130,B3859,435,462,-56,F1413
D0130,B5586,488,499,-4,F1454
D0130,B6211,508,524,-13,F1471
D0130,B5021,537,557,-24,F1440
D0130,B9087,577,586,-2,F1560
D0131,A010,0,0,35,F0625
D0131,A010,0,0,82,F0619
D0131,B2235,3,26,-35,F0625
D0131,B1286,28,60,-82,F0619
D0131,A010,61,61,81,F0637
D0131,B7079,63,95,-81,F0637
D0131,A022,138,138,48,F1724
D0131,B4603,140,166,-48,F1724
D0131,S236,208,212,1,E2059
D0131,B4344,214,222,-1,E2059
D0131,S346,234,241,1,E2739
D0131,B3793,242,250,-1,E2739
D0131,S352,252,259,1,E2757
D0131,A015,264,264,50,F0919
D0131,B7464,270,296,-50,F0919
D0131,B3401,302,310,-1,E2757
D0131,A024,330,330,23,F1943
D0131,A024,330,330,55,F1929
D0131,B3574,338,365,-55,F1929
D0131,A024,373,373,98,F1961
D0131,B4842,376,395,-23,F1943
D0131,B6976,401,436,-98,F1961
D0131,S211,438,442,2,E1930
D0131,A015,469,469,78,F0928
D0131,B8686,472,503,-78,F0928
D0131,B3888,532,541,-2,E1930
D0131,S211,542,564,1,E1927
D0131,B0359,565,573,-1,E1927
D0132,A004,0,0,50,F0135
D0132,A004,0,0,90,F0144
D0132,B3921,2,35,-90,F0144
D0132,A004,37,37,90,F0146
D0132,B4321,42,75,-90,F0146
D0132,A004,80,80,85,F0141
D0132,B1277,86,112,-50,F0135
D0132,B3127,113,146,-85,F0141
D0132,A025,176,176,51,F2113
D0132,B7536,189,215,-51,F2113
D0132,S483,239,241,10,E3461
D0132,S495,244,245,3,E3562
D0132,S486,248,254,3,E3477
D0132,S495,257,260,4,E3565
D0132,B0833,262,273,-4,E3565
D0132,B0540,277,287,-3,E3477
D0132,S494,291,291,2,E3539
D0132,S495,291,293,2,E3563
D0132,B7533,294,304,-3,E3562
D0132,B7533,304,313,-2,E3563
D0132,B6890,318,332,-10,E3461
D0132,B0540,337,346,-2,E3539
D0132,S352,372,375,1,E2758
D0132,B4531,377,385,-1,E2758
D0132,S483,412,419,13,E3455
D0132,S494,422,425,3,E3537
D0132,S493,426,441,2,E3528
D0132,B3415,449,459,-3,E3537
D0132,S483,465,465,9,E3462
D0132,B6890,466,480,-9,E3462
D0132,S494,484,485,1,E3551
D0132,B8742,486,494,-1,E3551
D0132,B3750,500,516,-13,E3455
D0132,B2674,521,530,-2,E3528
D0132,S495,531,543,1,E3561
D0132,B6150,545,553,-1,E3561
D0132,S498,566,579,2,E3573
D0132,B5531,585,594,-2,E3573
D0133,A006,0,0,9,F0284
D0133,A006,0,0,55,F0218
D0133,A006,0,0,23,F0256
D0133,A006,0,0,45,F0238
D0133,B4401,2,21,-23,F0256
D0133,A006,23,23,21,F0206
D0133,B6645,34,48,-9,F0284
D0133,B2915,59,84,-45,F0238
D0133,B0333,94,113,-21,F0206
D0133,B1098,122,149,-55,F0218
D0133,A006,156,156,20,F0280
D0133,B6226,166,184,-20,F0280
D0133,S266,221,222,3,E2301
D0133,B7948,224,234,-3,E2301
D0133,S265,237,238,1,E2271
D0133,B7948,241,249,-1,E2271
D0133,S224,257,258,1,E2010
D0133,B2487,260,268,-1,E2010
D0133,A024,271,271,66,F1962
D0133,A024,271,271,58,F1958
D0133,S174,277,290,1,E1746
D0133,S185,298,306,2,E1779
D0133,B8025,308,317,-2,E1779
D0133,B8102,323,331,-1,E1746
D0133,B6528,337,365,-58,F1958
D0133,S269,374,374,1,E2328
D0133,B4638,377,385,-1,E2328
D0133,B6997,391,420,-66,F1962
D0133,S208,429,499,6,E1899
D0133,B6772,500,512,-6,E1899
D0133,A022,551,551,39,F1764
D0133,B8992,555,579,-39,F1764
D0134,A021,0,0,10,F1650
D0134,A021,0,0,5,F1579
D0134,A021,0,0,66,F1615
D0134,B4512,8,37,-66,F1615
D0134,A021,45,45,55,F1670
D0134,B8054,47,74,-55,F1670
D0134,A021,76,76,20,F1566
D0134,A021,76,76,6,F1618
D0134,A021,76,76,45,F1589
D0134,A021,76,76,9,F1629
D0134,A021,76,76,18,F1616
D0134,A021,76,76,19,F1577
D0134,B1266,80,98,-19,F1577
D0134,B2359,107,132,-45,F1589
D0134,A021,140,140,40,F1585
D0134,A021,140,140,24,F1673
D0134,B1721,146,158,-5,F1579
D0134,A021,164,164,9,F1609
D0134,B4965,186,200,-9,F1629
D0134,B8308,209,229,-24,F1673
D0134,B4528,234,252,-18,F1616
D0134,B0357,255,273,-20,F1566
D0134,B2207,280,304,-40,F1585
D0134,B6806,315,329,-10,F1650
D0134,B3975,335,349,-9,F1609
D0134,B4658,357,369,-6,F1618
D0134,A020,412,412,89,F1389
D0134,A020,412,412,22,F1438
D0134,A020,412,412,13,F1486
D0134,B6829,446,462,-13,F1486
D0134,B4981,492,511,-22,F1438
D0134,B3083,543,576,-89,F1389
D0135,A013,0,0,51,F0849
D0135,A013,0,0,81,F0853
D0135,B6104,1,27,-51,F0849
D0135,B8598,34,66,-81,F0853
D0135,A013,74,74,73,F0843
D0135,A013,74,74,62,F0834
D0135,B5396,77,108,-73,F0843
D0135,B1950,110,139,-62,F0834
D0135,S225,165,224,1,E2025
D0135,B2859,233,241,-1,E2025
D0135,S247,252,267,3,E2106
D0135,B2450,269,279,-3,E2106
D0135,S153,288,333,4,E1639
D0135,B3431,343,354,-4,E1639
D0135,A031,521,521,5,F2712
D0135,B0885,585,597,-5,F2712
D0136,A029,0,0,87,F2454
D0136,B2906,12,45,-87,F2454
D0136,A022,70,70,19,F1704
D0136,A022,70,70,40,F1750
D0136,B2243,74,92,-19,F1704
D0136,B7242,95,119,-40,F1750
D0136,A029,147,147,74,F2481
D0136,B6446,151,182,-74,F2481
D0136,A029,186,186,11,F2495
D0136,A029,186,186,46,F2439
D0136,A029,186,186,64,F2434
D0136,B7563,192,207,-11,F2495
D0136,S111,213,213,2,E1489
D0136,B0810,215,244,-64,F2434
D0136,B0246,249,258,-2,E1489
D0136,S133,260,262,1,E1557
D0136,S135,262,267,3,E1573
D0136,S135,267,270,1,E1567
D0136,B8714,270,280,-3,E1573
D0136,B2100,281,289,-1,E1567
D0136,B2100,289,297,-1,E1557
D0136,S334,321,322,1,E2633
D0136,B9207,348,356,-1,E2633
D0136,A029,372,372,90,F2447
D0136,B1520,385,410,-46,F2439
D0136,B2369,417,450,-90,F2447
D0136,A016,473,473,33,F0972
D0136,A016,473,473,69,F0944
D0136,B4279,477,499,-33,F0972
D0136,B1426,505,535,-69,F0944
D0136,S141,552,584,3,E1590
D0136,B0829,590,600,-3,E1590
D0137,A012,0,0,72,F0730
D0137,A012,0,0,55,F0737
D0137,B3028,15,45,-72,F0730
D0137,B3611,50,77,-55,F0737
D0137,A012,90,90,21,F0755
D0137,A012,90,90,16,F0786
D0137,A012,90,90,71,F0713
D0137,B7292,110,127,-16,F0786
D0137,B2188,136,166,-71,F0713
D0137,A012,177,177,11,F0791
D0137,A012,177,177,44,F0724
D0137,A012,177,177,31,F0741
D0137,A012,177,177,17,F0686
D0137,B4956,186,205,-21,F0755
D0137,B0718,214,231,-17,F0686
D0137,A012,242,242,47,F0704
D0137,B3993,255,277,-31,F0741
D0137,S086,288,291,3,E1380
D0137,B0049,296,306,-3,E1380
D0137,B7378,320,335,-11,F0791
D0137,A029,370,370,34,F2479
D0137,B6037,382,404,-34,F2479
D0137,B2816,452,477,-44,F0724
D0137,B1725,480,506,-47,F0704
D0137,S086,508,512,1,E1381
D0137,B0049,517,525,-1,E1381
D0137,A012,542,542,8,F0752
D0137,A012,542,542,41,F0678
D0137,B0381,548,572,-41,F0678
D0137,B4810,578,591,-8,F0752
D0138,A027,0,0,41,F2302
D0138,A027,0,0,31,F2284
D0138,B7639,6,30,-41,F2302
D0138,B5771,36,58,-31,F2284
D0138,A027,67,67,73,F2308
D0138,A027,67,67,65,F2278
D0138,B5077,73,102,-65,F2278
D0138,A027,108,108,51,F2304
D0138,B8596,117,148,-73,F2308
D0138,B7880,150,176,-51,F2304
D0138,A003,199,199,43,F0090
D0138,A003,199,199,73,F0112
D0138,B1972,202,227,-43,F0090
D0138,S295,229,233,1,E2434
D0138,B8708,237,245,-1,E2434
D0138,S306,256,257,1,E2465
D0138,B2635,261,269,-1,E2465
D0138,S131,302,306,1,E1542
D0138,S133,306,310,1,E1558
D0138,B1284,312,320,-1,E1542
D0138,B0246,323,331,-1,E1558
D0138,A027,346,346,23,F2282
D0138,B5533,348,367,-23,F2282
D0138,B5623,398,429,-73,F0112
D0138,S173,440,444,1,E1725
D0138,B1251,445,453,-1,E1725
D0138,S240,457,484,6,E2085
D0138,B3714,486,498,-6,E2085
D0138,S330,511,537,2,E2570
D0138,B6792,539,548,-2,E2570
D0138,A015,558,558,52,F0889
D0138,B1577,562,589,-52,F0889
D0139,A003,0,0,56,F0113
D0139,A027,34,34,77,F2265
D0139,B3506,43,74,-77,F2265
D0139,B5900,99,126,-56,F0113
D0139,A003,126,126,58,F0079
D0139,A003,126,126,65,F0111
D0139,B5289,130,159,-65,F0111
D0139,A003,163,163,80,F0119
D0139,B0149,166,194,-58,F0079
D0139,S208,201,212,15,E1894
D0139,B0397,215,232,-15,E1894
D0139,S205,232,235,3,E1880
D0139,S218,237,237,2,E1982
D0139,B0397,239,249,-3,E1880
D0139,S221,252,254,1,E1998
D0139,S208,255,265,14,E1908
D0139,B4289,268,277,-2,E1982
D0139,S326,286,287,2,E2556
D0139,B2304,288,297,-2,E2556
D0139,B9208,315,331,-14,E1908
D0139,S218,338,339,3,E1975
D0139,B6772,339,347,-1,E1998
D0139,B6710,354,386,-80,F0119
D0139,B1402,397,407,-3,E1975
D0139,S221,414,414,2,E1993
D0139,S245,418,420,1,E2103
D0139,A003,425,425,23,F0109
D0139,B4934,427,446,-23,F0109
D0139,A003,448,448,34,F0129
D0139,B8300,453,461,-1,E2103
D0139,B8805,462,484,-34,F0129
D0139,B3330,490,499,-2,E1993
D0139,S268,505,506,1,E2320
D0139,B5821,512,520,-1,E2320
D0139,S221,530,553,2,E1991
D0139,S243,564,570,2,E2096
D0139,B8907,577,586,-2,E2096
D0139,B2148,588,597,-2,E1991
D0140,A023,0,0,12,F1783
D0140,A023,0,0,52,F1843
D0140,B5086,9,36,-52,F1843
D0140,A023,45,45,8,F1862
D0140,A023,45,45,18,F1837
D0140,A023,45,45,13,F1844
D0140,A023,45,45,43,F1834
D0140,A023,45,45,46,F1816
D0140,B3165,53,78,-46,F1816
D0140,A023,86,86,20,F1768
D0140,A023,86,86,12,F1869
D0140,B0948,94,109,-12,F1783
D0140,B6885,117,130,-8,F1862
D0140,B7416,135,150,-12,F1869
D0140,A006,166,166,37,F0215
D0140,B0781,177,200,-37,F0215
D0140,A006,211,211,11,F0245
D0140,A023,237,237,33,F1867
D0140,B3320,255,270,-11,F0245
D0140,B5114,279,295,-13,F1844
D0140,A023,313,313,6,F1860
D0140,A023,313,313,15,F1801
D0140,B4542,340,365,-43,F1834
D0140,A023,392,392,12,F1810
D0140,B0059,416,434,-20,F1768
D0140,B2113,456,473,-15,F1801
D0140,B7241,486,508,-33,F1867
D0140,B4671,515,533,-18,F1837
D0140,B2700,545,560,-12,F1810
D0140,B6696,578,590,-6,F1860
D0141,A015,0,0,66,F0885
D0141,B0825,2,31,-66,F0885
D0141,A015,33,33,74,F0912
D0141,A015,33,33,65,F0917
D0141,B7219,34,63,-65,F0917
D0141,A015,64,64,54,F0891
D0141,B1968,71,98,-54,F0891
D0141,B5996,100,131,-74,F0912
D0141,S267,150,227,1,E2316
D0141,B5488,438,446,-1,E2316
D0142,A028,0,0,44,F2367
D0142,B4069,13,38,-44,F2367
D0142,A028,51,51,73,F2346
D0142,A028,51,51,54,F2365
D0142,B2068,59,90,-73,F2346
D0142,B4026,102,129,-54,F2365
D0142,A028,146,146,10,F2371
D0142,A028,146,146,28,F2380
D0142,A028,146,146,14,F2388
D0142,A028,146,146,82,F2326
D0142,B6129,151,167,-14,F2388
D0142,B4437,181,195,-10,F2371
D0142,B0561,208,240,-82,F2326
D0142,B5290,248,269,-28,F2380
D0142,A028,275,275,44,F2376
D0142,A028,275,275,96,F2327
D0142,B5167,285,310,-44,F2376
D0142,A028,320,320,40,F2370
D0142,B4375,325,349,-40,F2370
D0142,A028,354,354,42,F2328
D0142,B0680,376,410,-96,F2327
D0142,S539,430,431,1,E3843
D0142,B0777,442,466,-42,F2328
D0142,A028,474,474,43,F2393
D0142,B6388,486,511,-43,F2393
D0142,B8695,519,527,-1,E3843
D0142,S551,538,542,2,E3875
D0142,B2080,545,554,-2,E3875
D0142,S550,557,579,1,E3873
D0142,B7900,580,588,-1,E3873
D0143,A001,0,0,77,F0005
D0143,B3889,3,34,-77,F0005
D0143,A007,91,91,6,F0378
D0143,A007,91,91,11,F0377
D0143,A007,91,91,14,F0392
D0143,B8530,104,120,-14,F0392
D0143,B6844,133,148,-11,F0377
D0143,B6870,158,170,-6,F0378
D0143,S416,217,224,4,E3040
D0143,B3949,228,239,-4,E3040
D0143,S425,245,263,2,E3119
D0143,S383,275,281,1,E2899
D0143,B5444,288,296,-1,E2899
D0143,B1179,315,324,-2,E3119
D0143,A007,374,374,58,F0319
D0143,B0840,385,413,-58,F0319
D0143,S410,459,461,1,E2978
D0143,S395,470,482,8,E2933
D0143,B4356,488,501,-8,E2933
D0143,S436,504,504,1,E3219
D0143,B5474,506,514,-1,E3219
D0143,S397,522,524,1,E2944
D0143,B8075,530,538,-1,E2944
D0143,B3701,551,559,-1,E2978
D0143,S419,567,573,2,E3057
D0143,S419,573,575,1,E3059
D0143,B3782,576,584,-1,E3059
D0143,B3037,591,600,-2,E3057
D0144,A007,0,0,96,F0338
D0144,B2521,14,48,-96,F0338
D0144,A007,62,62,30,F0367
D0144,A007,62,62,50,F0321
D0144,B5747,76,97,-30,F0367
D0144,B0921,122,148,-50,F0321
D0144,S395,214,225,14,E2939
D0144,B8598,274,290,-14,E2939
D0144,A031,443,443,4,F2807
D0144,B5395,460,471,-4,F2807
D0145,A026,0,0,42,F2167
D0145,A026,0,0,18,F2190
D0145,B4958,2,20,-18,F2190
D0145,A026,22,22,15,F2176
D0145,B3536,25,42,-15,F2176
D0145,A026,45,45,40,F2230
D0145,B8458,58,82,-40,F2230
D0145,B2335,84,108,-42,F2167
D0145,A007,142,142,12,F0376
D0145,A007,142,142,92,F0347
D0145,A007,142,142,23,F0375
D0145,B6611,148,163,-12,F0376
D0145,B6535,174,193,-23,F0375
D0145,B3524,196,230,-92,F0347
D0145,S544,257,259,1,E3853
D0145,B2689,262,270,-1,E3853
D0145,S539,282,285,4,E3841
D0145,B8695,287,298,-4,E3841
D0145,A025,325,325,63,F2039
D0145,B3323,333,362,-63,F2039
D0145,S445,365,383,1,E3250
D0145,A025,391,391,49,F2123
D0145,B8216,401,427,-49,F2123
D0145,A015,448,448,97,F0882
D0145,B6105,462,470,-1,E3250
D0145,B0258,481,516,-97,F0882
D0146,A014,0,0,43,F0864
D0146,A025,18,18,60,F1997
D0146,B0597,28,56,-60,F1997
D0146,A006,81,81,58,F0203
D0146,A006,81,81,32,F0269
D0146,B0025,83,111,-58,F0203
D0146,B5569,113,135,-32,F0269
D0146,A006,139,139,39,F0224
D0146,A006,139,139,8,F0309
D0146,A006,139,139,35,F0273
D0146,B5943,145,168,-35,F0273
D0146,B8682,174,187,-8,F0309
D0146,B1591,192,216,-39,F0224
D0146,S319,244,247,1,E2515
D0146,B2973,247,272,-43,F0864
D0146,S321,278,296,1,E2523
D0146,B5652,306,314,-1,E2523
D0146,B0442,332,340,-1,E2515
D0146,A006,380,380,15,F0239
D0146,A006,380,380,37,F0243
D0146,B2925,410,427,-15,F0239
D0146,B2971,461,484,-37,F0243
D0146,S262,517,521,1,E2256
D0146,S264,523,524,1,E2266
D0146,B0454,525,533,-1,E2266
D0146,S262,534,544,1,E2257
D0146,S259,544,544,1,E2159
D0146,S262,544,546,1,E2227
D0146,B0454,547,555,-1,E2159
D0146,S266,556,558,2,E2284
D0146,B4036,558,567,-2,E2284
D0146,B7948,568,576,-1,E2256
D0146,B3186,578,586,-1,E2227
D0146,B7948,588,596,-1,E2257
D0147,A016,0,0,23,F0995
D0147,A016,0,0,40,F0942
D0147,A016,0,0,55,F0936
D0147,B6735,12,31,-23,F0995
D0147,B1314,35,59,-40,F0942
D0147,B0445,63,90,-55,F0936
D0147,A016,104,104,43,F0983
D0147,A016,104,104,43,F0934
D0147,B5436,113,138,-43,F0983
D0147,B0223,150,175,-43,F0934
D0147,A016,179,179,54,F0957
D0147,A016,179,179,81,F0951
D0147,B2117,182,214,-81,F0951
D0147,A016,217,217,24,F0973
D0147,A016,217,217,40,F0977
D0147,B4961,222,246,-40,F0977
D0147,S307,254,254,1,E2472
D0147,B2530,256,264,-1,E2472
D0147,S428,293,293,2,E3170
D0147,S414,295,300,1,E3010
D0147,B5474,301,310,-2,E3170
D0147,S415,310,310,1,E3030
D0147,B5474,310,318,-1,E3010
D0147,B5581,321,329,-1,E3030
D0147,S398,331,339,1,E2945
D0147,B2670,340,348,-1,E2945
D0147,A016,379,379,38,F1006
D0147,B8175,392,415,-38,F1006
D0147,A016,428,428,38,F0950
D0147,B1934,431,454,-38,F0950
D0147,S334,462,462,3,E2624
D0147,B0810,493,503,-3,E2624
D0147,B4414,514,534,-24,F0973
D0147,B2687,554,581,-54,F0957
D0148,A030,0,0,3,F2634
D0148,A030,0,0,3,F2534
D0148,A030,0,0,47,F2625
D0148,A030,0,0,12,F2665
D0148,A030,0,0,2,F2685
D0148,A030,0,0,43,F2523
D0148,A030,0,0,8,F2567
D0148,A030,0,0,19,F2529
D0148,A030,0,0,1,F2630
D0148,A030,0,0,1,F2628
D0148,B1511,19,29,-3,F2534
D0148,B3579,45,58,-8,F2567
D0148,B1259,63,81,-19,F2529
D0148,B9045,108,117,-2,F2685
D0148,B1050,131,156,-43,F2523
D0148,A030,161,161,41,F2589
D0148,A030,161,161,25,F2616
D0148,B8397,165,180,-12,F2665
D0148,A030,184,184,21,F2509
D0148,B6360,195,221,-47,F2625
D0148,A030,232,232,6,F2617
D0148,A030,232,232,15,F2679
D0148,A030,232,232,7,F2530
D0148,A030,232,232,4,F2571
D0148,B5884,244,264,-25,F2616
D0148,B6429,299,307,-1,F2628
D0148,B6826,355,365,-3,F2634
D0148,B0227,371,390,-21,F2509
D0148,B1366,405,418,-7,F2530
D0148,B6540,443,451,-1,F2630
D0148,B4545,477,501,-41,F2589
D0148,B3794,522,533,-4,F2571
D0148,B8876,546,563,-15,F2679
D0148,B5889,570,582,-6,F2617
D0149,A031,0,0,11,F2728
D0149,A031,0,0,6,F2870
D0149,A031,0,0,3,F2751
D0149,A031,0,0,54,F2718
D0149,B1236,6,33,-54,F2718
D0149,A031,39,39,5,F2812
D0149,A031,39,39,5,F2853
D0149,A031,39,39,19,F2774
D0149,A031,39,39,31,F2811
D0149,A031,39,39,5,F2790
D0149,A031,39,39,5,F2780
D0149,A031,39,39,8,F2813
D0149,A031,39,39,9,F2852
D0149,A031,39,39,1,F2695
D0149,A031,39,39,3,F2789
D0149,A031,39,39,8,F2754
D0149,A031,39,39,21,F2753
D0149,B5692,47,60,-8,F2813
D0149,B4138,85,97,-5,F2780
D0149,B5564,117,129,-5,F2812
D0149,B3030,153,166,-8,F2754
D0149,B4618,180,192,-5,F2790
D0149,B5555,207,229,-31,F2811
D0149,B3982,231,249,-19,F2774
D0149,B4592,288,298,-3,F2789
D0149,B2946,305,324,-21,F2753
D0149,B0198,351,359,-1,F2695
D0149,B8084,362,376,-9,F2852
D0149,B8144,386,398,-5,F2853
D0149,B9201,429,441,-6,F2870
D0149,B2821,471,481,-3,F2751
D0149,B1669,548,563,-11,F2728
D0150,A005,0,0,71,F0198
D0150,A005,0,0,28,F0162
D0150,B0546,5,26,-28,F0162
D0150,B7817,31,61,-71,F0198
D0150,A024,92,92,60,F1957
D0150,A024,92,92,68,F1919
D0150,B6331,96,124,-60,F1957
D0150,B2793,126,156,-68,F1919
D0150,S260,165,215,1,E2198
D0150,B0552,358,366,-1,E2198
D0150,A020,393,393,8,F1429
D0150,A020,393,393,3,F1483
D0150,A020,393,393,48,F1455
D0150,B6659,424,434,-3,F1483
D0150,B5589,460,486,-48,F1455
D0150,B4526,503,516,-8,F1429
D0151,A019,0,0,9,F1269
D0151,A019,0,0,5,F1254
D0151,A019,0,0,7,F1237
D0151,A019,0,0,31,F1295
D0151,A019,0,0,54,F1255
D0151,A019,0,0,17,F1219
D0151,A019,0,0,2,F1228
D0151,B8789,6,28,-31,F1295
D0151,B4790,31,58,-54,F1255
D0151,B6262,69,83,-9,F1269
D0151,B1864,93,102,-2,F1228
D0151,A020,127,127,22,F1553
D0151,A020,127,127,59,F1504
D0151,A020,127,127,14,F1548
D0151,A020,127,127,5,F1481
D0151,A020,127,127,10,F1502
D0151,B6569,131,143,-5,F1481
D0151,B7364,157,171,-10,F1502
D0151,B4776,200,212,-5,F1254
D0151,B1368,226,243,-17,F1219
D0151,B2878,275,288,-7,F1237
D0151,S096,345,348,4,E1405
D0151,B5923,353,364,-4,E1405
D0151,B8813,453,469,-14,F1548
D0151,B7438,488,516,-59,F1504
D0151,B8834,553,572,-22,F1553
D0152,A002,0,0,32,F0074
D0152,A002,0,0,92,F0059
D0152,B8902,8,30,-32,F0074
D0152,B6877,34,68,-92,F0059
D0152,A002,72,72,36,F0013
D0152,A002,72,72,74,F0068
D0152,B7729,78,109,-74,F0068
D0152,A002,115,115,86,F0023
D0152,B0420,122,145,-36,F0013
D0152,A002,152,152,49,F0072
D0152,B8440,157,183,-49,F0072
D0152,A010,194,194,48,F0639
D0152,B7153,194,220,-48,F0639
D0152,S337,230,234,1,E2666
D0152,B1516,237,245,-1,E2666
D0152,B1848,250,283,-86,F0023
D0152,A002,290,290,71,F0038
D0152,B4037,294,324,-71,F0038
D0152,S371,328,338,1,E2828
D0152,B0098,420,428,-1,E2828
D0152,A023,470,470,57,F1792
D0152,B1473,480,508,-57,F1792
D0153,A011,0,0,58,F0656
D0153,A011,0,0,44,F0650
D0153,B0607,4,29,-44,F0650
D0153,A007,61,61,29,F0341
D0153,B3113,63,84,-29,F0341
D0153,A007,86,86,37,F0343
D0153,B3354,98,121,-37,F0343
D0153,B2527,158,186,-58,F0656
D0153,S419,204,218,1,E3069
D0153,S428,220,229,2,E3181
D0153,S443,231,240,1,E3235
D0153,B6490,243,252,-2,E3181
D0153,S428,254,256,2,E3188
D0153,B7096,257,266,-2,E3188
D0153,S415,268,271,1,E3023
D0153,B2276,273,281,-1,E3023
D0153,S414,283,283,2,E3009
D0153,S419,284,284,7,E3062
D0153,B5474,284,297,-7,E3062
D0153,B7096,299,307,-1,E3069
D0153,B5170,311,320,-2,E3009
D0153,B6445,328,336,-1,E3235
D0153,A016,363,363,55,F0970
D0153,B4126,364,391,-55,F0970
D0153,A016,392,392,43,F1015
D0153,A016,392,392,40,F0980
D0153,A016,392,392,37,F1004
D0153,B7956,394,417,-37,F1004
D0153,B5286,420,444,-40,F0980
D0153,B8691,446,471,-43,F1015
D0153,S401,497,501,1,E2952
D0153,S450,509,513,2,E3281
D0153,B5018,515,524,-2,E3281
D0153,S428,529,531,1,E3150
D0153,B2276,531,539,-1,E3150
D0153,B3701,547,555,-1,E2952
D0153,S387,566,585,2,E2920
D0153,B0008,588,597,-2,E2920
D0154,A008,0,0,15,F0427
D0154,A008,0,0,26,F0471
D0154,A008,0,0,31,F0483
D0154,A008,0,0,41,F0416
D0154,B1196,2,26,-41,F0416
D0154,B1894,46,63,-15,F0427
D0154,B5144,72,92,-26,F0471
D0154,B6287,112,134,-31,F0483
D0154,A031,323,323,3,F2748
D0154,B2651,471,481,-3,F2748
D0155,A017,0,0,85,F1021
D0155,A017,0,0,55,F1043
D0155,B2024,2,29,-55,F1043
D0155,A017,31,31,40,F1092
D0155,B0131,35,68,-85,F1021
D0155,B7056,86,110,-40,F1092
D0155,S105,165,216,16,E1458
D0155,S208,237,240,22,E1895
D0155,B0397,243,262,-22,E1895
D0155,B4845,286,303,-16,E1458
D0155,S266,345,392,1,E2297
D0155,B0552,535,543,-1,E2297
D0156,A055,0,0,16,F4537
D0156,A055,0,0,17,F4521
D0156,A055,0,0,35,F4532
D0156,A055,0,0,10,F4487
D0156,A055,0,0,37,F4527
D0156,A055,0,0,18,F4513
D0156,B8763,11,28,-16,F4537
D0156,B6961,36,53,-17,F4521
D0156,A055,57,57,25,F4477
D0156,B7928,60,83,-37,F4527
D0156,A055,86,86,25,F4529
D0156,A055,86,86,22,F4522
D0156,B5294,91,109,-18,F4513
D0156,B1780,114,128,-10,F4487
D0156,B8219,132,155,-35,F4532
D0156,B8050,157,177,-25,F4529
D0156,B0908,179,199,-25,F4477
D0156,B7193,201,220,-22,F4522
D0156,S095,230,246,3,E1403
D0156,B4127,250,260,-3,E1403
D0156,A035,279,279,8,F3196
D0156,A035,279,279,44,F3245
D0156,B7318,298,323,-44,F3245
D0156,A035,342,342,59,F3191
D0156,A035,342,342,40,F3206
D0156,B4253,347,375,-59,F3191
D0156,A035,380,380,86,F3128
D0156,B0576,403,436,-86,F3128
D0156,B5257,447,471,-40,F3206
D0156,A035,483,483,59,F3163
D0156,A035,483,483,68,F3220
D0156,B2823,493,521,-59,F3163
D0156,B5833,531,561,-68,F3220
D0156,B4724,580,593,-8,F3196
D0157,A061,0,0,47,F4856
D0157,B1183,4,30,-47,F4856
D0157,A061,34,34,17,F4939
D0157,A061,34,34,13,F4846
D0157,A061,34,34,42,F4908
D0157,A061,34,34,13,F4912
D0157,A061,34,34,12,F4932
D0157,A061,34,34,15,F4971
D0157,A061,34,34,21,F4891
D0157,B8168,40,57,-15,F4971
D0157,A061,63,63,19,F4847
D0157,B4468,69,93,-42,F4908
D0157,A061,99,99,7,F4885
D0157,A061,99,99,31,F4967
D0157,A061,99,99,6,F4853
D0157,B6112,109,126,-17,F4939
D0157,B7924,136,158,-31,F4967
D0157,B0530,188,204,-13,F4846
D0157,B3435,242,261,-21,F4891
D0157,B5774,266,281,-12,F4932
D0157,B0537,294,312,-19,F4847
D0157,A061,327,327,8,F4984
D0157,A061,327,327,49,F4906
D0157,A061,327,327,38,F4858
D0157,A061,327,327,12,F4841
D0157,B4450,343,369,-49,F4906
D0157,B1268,377,400,-38,F4858
D0157,A061,419,419,18,F4961
D0157,B2897,439,452,-7,F4885
D0157,B4604,466,482,-13,F4912
D0157,B0312,494,509,-12,F4841
D0157,B1013,524,536,-6,F4853
D0157,B7494,548,566,-18,F4961
D0157,B9099,577,590,-8,F4984
D0158,A046,0,0,90,F4094
D0158,B8907,2,35,-90,F4094
D0158,A046,37,37,91,F4048
D0158,B2597,38,72,-91,F4048
D0158,A046,73,73,58,F4080
D0158,A046,73,73,80,F4068
D0158,B6904,78,106,-58,F4080
D0158,B5810,111,143,-80,F4068
D0158,A046,149,149,53,F4087
D0158,A046,149,149,76,F4085
D0158,B7990,154,181,-53,F4087
D0158,B7783,186,217,-76,F4085
D0158,A046,219,219,92,F4037
D0158,A046,219,219,45,F4084
D0158,B1074,224,258,-92,F4037
D0158,A046,263,263,77,F4046
D0158,B2213,266,297,-77,F4046
D0158,B7623,299,324,-45,F4084
D0158,A046,327,327,63,F4052
D0158,A046,327,327,68,F4039
D0158,B1167,334,364,-68,F4039
D0158,B3085,365,394,-63,F4052
D0158,A052,421,421,60,F4299
D0158,B5358,425,453,-60,F4299
D0158,A059,464,464,41,F4703
D0158,B1980,471,495,-41,F4703
D0158,A058,535,535,37,F4667
D0158,A058,535,535,10,F4671
D0158,B5778,540,554,-10,F4671
D0158,B5424,563,586,-37,F4667
D0159,A036,0,0,58,F3292
D0159,A036,0,0,56,F3289
D0159,B3122,1,28,-56,F3289
D0159,A036,29,29,59,F3287
D0159,B3252,35,63,-58,F3292
D0159,B2530,69,97,-59,F3287
D0159,A036,98,98,69,F3276
D0159,A036,98,98,60,F3328
D0159,B8544,99,127,-60,F3328
D0159,A036,128,128,50,F3327
D0159,B8270,135,161,-50,F3327
D0159,B0070,162,192,-69,F3276
D0159,A036,199,199,32,F3313
D0159,A036,199,199,41,F3332
D0159,A036,199,199,49,F3325
D0159,B6386,202,224,-32,F3313
D0159,B9189,228,252,-41,F3332
D0159,A036,256,256,53,F3293
D0159,B3327,262,289,-53,F3293
D0159,A054,299,299,26,F4436
D0159,A054,299,299,36,F4459
D0159,B4040,307,327,-26,F4436
D0159,B7944,340,366,-49,F3325
D0159,B7176,370,393,-36,F4459
D0159,A057,423,423,56,F4621
D0159,A057,423,423,68,F4601
D0159,B7186,425,452,-56,F4621
D0159,B2266,454,484,-68,F4601
D0159,S515,496,500,4,E3631
D0159,B0513,503,514,-4,E3631
D0159,S515,517,526,3,E3645
D0159,B6691,529,539,-3,E3645
D0159,S515,542,584,2,E3617
D0159,B1380,586,595,-2,E3617
D0160,A050,0,0,51,F4236
D0160,B4821,2,28,-51,F4236
D0160,A050,30,30,68,F4229
D0160,A050,30,30,42,F4245
D0160,B8325,33,57,-42,F4245
D0160,B3051,60,90,-68,F4229
D0160,A040,138,138,76,F3736
D0160,B7964,142,173,-76,F3736
D0160,S600,228,256,3,E4211
D0160,B1684,389,399,-3,E4211
D0160,A038,485,485,2,F3519
D0160,B1879,517,526,-2,F3519
D0161,A032,0,0,26,F2924
D0161,B7791,10,30,-26,F2924
D0161,A032,40,40,7,F2897
D0161,A032,40,40,4,F2915
D0161,A032,40,40,66,F2885
D0161,A032,40,40,4,F2918
D0161,A032,40,40,34,F2871
D0161,A032,40,40,5,F2908
D0161,A032,40,40,2,F2939
D0161,B3056,56,69,-7,F2897
D0161,A032,85,85,24,F2935
D0161,B0117,99,121,-34,F2871
D0161,B1816,127,156,-66,F2885
D0161,B5888,165,176,-4,F2915
D0161,B8990,188,197,-2,F2939
D0161,B6415,214,225,-4,F2918
D0161,B4988,239,251,-5,F2908
D0161,B8768,270,290,-24,F2935
D0161,A061,365,365,18,F4922
D0161,A061,365,365,31,F4940
D0161,A061,365,365,40,F4874
D0161,A061,365,365,47,F4852
D0161,B2191,380,404,-40,F4874
D0161,B0975,410,436,-47,F4852
D0161,B5244,451,469,-18,F4922
D0161,B6193,483,505,-31,F4940
D0161,A061,531,531,31,F4862
D0161,B1418,562,584,-31,F4862
D0162,A059,0,0,9,F4701
D0162,A059,0,0,95,F4711
D0162,B3515,4,38,-95,F4711
D0162,A059,42,42,61,F4726
D0162,A059,42,42,54,F4697
D0162,B6017,47,75,-61,F4726
D0162,A059,80,80,41,F4728
D0162,B0742,87,114,-54,F4697
D0162,B6290,116,140,-41,F4728
D0162,B1376,156,170,-9,F4701
D0162,A035,198,198,10,F3272
D0162,A035,198,198,80,F3247
D0162,A035,198,198,1,F3274
D0162,A035,198,198,49,F3151
D0162,B1913,213,239,-49,F3151
D0162,B9048,272,280,-1,F3274
D0162,S078,288,294,3,E1356
D0162,B5228,295,305,-3,E1356
D0162,B8991,331,345,-10,F3272
D0162,A035,352,352,30,F3123
D0162,A035,352,352,30,F3219
D0162,B7421,365,397,-80,F3247
D0162,B0301,398,419,-30,F3123
D0162,B5817,425,446,-30,F3219
D0162,S084,474,474,1,E1371
D0162,B6492,477,485,-1,E1371
D0162,S083,487,487,1,E1368
D0162,B0376,493,501,-1,E1368
D0162,A059,551,551,14,F4720
D0162,B4964,562,578,-14,F4720
D0163,A035,0,0,54,F3182
D0163,B3586,11,38,-54,F3182
D0163,A035,49,49,30,F3169
D0163,A035,49,49,42,F3150
D0163,A035,49,49,59,F3166
D0163,B1862,54,78,-42,F3150
D0163,B2867,85,113,-59,F3166
D0163,B3169,117,138,-30,F3169
D0163,A035,153,153,6,F3178
D0163,A035,153,153,20,F3244
D0163,A035,153,153,16,F3144
D0163,A035,153,153,6,F3175
D0163,A035,153,153,24,F3159
D0163,A035,153,153,23,F3254
D0163,A035,153,153,45,F3176
D0163,B2337,156,176,-24,F3159
D0163,A035,179,179,20,F3275
D0163,B9197,189,207,-20,F3275
D0163,A035,217,217,22,F3233
D0163,S090,229,233,2,E1391
D0163,B0447,233,242,-2,E1391
D0163,S083,255,257,1,E1367
D0163,B0376,263,271,-1,E1367
D0163,S078,279,295,2,E1359
D0163,B8148,298,307,-2,E1359
D0163,S088,319,322,1,E1388
D0163,B5223,325,333,-1,E1388
D0163,S090,336,361,1,E1392
D0163,B0447,361,369,-1,E1392
D0163,B3480,374,386,-6,F3178
D0163,B3353,390,402,-6,F3175
D0163,B6799,417,436,-22,F3233
D0163,B1551,440,457,-16,F3144
D0163,B7305,461,479,-20,F3244
D0163,B7661,481,500,-23,F3254
D0163,B3394,503,528,-45,F3176
D0163,A035,544,544,18,F3269
D0163,B8899,570,588,-18,F3269
D0164,A049,0,0,34,F4184
D0164,A049,0,0,67,F4189
D0164,B2362,5,27,-34,F4184
D0164,A049,32,32,57,F4198
D0164,A062,50,50,10,F5056
D0164,B8734,54,68,-10,F5056
D0164,A062,72,72,9,F5045
D0164,B7958,82,96,-9,F5045
D0164,B4250,104,132,-57,F4198
D0164,A062,147,147,27,F4993
D0164,B1132,157,178,-27,F4993
D0164,B3117,182,212,-67,F4189
D0164,A049,221,221,22,F4181
D0164,A049,221,221,14,F4183
D0164,A049,221,221,38,F4175
D0164,A049,221,221,38,F4182
D0164,B1956,223,239,-14,F4183
D0164,B0728,245,268,-38,F4175
D0164,B1813,275,298,-38,F4182
D0164,B1712,303,322,-22,F4181
D0164,A049,329,329,8,F4203
D0164,A049,329,329,46,F4202
D0164,A049,329,329,80,F4191
D0164,B4565,332,357,-46,F4202
D0164,A049,360,360,25,F4177
D0164,A049,360,360,18,F4205
D0164,B3757,368,400,-80,F4191
D0164,B5092,406,419,-8,F4203
D0164,B0955,423,443,-25,F4177
D0164,B5677,450,468,-18,F4205
D0164,A041,539,539,88,F3768
D0164,B3687,544,577,-88,F3768
D0165,A062,0,0,47,F5052
D0165,A062,0,0,34,F5029
D0165,B8482,10,36,-47,F5052
D0165,B6341,44,66,-34,F5029
D0165,A062,73,73,72,F5011
D0165,A062,73,73,58,F5044
D0165,B3392,86,116,-72,F5011
D0165,A062,129,129,25,F5057
D0165,A062,129,129,26,F4991
D0165,B0997,142,162,-26,F4991
D0165,B7918,169,197,-58,F5044
D0165,B8995,201,221,-25,F5057
D0165,A062,241,241,24,F5026
D0165,A062,241,241,12,F5012
D0165,A062,241,241,25,F4992
D0165,A062,241,241,31,F5031
D0165,A062,241,241,35,F5010
D0165,A062,241,241,9,F5051
D0165,B6016,249,269,-24,F5026
D0165,A062,277,277,26,F5054
D0165,B8660,294,314,-26,F5054
D0165,B1071,327,347,-25,F4992
D0165,A062,351,351,4,F5021
D0165,A062,351,351,13,F5000
D0165,A062,351,351,33,F5033
D0165,B6686,366,388,-33,F5033
D0165,B6537,400,422,-31,F5031
D0165,B2092,434,450,-13,F5000
D0165,A062,461,461,73,F5035
D0165,B3494,466,481,-12,F5012
D0165,B8424,494,508,-9,F5051
D0165,B3256,512,535,-35,F5010
D0165,B6718,543,574,-73,F5035
D0165,B5057,589,600,-4,F5021
D0166,A053,0,0,11,F4358
D0166,A053,0,0,13,F4322
D0166,A053,0,0,14,F4384
D0166,A053,0,0,18,F4368
D0166,A053,0,0,37,F4357
D0166,A053,0,0,22,F4364
D0166,A053,0,0,25,F4402
D0166,B4349,5,23,-18,F4368
D0166,B3454,27,50,-37,F4357
D0166,A053,59,59,14,F4365
D0166,A053,59,59,37,F4380
D0166,B3507,63,78,-11,F4358
D0166,B4107,87,103,-14,F4365
D0166,B5990,113,136,-37,F4380
D0166,S093,229,235,1,E1399
D0166,B0670,236,244,-1,E1399
D0166,A053,337,337,20,F4388
D0166,A053,337,337,41,F4356
D0166,B3386,344,368,-41,F4356
D0166,B6501,373,389,-14,F4384
D0166,B6881,399,417,-20,F4388
D0166,A053,419,419,73,F4387
D0166,B8269,432,452,-25,F4402
D0166,A053,465,465,8,F4378
D0166,A053,465,465,24,F4360
D0166,B3554,480,500,-24,F4360
D0166,B4004,502,521,-22,F4364
D0166,B0016,525,541,-13,F4322
D0166,B6777,548,579,-73,F4387
D0166,B5902,584,597,-8,F4378
D0167,A034,0,0,2,F3085
D0167,A034,0,0,9,F3077
D0167,A034,0,0,31,F3087
D0167,A034,0,0,54,F3036
D0167,B6343,10,32,-31,F3087
D0167,B1381,42,69,-54,F3036
D0167,A034,83,83,19,F3039
D0167,A034,83,83,38,F3078
D0167,A034,83,83,57,F3079
D0167,A034,83,83,13,F3111
D0167,B2040,87,105,-19,F3039
D0167,B5883,115,138,-38,F3078
D0167,B6008,141,169,-57,F3079
D0167,A034,174,174,33,F3055
D0167,B8484,180,196,-13,F3111
D0167,B6291,204,213,-2,F3085
D0167,S603,226,228,2,E4262
D0167,B3695,246,268,-33,F3055
D0167,B5822,282,296,-9,F3077
D0167,S597,313,314,1,E4174
D0167,B6884,316,325,-2,E4262
D0167,S600,329,330,1,E4212
D0167,B1468,331,339,-1,E4174
D0167,S605,341,357,14,E4279
D0167,S600,358,361,2,E4230
D0167,B2521,362,378,-14,E4279
D0167,S597,380,385,2,E4187
D0167,S600,388,389,2,E4237
D0167,B6884,393,402,-2,E4237
D0167,B2415,405,413,-1,E4212
D0167,B4409,416,425,-2,E4187
D0167,B4409,425,434,-2,E4230
D0167,S605,440,496,9,E4295
D0167,B4324,573,587,-9,E4295
D0168,A042,0,0,87,F3826
D0168,B3125,10,43,-87,F3826
D0168,A042,53,53,30,F3814
D0168,A042,53,53,16,F3835
D0168,A042,53,53,27,F3856
D0168,B1715,60,81,-30,F3814
D0168,B4740,89,106,-16,F3835
D0168,B7420,119,140,-27,F3856
D0168,A034,157,157,11,F3053
D0168,A034,157,157,21,F3030
D0168,A034,157,157,63,F3043
D0168,B2344,162,191,-63,F3043
D0168,S607,211,213,1,E4310
D0168,S605,214,214,3,E4287
D0168,S605,214,215,13,E4277
D0168,B2521,215,223,-1,E4310
D0168,B2521,223,239,-13,E4277
D0168,B2706,276,286,-3,E4287
D0168,S546,299,305,3,E3861
D0168,B2264,309,319,-3,E3861
D0168,B3420,332,347,-11,F3053
D0168,S519,361,371,1,E3687
D0168,B4106,371,379,-1,E3687
D0168,B0511,405,424,-21,F3030
D0168,S521,451,463,1,E3750
D0168,S524,464,468,3,E3766
D0168,B1774,468,478,-3,E3766
D0168,B8159,480,488,-1,E3750
D0168,S508,493,523,1,E3599
D0168,B7781,524,532,-1,E3599
D0168,S597,575,583,2,E4195
D0168,B9188,584,593,-2,E4195
D0169,A043,0,0,48,F3886
D0169,A043,0,0,85,F3909
D0169,B3121,6,32,-48,F3886
D0169,B6061,35,68,-85,F3909
D0169,A043,72,72,59,F3913
D0169,A043,72,72,78,F3870
D0169,B6732,78,106,-59,F3913
D0169,A043,112,112,62,F3923
D0169,B8406,119,148,-62,F3923
D0169,B0603,154,185,-78,F3870
D0169,A043,192,192,92,F3926
D0169,B8735,193,227,-92,F3926
D0169,A043,228,228,90,F3927
D0169,A043,228,228,50,F3922
D0169,B8810,231,264,-90,F3927
D0169,A043,267,267,71,F3885
D0169,B2686,271,301,-71,F3885
D0169,B8131,303,329,-50,F3922
D0169,A043,332,332,60,F3898
D0169,A043,332,332,58,F3924
D0169,B8655,337,365,-58,F3924
D0169,A043,370,370,55,F3873
D0169,B1090,375,402,-55,F3873
D0169,B4825,405,433,-60,F3898
D0169,A043,440,440,51,F3911
D0169,A043,440,440,80,F3896
D0169,B6466,446,472,-51,F3911
D0169,A043,478,478,59,F3928
D0169,B4721,486,518,-80,F3896
D0169,B8821,523,551,-59,F3928
D0169,A043,561,561,69,F3893
D0169,B4306,567,597,-69,F3893
D0170,A054,0,0,52,F4457
D0170,A054,0,0,69,F4425
D0170,B6765,6,33,-52,F4457
D0170,B3115,41,71,-69,F4425
D0170,A054,76,76,41,F4470
D0170,A054,76,76,52,F4453
D0170,B6464,79,106,-52,F4453
D0170,A054,109,109,54,F4454
D0170,B6470,113,140,-54,F4454
D0170,B8806,142,166,-41,F4470
D0170,A040,185,185,7,F3711
D0170,B1899,189,202,-7,F3711
D0170,A057,207,207,28,F4617
D0170,S519,217,217,1,E3690
D0170,S524,219,222,1,E3773
D0170,B5494,233,254,-28,F4617
D0170,A041,284,284,48,F3753
D0170,A041,284,284,77,F3774
D0170,B6179,299,307,-1,E3773
D0170,B6179,307,315,-1,E3690
D0170,B4373,324,355,-77,F3774
D0170,B1413,357,383,-48,F3753
D0170,A041,388,388,65,F3757
D0170,B1549,390,419,-65,F3757
D0170,A041,421,421,34,F3759
D0170,B1983,427,449,-34,F3759
D0170,A033,482,482,51,F2982
D0170,B5191,493,519,-51,F2982
D0170,S508,564,588,1,E3596
D0170,B4899,589,597,-1,E3596
D0171,A037,0,0,23,F3384
D0171,A037,0,0,82,F3367
D0171,B3263,8,27,-23,F3384
D0171,B2033,32,64,-82,F3367
D0171,A037,77,77,31,F3397
D0171,A037,77,77,45,F3405
D0171,A037,77,77,57,F3449
D0171,B4003,86,108,-31,F3397
D0171,B4405,114,139,-45,F3405
D0171,A037,146,146,67,F3404
D0171,B4372,160,190,-67,F3404
D0171,A037,204,204,29,F3477
D0171,B8868,209,230,-29,F3477
D0171,B7302,236,264,-57,F3449
D0171,A037,276,276,9,F3463
D0171,A037,276,276,8,F3467
D0171,A037,276,276,35,F3464
D0171,A037,276,276,34,F3426
D0171,A037,276,276,49,F3417
D0171,B8119,289,312,-35,F3464
D0171,B8312,320,333,-8,F3467
D0171,A037,344,344,10,F3471
D0171,A037,344,344,26,F3410
D0171,B5634,350,372,-34,F3426
D0171,S363,384,391,2,E2798
D0171,B3582,394,403,-2,E2798
D0171,A037,421,421,46,F3434
D0171,B6120,429,454,-46,F3434
D0171,B8115,478,492,-9,F3463
D0171,B4723,502,522,-26,F3410
D0171,B5080,528,554,-49,F3417
D0171,B8467,582,596,-10,F3471
D0172,A041,0,0,61,F3796
D0172,B8030,8,36,-61,F3796
D0172,A041,44,44,35,F3767
D0172,A041,44,44,45,F3788
D0172,A041,44,44,45,F3794
D0172,B7476,47,72,-45,F3788
D0172,B7787,75,100,-45,F3794
D0172,B3668,103,126,-35,F3767
D0172,A041,129,129,97,F3792
D0172,B7734,134,169,-97,F3792
D0172,A041,174,174,83,F3764
D0172,B3381,181,213,-83,F3764
D0172,S344,224,231,2,E2721
D0172,B2166,232,241,-2,E2721
D0172,S338,245,245,1,E2681
D0172,S345,249,250,22,E2736
D0172,S345,250,256,12,E2732
D0172,B0228,261,276,-12,E2732
D0172,S343,279,281,1,E2714
D0172,B0476,286,294,-1,E2681
D0172,B4722,295,314,-22,E2736
D0172,S316,315,318,2,E2495
D0172,S338,323,325,3,E2682
D0172,B5575,326,334,-1,E2714
D0172,B5404,335,345,-3,E2682
D0172,S316,350,370,2,E2507
D0172,B4868,371,380,-2,E2495
D0172,B8328,382,391,-2,E2507
D0172,A037,470,470,51,F3385
D0172,B3266,491,517,-51,F3385
D0173,A060,0,0,12,F4824
D0173,A060,0,0,20,F4768
D0173,A060,0,0,10,F4798
D0173,A060,0,0,46,F4750
D0173,A060,0,0,31,F4787
D0173,B0619,12,37,-46,F4750
D0173,B2471,41,59,-20,F4768
D0173,B5381,62,76,-10,F4798
D0173,B4429,81,103,-31,F4787
D0173,B8074,106,121,-12,F4824
D0173,A060,134,134,14,F4757
D0173,A060,134,134,33,F4796
D0173,A060,134,134,54,F4785
D0173,A060,134,134,14,F4809
D0173,A060,134,134,22,F4804
D0173,B5947,139,158,-22,F4804
D0173,B1346,163,179,-14,F4757
D0173,B5263,186,208,-33,F4796
D0173,B4215,213,240,-54,F4785
D0173,A060,252,252,18,F4836
D0173,A060,252,252,44,F4786
D0173,B9070,259,277,-18,F4836
D0173,B4262,288,313,-44,F4786
D0173,B6708,318,334,-14,F4809
D0173,A039,357,357,43,F3678
D0173,B4945,364,389,-43,F3678
D0173,A037,419,419,39,F3446
D0173,A037,419,419,12,F3362
D0173,A037,419,419,36,F3351
D0173,B7099,434,458,-39,F3446
D0173,B1834,468,483,-12,F3362
D0173,B1164,511,534,-36,F3351
D0173,S143,555,577,2,E1610
D0173,B8844,579,588,-2,E1610
D0174,A038,0,0,2,F3577
D0174,A038,0,0,4,F3563
D0174,A038,0,0,9,F3513
D0174,A038,0,0,14,F3600
D0174,B5029,21,30,-2,F3577
D0174,B3915,53,64,-4,F3563
D0174,B5849,68,84,-14,F3600
D0174,A038,98,98,14,F3517
D0174,A038,98,98,2,F3620
D0174,A038,98,98,9,F3617
D0174,A038,98,98,21,F3611
D0174,A038,98,98,4,F3529
D0174,A038,98,98,7,F3636
D0174,A038,98,98,1,F3632
D0174,A038,98,98,27,F3485
D0174,A038,98,98,25,F3534
D0174,A038,98,98,7,F3532
D0174,A038,98,98,10,F3596
D0174,A038,98,98,4,F3561
D0174,B3830,102,113,-4,F3561
D0174,B2540,135,148,-7,F3532
D0174,A038,168,168,10,F3643
D0174,B8418,201,215,-10,F3643
D0174,B1504,226,240,-9,F3513
D0174,B7796,267,275,-1,F3632
D0174,B5739,292,306,-10,F3596
D0174,B7059,322,331,-2,F3620
D0174,B1793,358,374,-14,F3517
D0174,B6762,384,398,-9,F3617
D0174,B7905,410,423,-7,F3636
D0174,B2605,429,449,-25,F3534
D0174,B6556,451,470,-21,F3611
D0174,B0167,473,494,-27,F3485
D0174,B2296,515,526,-4,F3529
D0174,A038,550,550,9,F3512
D0174,B1488,579,593,-9,F3512
D0175,A044,0,0,7,F3949
D0175,A044,0,0,8,F3971
D0175,A044,0,0,8,F3931
D0175,A044,0,0,9,F3951
D0175,A044,0,0,9,F3974
D0175,A044,0,0,16,F3963
D0175,A044,0,0,11,F3972
D0175,A044,0,0,3,F3968
D0175,A044,0,0,3,F3966
D0175,B8511,11,24,-8,F3971
D0175,B0219,45,58,-8,F3931
D0175,B3806,74,88,-9,F3951
D0175,B7362,99,109,-3,F3966
D0175,B8831,113,127,-9,F3974
D0175,B8519,133,148,-11,F3972
D0175,B7166,151,168,-16,F3963
D0175,B3346,178,191,-7,F3949
D0175,B8152,199,209,-3,F3968
D0175,A035,276,276,20,F3131
D0175,B0653,294,312,-20,F3131
D0175,A055,354,354,46,F4499
D0175,B3675,367,392,-46,F4499
D0175,A037,441,441,12,F3430
D0175,B5797,451,466,-12,F3430
D0176,A040,0,0,91,F3724
D0176,B5113,3,37,-91,F3724
D0176,A040,40,40,75,F3734
D0176,B7812,42,73,-75,F3734
D0176,A040,75,75,72,F3745
D0176,A040,75,75,44,F3706
D0176,B8984,79,109,-72,F3745
D0176,A040,113,113,75,F3728
D0176,B6102,119,150,-75,F3728
D0176,A057,158,158,63,F4624
D0176,B8000,159,188,-63,F4624
D0176,A057,189,189,65,F4614
D0176,B5118,196,225,-65,F4614
D0176,A042,235,235,56,F3841
D0176,A042,235,235,40,F3842
D0176,B5486,241,265,-40,F3842
D0176,B5384,268,295,-56,F3841
D0176,S521,308,319,1,E3735
D0176,B0432,337,362,-44,F3706
D0176,B6179,395,403,-1,E3735
D0176,A058,452,452,77,F4666
D0176,B5347,456,487,-77,F4666
D0176,A037,517,517,34,F3387
D0176,B3310,526,548,-34,F3387
D0177,A056,0,0,12,F4571
D0177,A056,0,0,11,F4544
D0177,A056,0,0,44,F4547
D0177,A056,0,0,69,F4562
D0177,B6011,12,27,-12,F4571
D0177,B0775,31,56,-44,F4547
D0177,A056,65,65,52,F4546
D0177,B0523,70,97,-52,F4546
D0177,A056,102,102,51,F4543
D0177,B0012,111,137,-51,F4543
D0177,B4093,141,171,-69,F4562
D0177,B0185,178,193,-11,F4544
D0177,A056,201,201,43,F4584
D0177,A056,201,201,56,F4583
D0177,A056,201,201,35,F4589
D0177,B8773,208,231,-35,F4589
D0177,A056,238,238,35,F4588
D0177,B7541,248,275,-56,F4583
D0177,B8707,280,303,-35,F4588
D0177,A033,319,319,54,F2998
D0177,B6456,320,347,-54,F2998
D0177,A033,348,348,41,F2990
D0177,A033,348,348,40,F2997
D0177,B5567,355,379,-41,F2990
D0177,B6406,386,410,-40,F2997
D0177,A033,420,420,32,F3017
D0177,A033,420,420,63,F3001
D0177,B8071,423,445,-32,F3017
D0177,B6726,452,481,-63,F3001
D0177,A033,489,489,31,F2970
D0177,A033,489,489,66,F2973
D0177,B3114,498,520,-31,F2970
D0177,B7615,524,549,-43,F4584
D0177,B3477,551,580,-66,F2973
D0178,A048,0,0,66,F4157
D0178,B7341,2,31,-66,F4157
D0178,A048,33,33,33,F4146
D0178,A048,33,33,53,F4134
D0178,A048,33,33,23,F4149
D0178,B5328,35,57,-33,F4146
D0178,B5789,59,78,-23,F4149
D0178,B2372,83,110,-53,F4134
D0178,A048,115,115,48,F4137
D0178,B3221,121,147,-48,F4137
D0178,S570,242,267,2,E3961
D0178,B2350,268,277,-2,E3961
D0178,A034,288,288,12,F3088
D0178,B6430,299,314,-12,F3088
D0178,A056,361,361,53,F4570
D0178,B5915,365,392,-53,F4570
D0178,A055,487,487,13,F4541
D0178,B8914,501,517,-13,F4541
D0178,A060,534,534,41,F4815
D0178,B7432,543,567,-41,F4815
D0179,A039,0,0,39,F3703
D0179,A039,0,0,78,F3660
D0179,A039,0,0,22,F3688
D0179,B0325,9,40,-78,F3660
D0179,A039,49,49,62,F3699
D0179,B8979,55,79,-39,F3703
D0179,B8497,94,123,-62,F3699
D0179,B6558,133,152,-22,F3688
D0179,A055,158,158,65,F4542
D0179,A055,158,158,63,F4490
D0179,B8957,162,191,-65,F4542
D0179,A055,195,195,15,F4530
D0179,A055,195,195,36,F4539
D0179,B8809,201,224,-36,F4539
D0179,B2284,225,254,-63,F4490
D0179,A055,261,261,51,F4493
D0179,A055,261,261,25,F4491
D0179,A055,261,261,44,F4484
D0179,B2346,269,289,-25,F4491
D0179,B2474,306,332,-51,F4493
D0179,B8149,346,363,-15,F4530
D0179,B1544,365,390,-44,F4484
D0179,A035,410,410,26,F3207
D0179,A035,410,410,22,F3242
D0179,A035,410,410,65,F3243
D0179,B7300,419,448,-65,F3243
D0179,A035,457,457,86,F3127
D0179,B7247,467,486,-22,F3242
D0179,B0447,504,537,-86,F3127
D0179,B5349,556,576,-26,F3207
D0180,A052,0,0,56,F4321
D0180,A052,0,0,80,F4296
D0180,B5088,3,35,-80,F4296
D0180,A052,38,38,79,F4289
D0180,B8908,44,71,-56,F4321
D0180,B4244,76,108,-79,F4289
D0180,A052,114,114,32,F4307
D0180,A052,114,114,11,F4287
D0180,A052,114,114,30,F4276
D0180,A052,114,114,48,F4308
D0180,B4002,116,131,-11,F4287
D0180,B6684,137,163,-48,F4308
D0180,A059,172,172,63,F4706
D0180,B2390,174,203,-63,F4706
D0180,B2019,221,242,-30,F4276
D0180,A052,250,250,95,F4311
D0180,B7517,253,287,-95,F4311
D0180,B6384,290,312,-32,F4307
D0180,A037,365,365,46,F3468
D0180,A037,365,365,76,F3380
D0180,S283,372,372,2,E2380
D0180,B9159,374,383,-2,E2380
D0180,B8379,388,413,-46,F3468
D0180,B2745,424,455,-76,F3380
D0180,A060,500,500,3,F4783
D0180,B4132,512,522,-3,F4783
D0180,A037,563,563,35,F3411
D0180,B4725,573,596,-35,F3411
D0181,A033,0,0,32,F2994
D0181,A033,0,0,53,F2966
D0181,A033,0,0,51,F2960
D0181,B2596,7,34,-53,F2966
D0181,A033,41,41,21,F3008
D0181,A033,41,41,35,F2976
D0181,B4214,47,70,-35,F2976
D0181,B1882,71,97,-51,F2960
D0181,B7415,105,124,-21,F3008
D0181,B5962,132,154,-32,F2994
D0181,A033,160,160,34,F2951
D0181,A033,160,160,44,F2991
D0181,A033,160,160,55,F2957
D0181,A033,160,160,7,F3009
D0181,B1705,173,200,-55,F2957
D0181,B5582,203,228,-44,F2991
D0181,B0707,232,254,-34,F2951
D0181,B7462,265,278,-7,F3009
D0181,A038,385,385,3,F3502
D0181,A038,385,385,9,F3499
D0181,B0852,393,407,-9,F3499
D0181,B1003,453,463,-3,F3502
D0182,A058,0,0,20,F4638
D0182,A058,0,0,55,F4684
D0182,B7923,3,30,-55,F4684
D0182,A058,33,33,53,F4681
D0182,A058,33,33,42,F4642
D0182,B7573,40,67,-53,F4681
D0182,A058,74,74,33,F4647
D0182,B1359,88,106,-20,F4638
D0182,B2551,112,134,-33,F4647
D0182,B1967,137,161,-42,F4642
D0182,A038,264,264,70,F3492
D0182,A038,264,264,4,F3572
D0182,A038,264,264,35,F3642
D0182,B8414,288,311,-35,F3642
D0182,A038,335,335,48,F3540
D0182,B0487,353,383,-70,F3492
D0182,B4607,417,428,-4,F3572
D0182,B2871,468,494,-48,F3540
D0183,A057,0,0,86,F4594
D0183,B0918,2,35,-86,F4594
D0183,A057,37,37,74,F4612
D0183,A057,37,37,58,F4605
D0183,B3766,40,68,-58,F4605
D0183,B4851,72,103,-74,F4612
D0183,A034,135,135,4,F3054
D0183,A034,135,135,28,F3049
D0183,A034,135,135,50,F3057
D0183,A034,135,135,14,F3086
D0183,A034,135,135,41,F3027
D0183,B2975,139,160,-28,F3049
D0183,B3864,165,191,-50,F3057
D0183,A034,201,201,34,F3082
D0183,B0285,207,231,-41,F3027
D0183,B6292,234,250,-14,F3086
D0183,S602,263,265,3,E4249
D0183,S597,267,276,2,E4185
D0183,S597,276,278,2,E4180
D0183,B4409,282,291,-2,E4185
D0183,B3354,297,307,-3,E4249
D0183,B3354,307,316,-2,E4180
D0183,B6133,328,350,-34,F3082
D0183,S546,362,367,2,E3863
D0183,B0605,368,377,-2,E3863
D0183,B3628,390,401,-4,F3054
D0183,S567,405,408,1,E3950
D0183,B1299,410,418,-1,E3950
D0183,A034,426,426,36,F3063
D0183,A034,426,426,38,F3034
D0183,B1210,445,468,-38,F3034
D0183,B4384,471,494,-36,F3063
D0183,S600,531,584,1,E4218
D0183,B2521,585,593,-1,E4218
D0184,A047,0,0,59,F4095
D0184,A047,0,0,42,F4122
D0184,A047,0,0,20,F4117
D0184,B0403,4,32,-59,F4095
D0184,B7233,36,54,-20,F4117
D0184,B8879,62,86,-42,F4122
D0184,A035,134,134,32,F3222
D0184,B5978,150,172,-32,F3222
D0184,A061,335,335,15,F4860
D0184,A061,335,335,10,F4865
D0184,B1706,357,371,-10,F4865
D0184,B1375,388,405,-15,F4860
D0185,A045,0,0,75,F4020
D0185,B7611,0,31,-75,F4020
D0185,A045,31,31,60,F4013
D0185,A045,31,31,65,F3989
D0185,B2546,36,65,-65,F3989
D0185,B6967,67,95,-60,F4013
D0185,A045,102,102,96,F4007
D0185,A045,102,102,36,F4027
D0185,B4808,106,140,-96,F4007
D0185,A045,144,144,66,F3978
D0185,B9007,151,174,-36,F4027
D0185,B0369,176,205,-66,F3978
D0185,A046,215,215,10,F4035
D0185,S316,229,231,1,E2504
D0185,A041,253,253,61,F3786
D0185,B6926,256,284,-61,F3786
D0185,B0798,303,311,-1,E2504
D0185,S338,311,312,1,E2702
D0185,S325,316,317,2,E2551
D0185,B6468,320,329,-2,E2551
D0185,B8307,333,341,-1,E2702
D0185,S338,344,347,1,E2699
D0185,S338,347,349,2,E2683
D0185,B0798,349,357,-1,E2699
D0185,S338,357,370,2,E2690
D0185,B5404,371,380,-2,E2683
D0185,B6815,387,396,-2,E2690
D0185,A043,419,419,44,F3874
D0185,B1192,421,446,-44,F3874
D0185,A059,496,496,81,F4714
D0185,B4167,502,534,-81,F4714
D0185,A052,552,552,1,F4288
D0185,B4083,560,568,-1,F4288
D0185,B0745,584,598,-10,F4035
D0186,A051,0,0,8,F4265
D0186,A051,0,0,15,F4266
D0186,A051,0,0,5,F4258
D0186,A051,0,0,4,F4254
D0186,A051,0,0,19,F4255
D0186,A051,0,0,14,F4263
D0186,A051,0,0,17,F4264
D0186,A051,0,0,18,F4250
D0186,B2349,3,21,-18,F4250
D0186,B4336,27,45,-19,F4255
D0186,B6668,51,67,-14,F4263
D0186,B3609,80,91,-4,F4254
D0186,B6937,97,114,-17,F4264
D0186,B4585,122,134,-5,F4258
D0186,B7946,136,153,-15,F4266
D0186,B7134,157,170,-8,F4265
D0186,S603,210,210,1,E4257
D0186,S603,210,210,1,E4261
D0186,B4409,210,218,-1,E4257
D0186,S597,222,229,2,E4173
D0186,S597,229,230,1,E4172
D0186,B1468,233,242,-2,E4173
D0186,S599,248,252,2,E4199
D0186,B1399,254,262,-1,E4172
D0186,B2415,265,274,-2,E4199
D0186,B6884,277,285,-1,E4261
D0186,A040,337,337,74,F3738
D0186,B8077,342,373,-74,F3738
D0186,A041,394,394,78,F3770
D0186,A041,394,394,48,F3746
D0186,B0041,397,423,-48,F3746
D0186,B3750,432,463,-78,F3770
D0186,S605,524,567,23,E4282
D0186,B2521,567,586,-23,E4282
D0187,A089,0,0,34,F6787
D0187,A089,0,0,61,F6738
D0187,B8721,5,27,-34,F6787
D0187,A089,32,32,61,F6736
D0187,B2505,39,67,-61,F6736
D0187,B2729,78,106,-61,F6738
D0187,A089,116,116,46,F6725
D0187,A089,116,116,78,F6752
D0187,B1372,124,149,-46,F6725
D0187,B4269,154,185,-78,F6752
D0187,A089,190,190,65,F6776
D0187,A089,190,190,74,F6714
D0187,B7450,198,227,-65,F6776
D0187,A089,235,235,51,F6785
D0187,B8437,246,272,-51,F6785
D0187,B0068,280,311,-74,F6714
D0187,A089,315,315,49,F6764
D0187,A089,315,315,70,F6717
D0187,S532,317,317,3,E3809
D0187,B3227,318,328,-3,E3809
D0187,B0504,335,365,-70,F6717
D0187,A089,372,372,30,F6791
D0187,A089,372,372,56,F6723
D0187,B9205,375,396,-30,F6791
D0187,B1158,402,429,-56,F6723
D0187,A089,434,434,64,F6773
D0187,B6264,444,470,-49,F6764
D0187,B7268,472,501,-64,F6773
D0187,S587,523,558,2,E4123
D0187,B0581,561,570,-2,E4123
D0187,S573,577,587,2,E3984
D0187,B1865,591,600,-2,E3984
D0188,A072,0,0,67,F5823
D0188,B1804,7,37,-67,F5823
D0188,A072,44,44,5,F5843
D0188,A072,44,44,57,F5840
D0188,A072,44,44,47,F5891
D0188,B3135,46,74,-57,F5840
D0188,A072,76,76,60,F5824
D0188,B9018,78,104,-47,F5891
D0188,A079,114,114,13,F6160
D0188,B0217,128,144,-13,F6160
D0188,B2011,164,192,-60,F5824
D0188,A072,210,210,6,F5884
D0188,A072,210,210,15,F5818
D0188,A072,210,210,28,F5859
D0188,A072,210,210,22,F5889
D0188,A072,210,210,54,F5834
D0188,S580,214,214,3,E4096
D0188,S574,215,224,1,E4021
D0188,S579,225,237,6,E4075
D0188,B3135,241,253,-6,E4075
D0188,S574,257,264,2,E4030
D0188,S574,264,270,2,E4033
D0188,S573,270,275,1,E4011
D0188,B1865,279,287,-1,E4021
D0188,B7900,292,300,-1,E4011
D0188,B6456,304,314,-3,E4096
D0188,B2951,325,334,-2,E4030
D0188,S580,337,340,3,E4089
D0188,B0373,340,349,-2,E4033
D0188,B0373,349,359,-3,E4089
D0188,B5293,363,384,-28,F5859
D0188,B8345,387,399,-6,F5884
D0188,B2951,401,428,-54,F5834
D0188,A072,435,435,61,F5871
D0188,A072,435,435,30,F5806
D0188,B6790,442,470,-61,F5871
D0188,A072,477,477,18,F5875
D0188,B3638,493,505,-5,F5843
D0188,B0170,511,532,-30,F5806
D0188,B1097,537,554,-15,F5818
D0188,B8782,557,576,-22,F5889
D0188,B7503,579,597,-18,F5875
D0189,A069,0,0,15,F5585
D0189,A069,0,0,84,F5613
D0189,B1739,9,26,-15,F5585
D0189,B5234,34,66,-84,F5613
D0189,A069,75,75,30,F5596
D0189,A069,75,75,50,F5581
D0189,A069,75,75,60,F5631
D0189,B3243,83,104,-30,F5596
D0189,B1275,108,134,-50,F5581
D0189,B6444,138,166,-60,F5631
D0189,A069,167,167,54,F5633
D0189,A069,167,167,82,F5634
D0189,B6770,175,202,-54,F5633
D0189,S201,210,210,2,E1855
D0189,B5945,212,221,-2,E1855
D0189,A081,222,222,35,F6264
D0189,S235,224,229,3,E2056
D0189,S201,232,232,2,E1826
D0189,B5994,233,243,-3,E2056
D0189,S165,250,255,8,E1697
D0189,B2546,256,265,-2,E1826
D0189,S201,270,271,3,E1842
D0189,B4952,271,281,-3,E1842
D0189,S182,285,286,1,E1771
D0189,B0116,287,310,-35,F6264
D0189,B8744,314,322,-1,E1771
D0189,B4544,328,341,-8,E1697
D0189,S152,346,350,12,E1634
D0189,B7235,351,366,-12,E1634
D0189,B6781,371,403,-82,F5634
D0189,A069,409,409,74,F5600
D0189,A069,409,409,63,F5642
D0189,B3432,413,444,-74,F5600
D0189,A069,448,448,52,F5650
D0189,B7730,454,483,-63,F5642
D0189,B8983,488,515,-52,F5650
D0189,S142,519,537,2,E1597
D0189,B3198,537,546,-2,E1597
D0189,S142,546,549,1,E1598
D0189,B3198,549,557,-1,E1598
D0189,S165,563,576,13,E1683
D0189,B2477,582,598,-13,E1683
D0190,A075,0,0,7,F5974
D0190,A075,0,0,80,F5954
D0190,A075,0,0,44,F5950
D0190,B6463,2,15,-7,F5974
D0190,B1962,20,45,-44,F5950
D0190,B3041,48,80,-80,F5954
D0190,A077,91,91,4,F6138
D0190,A077,91,91,14,F6135
D0190,A077,91,91,4,F6056
D0190,A077,91,91,13,F6077
D0190,A077,91,91,6,F6118
D0190,A077,91,91,39,F6047
D0190,B6634,99,111,-6,F6118
D0190,B0937,122,133,-4,F6056
D0190,B0211,147,171,-39,F6047
D0190,B3560,203,219,-13,F6077
D0190,B8362,231,247,-14,F6135
D0190,B8719,254,265,-4,F6138
D0190,A067,415,415,21,F5409
D0190,B1948,421,440,-21,F5409
D0190,A066,498,498,15,F5250
D0190,B1042,520,537,-15,F5250
D0191,A077,0,0,5,F6087
D0191,A077,0,0,9,F6070
D0191,A077,0,0,13,F6093
D0191,A077,0,0,22,F6062
D0191,A077,0,0,4,F6101
D0191,A077,0,0,3,F6097
D0191,A077,0,0,3,F6110
D0191,A077,0,0,13,F6140
D0191,B5031,4,20,-13,F6093
D0191,B1759,24,43,-22,F6062
D0191,A075,65,65,22,F5951
D0191,A075,65,65,18,F5946
D0191,A075,65,65,13,F5984
D0191,B2056,69,88,-22,F5951
D0191,B9003,101,117,-13,F6140
D0191,B0883,125,143,-18,F5946
D0191,B4386,156,168,-5,F6087
D0191,B6117,189,199,-3,F6110
D0191,B2544,212,226,-9,F6070
D0191,B5339,232,243,-4,F6101
D0191,B5255,260,270,-3,F6097
D0191,B8673,285,301,-13,F5984
D0191,A066,492,492,10,F5239
D0191,B0262,512,526,-10,F5239
D0192,A078,0,0,5,F6150
D0192,A078,0,0,18,F6151
D0192,B6337,3,21,-18,F6151
D0192,A078,24,24,22,F6149
D0192,A071,27,27,25,F5776
D0192,B2308,35,55,-25,F5776
D0192,B5559,61,80,-22,F6149
D0192,B6238,93,105,-5,F6150
D0192,A067,139,139,24,F5410
D0192,A067,139,139,24,F5442
D0192,A067,139,139,15,F5490
D0192,A067,139,139,17,F5491
D0192,B7762,153,170,-15,F5490
D0192,B2162,186,206,-24,F5410
D0192,B4319,224,244,-24,F5442
D0192,B7777,252,269,-17,F5491
D0192,A066,312,312,9,F5338
D0192,A066,312,312,45,F5277
D0192,A066,312,312,32,F5304
D0192,B4029,332,354,-32,F5304
D0192,B2486,357,382,-45,F5277
D0192,B5997,436,450,-9,F5338
D0192,A070,485,485,52,F5684
D0192,B2412,495,522,-52,F5684
D0193,A065,0,0,64,F5215
D0193,B7144,4,33,-64,F5215
D0193,A065,37,37,10,F5181
D0193,A065,37,37,39,F5183
D0193,A065,37,37,89,F5198
D0193,B5095,41,65,-39,F5183
D0193,B5968,67,100,-89,F5198
D0193,A065,102,102,7,F5217
D0193,A065,102,102,65,F5172
D0193,B3918,103,132,-65,F5172
D0193,A065,133,133,99,F5162
D0193,B4831,134,148,-10,F5181
D0193,B7533,150,163,-7,F5217
D0193,B3273,168,203,-99,F5162
D0193,A065,207,207,68,F5131
D0193,A065,207,207,55,F5231
D0193,S476,210,210,1,E3408
D0193,S460,212,217,1,E3312
D0193,S463,221,223,1,E3329
D0193,B3995,226,234,-1,E3329
D0193,S444,236,241,1,E3239
D0193,S463,243,245,4,E3343
D0193,S455,246,247,2,E3298
D0193,S463,248,257,2,E3351
D0193,B5775,258,266,-1,E3239
D0193,B6407,270,279,-2,E3298
D0193,B8614,281,290,-2,E3351
D0193,B0557,291,299,-1,E3408
D0193,B1533,302,310,-1,E3312
D0193,B7579,319,330,-4,E3343
D0193,S476,337,348,2,E3411
D0193,B6434,349,358,-2,E3411
D0193,B0089,363,393,-68,F5131
D0193,B8742,396,423,-55,F5231
D0193,A065,427,427,42,F5169
D0193,A065,427,427,76,F5228
D0193,B8310,433,464,-76,F5228
D0193,A065,470,470,95,F5218
D0193,B3703,478,502,-42,F5169
D0193,B7576,514,548,-95,F5218
D0193,A065,556,556,68,F5157
D0193,B2512,568,598,-68,F5157
D0194,A092,0,0,33,F6933
D0194,A092,0,0,86,F6924
D0194,B4847,5,38,-86,F6924
D0194,A092,43,43,82,F6918
D0194,B6788,50,72,-33,F6933
D0194,B3804,75,107,-82,F6918
D0194,A092,114,114,62,F6913
D0194,A092,114,114,75,F6919
D0194,B2777,118,147,-62,F6913
D0194,A092,151,151,27,F6923
D0194,B4818,156,177,-27,F6923
D0194,B3916,178,209,-75,F6919
D0194,S454,214,218,1,E3291
D0194,S463,219,219,3,E3339
D0194,S478,221,226,1,E3424
D0194,S463,228,237,2,E3322
D0194,B6665,238,248,-3,E3339
D0194,B8032,256,264,-1,E3291
D0194,B2393,268,276,-1,E3424
D0194,S456,280,283,2,E3304
D0194,S463,284,284,2,E3320
D0194,S463,284,293,2,E3349
D0194,S461,293,294,1,E3316
D0194,B5095,298,306,-1,E3316
D0194,S455,311,314,2,E3297
D0194,B1450,315,324,-2,E3320
D0194,B2248,326,335,-2,E3322
D0194,S471,339,339,1,E3381
D0194,B1735,341,350,-2,E3304
D0194,B1245,352,360,-1,E3381
D0194,S463,364,366,1,E3337
D0194,B6195,369,377,-1,E3337
D0194,B7973,382,391,-2,E3349
D0194,B5154,400,409,-2,E3297
D0194,S491,412,413,3,E3514
D0194,S448,418,418,3,E3273
D0194,S463,419,424,2,E3330
D0194,A065,433,433,60,F5225
D0194,B8097,437,465,-60,F5225
D0194,B2965,467,477,-3,E3514
D0194,B4260,488,497,-2,E3330
D0194,B6665,503,513,-3,E3273
D0194,S458,514,515,2,E3310
D0194,S489,520,529,1,E3494
D0194,B3745,533,541,-1,E3494
D0194,B5775,542,551,-2,E3310
D0194,S429,554,570,14,E3195
D0194,B6407,575,591,-14,E3195
D0195,A067,0,0,82,F5398
D0195,A067,0,0,4,F5455
D0195,A067,0,0,8,F5502
D0195,B0965,16,48,-82,F5398
D0195,B8886,59,72,-8,F5502
D0195,A067,77,77,19,F5429
D0195,A067,77,77,31,F5390
D0195,A067,77,77,13,F5430
D0195,A067,77,77,26,F5424
D0195,A067,77,77,35,F5496
D0195,A067,77,77,6,F5500
D0195,A067,77,77,5,F5385
D0195,B0375,89,111,-31,F5390
D0195,B3439,117,133,-13,F5430
D0195,B8128,144,167,-35,F5496
D0195,A067,177,177,13,F5432
D0195,A067,177,177,21,F5470
D0195,A067,177,177,44,F5449
D0195,B6405,184,203,-21,F5470
D0195,A067,210,210,6,F5433
D0195,A067,210,210,7,F5489
D0195,A067,210,210,10,F5420
D0195,B2843,222,236,-10,F5420
D0195,B4627,241,266,-44,F5449
D0195,B5147,273,284,-4,F5455
D0195,B7738,287,300,-7,F5489
D0195,B3398,305,323,-19,F5429
D0195,B3600,328,344,-13,F5432
D0195,B0075,351,363,-5,F5385
D0195,B8860,372,384,-6,F5500
D0195,B3706,405,417,-6,F5433
D0195,A067,425,425,8,F5436
D0195,A067,425,425,24,F5386
D0195,A067,425,425,82,F5404
D0195,B0104,437,457,-24,F5386
D0195,B4056,464,477,-8,F5436
D0195,B1321,500,532,-82,F5404
D0195,B3061,542,562,-26,F5424
D0196,A090,0,0,73,F6821
D0196,B5039,1,32,-73,F6821
D0196,A090,33,33,75,F6801
D0196,A090,33,33,56,F6839
D0196,B1501,38,69,-75,F6801
D0196,B7105,72,99,-56,F6839
D0196,A090,102,102,59,F6828
D0196,A090,102,102,65,F6802
D0196,B5632,106,134,-59,F6828
D0196,A090,138,138,48,F6848
D0196,S574,227,239,1,E4034
D0196,S573,239,249,2,E3997
D0196,B3765,250,258,-1,E4034
D0196,B4998,267,276,-2,E3997
D0196,B8445,359,385,-48,F6848
D0196,B1508,391,420,-65,F6802
D0196,A090,426,426,54,F6803
D0196,A090,426,426,52,F6816
D0196,B1653,428,455,-54,F6803
D0196,A090,457,457,60,F6796
D0196,B3691,464,491,-52,F6816
D0196,A090,498,498,42,F6810
D0196,A090,498,498,36,F6850
D0196,B3090,502,526,-42,F6810
D0196,B8601,531,554,-36,F6850
D0196,B0678,562,590,-60,F6796
D0197,A066,0,0,19,F5356
D0197,A066,0,0,4,F5357
D0197,A066,0,0,17,F5332
D0197,A066,0,0,8,F5264
D0197,A066,0,0,26,F5364
D0197,A066,0,0,1,F5371
D0197,A066,0,0,7,F5340
D0197,A066,0,0,15,F5350
D0197,A066,0,0,11,F5377
D0197,A066,0,0,3,F5260
D0197,A066,0,0,2,F5238
D0197,A066,0,0,15,F5301
D0197,B1272,10,20,-3,F5260
D0197,B1564,26,39,-8,F5264
D0197,B7592,51,62,-4,F5357
D0197,B5840,74,91,-17,F5332
D0197,B8002,94,114,-26,F5364
D0197,B7539,117,135,-19,F5356
D0197,B6293,152,165,-7,F5340
D0197,A066,170,170,18,F5241
D0197,B8688,179,194,-11,F5377
D0197,B3914,213,230,-15,F5301
D0197,B0205,341,350,-2,F5238
D0197,B8190,387,395,-1,F5371
D0197,B7067,407,424,-15,F5350
D0197,B0412,476,494,-18,F5241
D0198,A070,0,0,6,F5670
D0198,A070,0,0,14,F5760
D0198,A070,0,0,48,F5747
D0198,A070,0,0,45,F5700
D0198,A070,0,0,7,F5685
D0198,B8394,16,32,-14,F5760
D0198,B3973,42,67,-45,F5700
D0198,A070,76,76,26,F5661
D0198,A070,76,76,28,F5763
D0198,B0668,93,113,-26,F5661
D0198,B2558,131,144,-7,F5685
D0198,B8891,155,176,-28,F5763
D0198,B7871,184,210,-48,F5747
D0198,B1459,219,231,-6,F5670
D0198,A066,278,278,5,F5295
D0198,B3498,429,441,-5,F5295
D0199,A081,0,0,62,F6307
D0199,B9098,2,31,-62,F6307
D0199,A081,33,33,99,F6288
D0199,B5945,34,69,-99,F6288
D0199,A081,70,70,48,F6304
D0199,A081,70,70,45,F6275
D0199,B2653,73,98,-45,F6275
D0199,A081,101,101,66,F6273
D0199,B8626,109,135,-48,F6304
D0199,A069,149,149,56,F5579
D0199,B0962,151,178,-56,F5579
D0199,B2157,196,225,-66,F6273
D0199,S201,226,229,2,E1856
D0199,S237,233,240,4,E2068
D0199,S237,240,249,6,E2067
D0199,B1966,251,263,-6,E2067
D0199,B5951,265,274,-2,E1856
D0199,S201,277,278,2,E1835
D0199,S201,278,278,2,E1862
D0199,S237,282,285,2,E2061
D0199,B1248,285,294,-2,E2061
D0199,B4155,298,307,-2,E1835
D0199,B5365,310,321,-4,E2068
D0199,S232,321,321,2,E2047
D0199,B5945,322,331,-2,E2047
D0199,B0767,332,341,-2,E1862
D0199,A070,427,427,83,F5659
D0199,B0645,438,470,-83,F5659
D0199,A081,548,548,96,F6287
D0199,B5601,551,585,-96,F6287
D0199,S237,588,589,1,E2064
D0199,B1248,589,597,-1,E2064
D0200,A088,0,0,63,F6697
D0200,A088,0,0,51,F6693
D0200,B3842,4,33,-63,F6697
D0200,B2591,36,62,-51,F6693
D0200,A088,64,64,54,F6704
D0200,A088,64,64,70,F6694
D0200,B6312,67,94,-54,F6704
D0200,A089,104,104,69,F6744
D0200,B3462,112,142,-69,F6744
D0200,B2751,159,189,-70,F6694
D0200,S525,190,225,1,E3785
D0200,B3187,226,234,-1,E3785
D0200,S533,242,245,4,E3823
D0200,S510,255,267,6,E3606
D0200,A092,273,273,93,F6911
D0200,S532,287,299,3,E3813
D0200,B3789,300,310,-3,E3813
D0200,B6022,319,330,-4,E3823
D0200,B5698,341,353,-6,E3606
D0200,B2500,358,392,-93,F6911
D0200,A089,411,411,65,F6719
D0200,A089,411,411,63,F6789
D0200,B0605,417,446,-65,F6719
D0200,A089,452,452,70,F6734
D0200,B2310,461,491,-70,F6734
D0200,B9033,496,525,-63,F6789
D0200,A082,567,567,23,F6327
D0200,B2579,574,593,-23,F6327
D0201,A087,0,0,2,F6683
D0201,A087,0,0,10,F6641
D0201,A087,0,0,2,F6681
D0201,A087,0,0,21,F6630
D0201,A087,0,0,10,F6600
D0201,A087,0,0,1,F6677
D0201,A087,0,0,5,F6661
D0201,A087,0,0,14,F6591
D0201,A087,0,0,9,F6639
D0201,A087,0,0,26,F6643
D0201,A087,0,0,16,F6660
D0201,A087,0,0,24,F6647
D0201,B6274,12,29,-16,F6660
D0201,B1140,41,55,-10,F6600
D0201,B8675,60,69,-2,F6681
D0201,B0297,83,99,-14,F6591
D0201,A087,111,111,10,F6642
D0201,A087,111,111,28,F6614
D0201,B4741,126,140,-10,F6641
D0201,B8561,154,162,-1,F6677
D0201,B5215,191,211,-26,F6643
D0201,B3734,212,231,-21,F6630
D0201,A087,261,261,21,F6656
D0201,A087,261,261,6,F6665
D0201,A087,261,261,33,F6629
D0201,B6929,275,287,-6,F6665
D0201,B6029,291,310,-21,F6656
D0201,A087,326,326,18,F6636
D0201,B9024,370,379,-2,F6683
D0201,B4867,382,396,-10,F6642
D0201,B6418,400,412,-5,F6661
D0201,B3723,419,441,-33,F6629
D0201,B5440,447,467,-24,F6647
D0201,B4609,481,495,-9,F6639
D0201,B2354,501,522,-28,F6614
D0201,B4430,555,573,-18,F6636
D0202,A064,0,0,61,F5127
D0202,B5882,3,31,-61,F5127
D0202,A080,34,34,51,F6255
D0202,A080,34,34,80,F6248
D0202,B7516,37,63,-51,F6255
D0202,B4635,64,96,-80,F6248
D0202,A090,152,152,90,F6836
D0202,B6649,156,189,-90,F6836
D0202,S367,237,239,1,E2818
D0202,S367,239,255,1,E2815
D0202,B0423,262,270,-1,E2815
D0202,S374,279,285,2,E2841
D0202,S367,288,292,1,E2816
D0202,B0560,294,303,-2,E2841
D0202,B8535,307,315,-1,E2818
D0202,S385,321,323,1,E2910
D0202,A064,328,328,77,F5130
D0202,B9181,329,360,-77,F5130
D0202,B5594,366,374,-1,E2910
D0202,B5252,380,388,-1,E2816
D0202,S374,392,400,4,E2850
D0202,B8560,401,412,-4,E2850
D0202,S376,416,416,2,E2862
D0202,A080,423,423,42,F6239
D0202,B2163,423,447,-42,F6239
D0202,S375,454,456,1,E2858
D0202,B0291,458,467,-2,E2862
D0202,B1713,470,478,-1,E2858
D0202,A088,506,506,53,F6689
D0202,B1225,509,536,-53,F6689
D0202,S525,545,552,1,E3789
D0202,B7149,553,561,-1,E3789
D0202,S463,578,582,2,E3319
D0202,B1186,584,593,-2,E3319
D0203,A063,0,0,29,F5104
D0203,A063,0,0,71,F5103
D0203,B6930,3,24,-29,F5104
D0203,B6833,29,59,-71,F5103
D0203,A063,63,63,57,F5092
D0203,A063,63,63,71,F5075
D0203,B5217,66,94,-57,F5092
D0203,A085,100,100,49,F6523
D0203,B6741,106,132,-49,F6523
D0203,B2731,135,165,-71,F5075
D0203,A063,171,171,52,F5105
D0203,A063,171,171,87,F5102
D0203,B7055,176,203,-52,F5105
D0203,A063,208,208,47,F5094
D0203,B6818,215,248,-87,F5102
D0203,B5618,251,277,-47,F5094
D0203,S165,286,329,16,E1693
D0203,B3960,427,444,-16,E1693
D0203,A066,467,467,12,F5309
D0203,B4187,488,503,-12,F5309
D0204,A082,0,0,2,F6363
D0204,A082,0,0,47,F6345
D0204,B4502,13,39,-47,F6345
D0204,A082,52,52,27,F6354
D0204,A082,52,52,6,F6329
D0204,A082,52,52,36,F6316
D0204,A082,52,52,7,F6315
D0204,A082,52,52,38,F6380
D0204,A082,52,52,24,F6310
D0204,B0987,60,73,-7,F6315
D0204,B6010,85,94,-2,F6363
D0204,B2761,101,113,-6,F6329
D0204,B0141,126,146,-24,F6310
D0204,A082,152,152,4,F6337
D0204,A082,152,152,32,F6330
D0204,B2990,158,180,-32,F6330
D0204,A082,186,186,14,F6312
D0204,A082,186,186,17,F6331
D0204,B3022,199,216,-17,F6331
D0204,B0563,218,234,-14,F6312
D0204,B9050,241,264,-38,F6380
D0204,A082,273,273,72,F6323
D0204,B0991,283,306,-36,F6316
D0204,A082,316,316,2,F6343
D0204,A082,316,316,34,F6376
D0204,B8341,332,354,-34,F6376
D0204,B1904,357,387,-72,F6323
D0204,A082,400,400,23,F6309
D0204,A082,400,400,8,F6375
D0204,B8194,409,422,-8,F6375
D0204,B3962,466,477,-4,F6337
D0204,B4374,494,503,-2,F6343
D0204,B5342,511,532,-27,F6354
D0204,B0134,533,552,-23,F6309
D0205,A083,0,0,80,F6388
D0205,A083,0,0,59,F6428
D0205,B1284,15,47,-80,F6388
D0205,A068,100,100,16,F5563
D0205,A068,100,100,43,F5511
D0205,B0303,105,130,-43,F5511
D0205,B8430,133,150,-16,F5563
D0205,B5470,195,223,-59,F6428
D0205,A083,225,225,52,F6406
D0205,A083,225,225,27,F6435
D0205,A083,225,225,47,F6389
D0205,B1287,231,257,-47,F6389
D0205,S335,264,266,2,E2635
D0205,S335,266,266,3,E2644
D0205,B7554,268,278,-3,E2644
D0205,S335,280,283,2,E2638
D0205,B3215,285,294,-2,E2638
D0205,S323,300,307,10,E2547
D0205,S312,310,319,1,E2484
D0205,B2955,325,334,-2,E2635
D0205,B7600,336,344,-1,E2484
D0205,B9080,346,360,-10,E2547
D0205,S285,366,439,1,E2382
D0205,B4825,446,454,-1,E2382
D0205,B6324,462,483,-27,F6435
D0205,B3020,490,517,-52,F6406
D0205,A070,569,569,20,F5707
D0205,B4720,574,592,-20,F5707
D0206,A093,0,0,46,F6992
D0206,A093,0,0,40,F6979
D0206,B8410,5,30,-46,F6992
D0206,B5621,34,58,-40,F6979
D0206,A093,60,60,69,F6984
D0206,A093,60,60,67,F6986
D0206,B6673,64,94,-69,F6984
D0206,B7096,98,128,-67,F6986
D0206,A093,129,129,93,F6957
D0206,A093,129,129,32,F6952
D0206,B2868,132,166,-93,F6957
D0206,A093,169,169,56,F6982
D0206,B6259,174,201,-56,F6982
D0206,B2058,203,225,-32,F6952
D0206,A093,230,230,66,F6960
D0206,A093,230,230,56,F6995
D0206,S412,247,247,5,E2985
D0206,B3262,248,260,-5,E2985
D0206,B2977,273,302,-66,F6960
D0206,A093,308,308,60,F6946
D0206,B0960,312,340,-60,F6946
D0206,B9054,341,368,-56,F6995
D0206,A093,372,372,13,F6953
D0206,A093,372,372,99,F6950
D0206,B1442,374,409,-99,F6950
D0206,A093,411,411,37,F6971
D0206,A093,411,411,59,F6942
D0206,B2276,414,430,-13,F6953
D0206,B0236,433,461,-59,F6942
D0206,A093,466,466,82,F6985
D0206,B6825,471,503,-82,F6985
D0206,B4574,510,533,-37,F6971
D0206,A076,545,545,36,F6036
D0206,A076,545,545,28,F6042
D0206,B8955,550,571,-28,F6042
D0206,B7886,577,600,-36,F6036
D0207,A071,0,0,38,F5782
D0207,A071,0,0,37,F5771
D0207,A071,0,0,56,F5786
D0207,B3317,6,29,-38,F5782
D0207,A071,35,35,15,F5770
D0207,A071,35,35,16,F5792
D0207,B0759,44,61,-15,F5770
D0207,B4298,70,97,-56,F5786
D0207,B1768,100,123,-37,F5771
D0207,B6217,134,151,-16,F5792
D0207,A078,164,164,26,F6146
D0207,A078,164,164,7,F6143
D0207,B1145,166,179,-7,F6143
D0207,B1959,184,204,-26,F6146
D0207,A070,304,304,28,F5764
D0207,B8928,309,330,-28,F5764
D0207,A066,373,373,35,F5328
D0207,B5595,385,408,-35,F5328
D0207,A067,460,460,55,F5439
D0207,A067,460,460,12,F5425
D0207,A067,460,460,31,F5437
D0207,B4166,467,489,-31,F5437
D0207,B4288,494,521,-55,F5439
D0207,B3111,528,543,-12,F5425
D0207,S066,561,571,1,E1232
D0207,B0595,572,580,-1,E1232
D0208,A079,0,0,41,F6211
D0208,A079,0,0,13,F6182
D0208,A079,0,0,42,F6210
D0208,A079,0,0,25,F6163
D0208,B6344,4,28,-41,F6211
D0208,A079,32,32,32,F6191
D0208,B0643,43,63,-25,F6163
D0208,B2746,72,88,-13,F6182
D0208,B6299,98,122,-42,F6210
D0208,B3716,127,149,-32,F6191
D0208,A079,157,157,31,F6193
D0208,A079,157,157,42,F6181
D0208,A079,157,157,34,F6161
D0208,B3727,170,192,-31,F6193
D0208,B2707,201,225,-42,F6181
D0208,B0242,235,257,-34,F6161
D0208,A072,265,265,18,F5830
D0208,A072,265,265,44,F5886
D0208,A072,265,265,36,F5845
D0208,A072,265,265,25,F5837
D0208,S572,274,284,1,E3970
D0208,B8489,287,312,-44,F5886
D0208,S585,314,315,2,E4109
D0208,S580,322,324,3,E4088
D0208,B0373,324,334,-3,E4088
D0208,S586,341,342,1,E4115
D0208,B0581,344,352,-1,E4115
D0208,A072,361,361,58,F5822
D0208,B5242,372,380,-1,E3970
D0208,S573,389,390,1,E3999
D0208,B0581,397,406,-2,E4109
D0208,B1658,408,436,-58,F5822
D0208,B5241,441,449,-1,E3999
D0208,S573,449,455,3,E3993
D0208,B3844,461,471,-3,E3993
D0208,S578,478,503,1,E4068
D0208,B4128,504,512,-1,E4068
D0208,B3770,518,541,-36,F5845
D0208,B3082,551,571,-25,F5837
D0208,B2613,578,596,-18,F5830
D0209,A076,0,0,77,F6002
D0209,B2611,2,33,-77,F6002
D0209,A076,35,35,63,F6001
D0209,A076,35,35,33,F6041
D0209,A076,35,35,36,F6021
D0209,B5795,39,62,-36,F6021
D0209,A076,66,66,18,F6005
D0209,B8931,73,95,-33,F6041
D0209,B2333,103,132,-63,F6001
D0209,A076,146,146,42,F6033
D0209,A076,146,146,75,F6019
D0209,B5236,152,183,-75,F6019
D0209,B7132,187,211,-42,F6033
D0209,B3576,217,235,-18,F6005
D0209,A070,289,289,2,F5671
D0209,A070,289,289,3,F5691
D0209,B2945,292,302,-3,F5691
D0209,B1479,443,452,-2,F5671
D0210,A084,0,0,89,F6476
D0210,B7454,3,36,-89,F6476
D0210,A084,39,39,73,F6468
D0210,A084,39,39,58,F6467
D0210,B3839,40,71,-73,F6468
D0210,B2996,76,104,-58,F6467
D0210,A074,111,111,43,F5912
D0210,B0208,112,137,-43,F5912
D0210,A080,142,142,68,F6251
D0210,B6013,146,176,-68,F6251
D0210,A080,180,180,76,F6236
D0210,B1530,185,216,-76,F6236
D0210,S323,226,227,10,E2541
D0210,S276,235,239,1,E2354
D0210,S285,242,251,1,E2383
D0210,B8958,256,264,-1,E2354
D0210,B2828,278,292,-10,E2541
D0210,B0993,305,313,-1,E2383
D0210,A081,319,319,4,F6284
D0210,A081,319,319,59,F6278
D0210,B3448,326,354,-59,F6278
D0210,S169,357,357,1,E1716
D0210,B4909,364,375,-4,F6284
D0210,B4672,378,386,-1,E1716
D0210,S274,388,396,3,E2346
D0210,B4578,396,406,-3,E2346
D0210,S201,413,415,1,E1831
D0210,B0291,437,445,-1,E1831
D0210,A083,480,480,25,F6437
D0210,B7030,484,504,-25,F6437
D0210,S335,513,537,5,E2636
D0210,B2955,538,550,-5,E2636
D0210,A083,563,563,69,F6404
D0210,B2612,569,599,-69,F6404
D0211,A085,0,0,54,F6530
D0211,A085,0,0,70,F6500
D0211,B7452,10,37,-54,F6530
D0211,B2976,49,79,-70,F6500
D0211,A063,90,90,35,F5100
D0211,A063,90,90,86,F5084
D0211,B6367,91,114,-35,F5100
D0211,B3925,117,150,-86,F5084
D0211,A085,156,156,78,F6539
D0211,A085,156,156,34,F6521
D0211,B6397,158,180,-34,F6521
D0211,A085,182,182,60,F6484
D0211,B8788,188,219,-78,F6539
D0211,A063,226,226,11,F5106
D0211,A063,226,226,68,F5071
D0211,B7398,230,245,-11,F5106
D0211,B1876,250,280,-68,F5071
D0211,A085,290,290,72,F6526
D0211,B6891,300,330,-72,F6526
D0211,A085,340,340,67,F6515
D0211,B0409,350,378,-60,F6484
D0211,B5438,379,409,-67,F6515
D0211,S165,418,419,2,E1680
D0211,B1600,422,431,-2,E1680
D0211,A063,447,447,37,F5079
D0211,A085,456,456,74,F6494
D0211,B2010,465,496,-74,F6494
D0211,B3478,500,523,-37,F5079
D0211,S136,536,542,9,E1578
D0211,B6444,547,561,-9,E1578
D0211,A069,562,562,27,F5649
D0211,B8885,567,588,-27,F5649
D0212,A074,0,0,51,F5927
D0212,A074,0,0,63,F5918
D0212,B3069,5,34,-63,F5918
D0212,B6488,37,63,-51,F5927
D0212,S463,71,323,1,E3348
D0212,B7768,579,587,-1,E3348
D0213,A068,0,0,70,F5567
D0213,B8794,3,33,-70,F5567
D0213,A068,36,36,62,F5564
D0213,A068,36,36,76,F5529
D0213,B2886,37,68,-76,F5529
D0213,A068,69,69,45,F5539
D0213,A068,69,69,31,F5571
D0213,B8611,70,99,-62,F5564
D0213,B4474,104,129,-45,F5539
D0213,B9093,133,155,-31,F5571
D0213,A068,156,156,43,F5561
D0213,A068,156,156,19,F5570
D0213,A068,156,156,66,F5544
D0213,B5469,158,187,-66,F5544
D0213,A068,189,189,45,F5545
D0213,A068,189,189,31,F5515
D0213,B5684,194,219,-45,F5545
D0213,B8910,228,246,-19,F5570
D0213,B1401,252,274,-31,F5515
D0213,B8200,277,302,-43,F5561
D0213,A070,356,356,32,F5681
D0213,A070,356,356,4,F5695
D0213,B3360,464,475,-4,F5695
D0213,B2241,564,586,-32,F5681
D0214,A091,0,0,65,F6891
D0214,B7459,3,32,-65,F6891
D0214,A091,35,35,1,F6869
D0214,A091,35,35,58,F6885
D0214,A091,35,35,55,F6866
D0214,B2286,38,65,-55,F6866
D0214,B2830,71,79,-1,F6869
D0214,B6362,87,115,-58,F6885
D0214,A066,266,266,4,F5244
D0214,B0559,423,434,-4,F5244
D0215,A086,0,0,83,F6553
D0215,B2193,8,40,-83,F6553
D0215,A086,48,48,30,F6567
D0215,A086,48,48,44,F6559
D0215,A086,48,48,18,F6586
D0215,B5706,54,75,-30,F6567
D0215,B3936,80,105,-44,F6559
D0215,B8266,108,126,-18,F6586
D0215,A066,300,300,1,F5367
D0215,B8093,475,483,-1,F5367
D0216,A080,0,0,68,F6257
D0216,A080,0,0,68,F6247
D0216,B4292,3,33,-68,F6247
D0216,B7976,34,64,-68,F6257
D0216,A073,68,68,49,F5900
D0216,B4467,70,96,-49,F5900
D0216,A074,99,99,31,F5923
D0216,A074,99,99,47,F5938
D0216,B4378,104,126,-31,F5923
D0216,B8808,127,153,-47,F5938
D0216,A064,161,161,94,F5126
D0216,B4780,161,195,-94,F5126
D0216,S374,204,211,3,E2834
D0216,S382,214,217,3,E2889
D0216,B1420,221,231,-3,E2889
D0216,S374,236,238,2,E2852
D0216,B3260,239,249,-3,E2834
D0216,S374,250,250,2,E2845
D0216,B8584,250,259,-2,E2852
D0216,B5907,260,269,-2,E2845
D0216,S385,273,287,1,E2909
D0216,B4480,411,419,-1,E2909
D0216,A090,497,497,97,F6798
D0216,B0998,507,542,-97,F6798
D0217,A073,0,0,61,F5906
D0217,B6371,2,30,-61,F5906
D0217,A074,37,37,95,F5931
D0217,B7314,45,79,-95,F5931
D0217,A092,89,89,80,F6931
D0217,B6502,92,124,-80,F6931
D0217,A065,140,140,57,F5194
D0217,B5785,147,175,-57,F5194
D0217,S489,186,217,3,E3509
D0217,B8614,219,229,-3,E3509
D0217,S561,259,275,1,E3938
D0217,B4067,278,286,-1,E3938
D0217,A065,317,317,51,F5137
D0217,A065,317,317,80,F5166
D0217,B3415,322,354,-80,F5166
D0217,A065,359,359,49,F5150
D0217,B0540,365,391,-51,F5137
D0217,B1735,402,428,-49,F5150
D0217,A089,456,456,58,F6728
D0217,A089,456,456,39,F6760
D0217,B5151,464,488,-39,F6760
D0217,S503,506,509,4,E3582
D0217,B2276,521,532,-4,E3582
D0217,B1954,568,596,-58,F6728
D0218,A099,0,0,88,F7333
D0218,A099,0,0,18,F7439
D0218,A099,0,0,6,F7487
D0218,A099,0,0,3,F7483
D0218,A099,0,0,25,F7448
D0218,B0096,26,59,-88,F7333
D0218,A099,85,85,11,F7490
D0218,A099,85,85,21,F7355
D0218,A099,85,85,5,F7484
D0218,A099,85,85,15,F7519
D0218,A099,85,85,9,F7405
D0218,B3120,137,151,-9,F7405
D0218,B6707,156,168,-6,F7487
D0218,B4239,188,206,-18,F7439
D0218,S636,214,215,1,E4706
D0218,B6459,221,231,-3,F7483
D0218,S634,238,246,1,E4661
D0218,S634,246,250,1,E4659
D0218,B6863,262,277,-11,F7490
D0218,S634,289,293,2,E4669
D0218,B2807,296,304,-1,E4661
D0218,B2807,304,312,-1,E4706
D0218,B1300,314,322,-1,E4659
D0218,B8547,332,349,-15,F7519
D0218,S642,360,362,1,E4764
D0218,B4951,364,373,-2,E4669
D0218,B6148,380,388,-1,E4764
D0218,B0914,401,420,-21,F7355
D0218,B4889,436,456,-25,F7448
D0218,B6511,485,497,-5,F7484
D0218,A099,529,529,93,F7505
D0218,B7694,538,572,-93,F7505
D0218,S617,573,583,7,E4430
D0218,B3644,585,598,-7,E4430
D0219,A119,0,0,9,F8898
D0219,A119,0,0,40,F8873
D0219,A119,0,0,19,F8874
D0219,A119,0,0,12,F8882
D0219,A119,0,0,28,F8869
D0219,B4273,7,22,-12,F8882
D0219,B2280,29,50,-28,F8869
D0219,B3005,52,76,-40,F8873
D0219,B3017,85,103,-19,F8874
D0219,A119,106,106,35,F8865
D0219,A119,106,106,9,F8892
D0219,B6411,113,127,-9,F8898
D0219,B1734,129,152,-35,F8865
D0219,B5782,164,178,-9,F8892
D0219,S023,263,270,1,E0536
D0219,B6540,392,400,-1,E0536
D0219,S023,522,532,1,E0535
D0219,B0434,539,547,-1,E0535
D0220,A110,0,0,50,F8243
D0220,A110,0,0,84,F8205
D0220,B5721,4,30,-50,F8243
D0220,A110,34,34,11,F8241
D0220,A110,34,34,21,F8222
D0220,B5477,42,57,-11,F8241
D0220,B2887,68,87,-21,F8222
D0220,B1419,91,123,-84,F8205
D0220,A110,132,132,41,F8204
D0220,A110,132,132,27,F8227
D0220,A110,132,132,10,F8244
D0220,A110,132,132,31,F8258
D0220,B1405,145,169,-41,F8204
D0220,B6734,176,198,-31,F8258
D0220,B5787,200,214,-10,F8244
D0220,B3663,216,237,-27,F8227
D0220,A103,249,249,6,F7687
D0220,A103,249,249,15,F7740
D0220,A103,249,249,70,F7738
D0220,A103,249,249,6,F7766
D0220,A103,249,249,25,F7722
D0220,B9086,256,268,-6,F7766
D0220,B3866,277,297,-25,F7722
D0220,B6270,314,331,-15,F7740
D0220,B0438,342,354,-6,F7687
D0220,B5998,367,397,-70,F7738
D0220,S012,469,538,1,E0141
D0220,B6350,545,553,-1,E0141
D0221,A120,0,0,17,F8932
D0221,A120,0,0,11,F8924
D0221,A120,0,0,4,F8988
D0221,A120,0,0,15,F8960
D0221,B4921,20,37,-15,F8960
D0221,B7914,41,52,-4,F8988
D0221,B1010,56,71,-11,F8924
D0221,B1938,79,96,-17,F8932
D0221,A099,143,143,17,F7449
D0221,A099,143,143,11,F7453
D0221,A099,143,143,6,F7503
D0221,A099,143,143,89,F7441
D0221,A099,143,143,13,F7392
D0221,B5036,161,176,-11,F7453
D0221,A099,194,194,14,F7504
D0221,B2586,198,214,-13,F7392
D0221,S621,224,230,1,E4498
D0221,B4435,231,239,-1,E4498
D0221,S619,240,242,2,E4458
D0221,S618,242,245,1,E4447
D0221,S617,246,248,4,E4417
D0221,B4914,262,279,-17,F7449
D0221,S630,294,297,2,E4608
D0221,S619,297,298,4,E4471
D0221,B2451,299,310,-4,E4417
D0221,S627,312,314,3,E4539
D0221,B2451,316,325,-2,E4458
D0221,S619,326,326,1,E4472
D0221,B3644,327,335,-1,E4447
D0221,B3644,335,346,-4,E4471
D0221,S624,347,350,1,E4523
D0221,B3644,351,359,-1,E4472
D0221,B2451,360,369,-2,E4608
D0221,B2451,369,379,-3,E4539
D0221,S631,381,389,9,E4638
D0221,B4435,390,423,-89,F7441
D0221,B4435,423,431,-1,E4523
D0221,B7597,435,451,-14,F7504
D0221,S632,455,458,2,E4650
D0221,B1782,464,478,-9,E4638
D0221,B3644,485,494,-2,E4650
D0221,B7435,509,521,-6,F7503
D0221,S611,538,580,1,E4334
D0221,B3644,585,593,-1,E4334
D0222,A097,0,0,20,F7271
D0222,A097,0,0,51,F7238
D0222,A097,0,0,41,F7229
D0222,B8792,8,26,-20,F7271
D0222,B4870,29,55,-51,F7238
D0222,A118,97,97,48,F8844
D0222,A103,174,174,38,F7721
D0222,B3826,181,204,-38,F7721
D0222,B5295,279,305,-48,F8844
D0222,A097,339,339,31,F7259
D0222,A097,339,339,34,F7223
D0222,A097,339,339,31,F7208
D0222,B2907,352,374,-34,F7223
D0222,B7142,377,399,-31,F7259
D0222,B3423,402,426,-41,F7229
D0222,B1257,428,450,-31,F7208
D0222,A100,475,475,2,F7539
D0222,A100,475,475,12,F7555
D0222,B5887,478,493,-12,F7555
D0222,A100,496,496,10,F7549
D0222,A100,496,496,30,F7540
D0222,B2588,505,526,-30,F7540
D0222,B3943,530,544,-10,F7549
D0222,B2112,554,563,-2,F7539
D0223,A116,0,0,29,F8657
D0223,A116,0,0,50,F8668
D0223,A116,0,0,48,F8674
D0223,B5859,5,26,-29,F8657
D0223,A116,31,31,20,F8632
D0223,B4648,39,57,-20,F8632
D0223,A116,65,65,30,F8651
D0223,B6747,75,101,-48,F8674
D0223,A108,122,122,4,F8103
D0223,A108,122,122,55,F8036
D0223,B8415,142,153,-4,F8103
D0223,B2061,177,204,-55,F8036
D0223,S016,212,217,3,E0219
D0223,S016,217,218,1,E0293
D0223,S026,219,219,1,E0614
D0223,S011,220,227,2,E0112
D0223,S014,227,233,2,E0169
D0223,B0064,234,242,-1,E0293
D0223,B5710,243,252,-2,E0169
D0223,S008,253,253,2,E0081
D0223,B3341,255,265,-3,E0219
D0223,S016,266,267,2,E0240
D0223,S016,267,274,1,E0270
D0223,S012,274,279,1,E0127
D0223,B6315,281,290,-2,E0112
D0223,S003,295,299,4,E0035
D0223,B7861,299,307,-1,E0614
D0223,B3569,310,321,-4,E0035
D0223,B3569,321,330,-2,E0240
D0223,B3341,332,340,-1,E0127
D0223,B1036,342,351,-2,E0081
D0223,S052,352,352,1,E1013
D0223,B5143,355,363,-1,E0270
D0223,S048,366,366,2,E0962
D0223,S045,367,368,2,E0927
D0223,B6315,369,378,-2,E0962
D0223,B6315,378,386,-1,E1013
D0223,S021,387,393,2,E0434
D0223,S015,394,397,1,E0184
D0223,B5587,409,430,-30,F8651
D0223,S016,442,450,1,E0256
D0223,B7861,453,462,-2,E0927
D0223,S054,467,468,6,E1038
D0223,B3341,470,478,-1,E0184
D0223,S039,479,480,1,E0771
D0223,S021,481,483,1,E0437
D0223,B3341,483,492,-2,E0434
D0223,B3341,492,500,-1,E0771
D0223,B6350,506,532,-50,F8668
D0223,B0434,533,541,-1,E0256
D0223,B6315,546,558,-6,E1038
D0223,B3341,559,567,-1,E0437
D0223,S018,568,582,1,E0375
D0223,B5710,583,591,-1,E0375
D0224,A124,0,0,45,F9208
D0224,B6476,6,31,-45,F9208
D0224,A124,37,37,24,F9179
D0224,B0498,44,64,-24,F9179
D0224,A123,95,95,20,F9090
D0224,B0846,112,130,-20,F9090
D0224,A123,147,147,59,F9084
D0224,A123,147,147,63,F9110
D0224,B3344,162,191,-63,F9110
D0224,B0009,205,233,-59,F9084
D0224,A117,258,258,3,F8811
D0224,B7495,284,294,-3,F8811
D0224,A117,320,320,42,F8720
D0224,A117,320,320,3,F8828
D0224,B8963,328,338,-3,F8828
D0224,B0791,348,372,-42,F8720
D0224,S611,423,432,2,E4329
D0224,S611,432,434,1,E4336
D0224,B3652,437,445,-1,E4336
D0224,B2643,448,457,-2,E4329
D0224,S625,462,562,1,E4529
D0224,B3644,563,571,-1,E4529
D0225,A121,0,0,84,F9016
D0225,B3282,3,35,-84,F9016
D0225,A121,38,38,93,F8996
D0225,B0450,39,73,-93,F8996
D0225,A121,74,74,82,F9008
D0225,B1957,77,109,-82,F9008
D0225,A121,112,112,18,F8997
D0225,A121,112,112,85,F9029
D0225,B0476,117,135,-18,F8997
D0225,B5258,136,169,-85,F9029
D0225,A098,178,178,58,F7329
D0225,B9158,185,213,-58,F7329
D0225,A107,224,224,56,F7951
D0225,A107,224,224,78,F7980
D0225,B0015,233,260,-56,F7951
D0225,B4531,264,295,-78,F7980
D0225,A107,300,300,48,F7953
D0225,A107,300,300,61,F7984
D0225,B0396,303,329,-48,F7953
D0225,A107,332,332,70,F7987
D0225,B5173,338,366,-61,F7984
D0225,B5821,369,399,-70,F7987
D0225,A123,458,458,10,F9147
D0225,B6092,476,490,-10,F9147
D0225,A117,509,509,14,F8735
D0225,B1778,521,537,-14,F8735
D0226,A100,0,0,19,F7528
D0226,A100,0,0,29,F7541
D0226,B2796,5,26,-29,F7541
D0226,A100,31,31,41,F7542
D0226,B3103,35,59,-41,F7542
D0226,B0522,72,90,-19,F7528
D0226,A099,223,223,7,F7425
D0226,A099,223,223,33,F7416
D0226,A099,223,223,21,F7488
D0226,A099,223,223,10,F7432
D0226,A099,223,223,21,F7515
D0226,A099,223,223,23,F7478
D0226,B6215,242,261,-23,F7478
D0226,B8376,285,304,-21,F7515
D0226,B3752,307,320,-7,F7425
D0226,B6798,326,345,-21,F7488
D0226,B4073,366,380,-10,F7432
D0226,B3497,392,414,-33,F7416
D0226,S633,439,529,10,E4654
D0226,B1782,537,551,-10,E4654
D0227,A122,0,0,99,F9063
D0227,B2458,4,39,-99,F9063
D0227,A121,63,63,78,F9014
D0227,B3124,65,96,-78,F9014
D0227,A110,158,158,76,F8195
D0227,A110,158,158,43,F8226
D0227,B0565,180,211,-76,F8195
D0227,B3585,217,242,-43,F8226
D0227,A109,311,311,25,F8111
D0227,A109,311,311,48,F8135
D0227,B2819,399,425,-48,F8135
D0227,B0029,436,456,-25,F8111
D0228,A094,0,0,83,F7019
D0228,A096,6,6,47,F7179
D0228,B1671,12,38,-47,F7179
D0228,B4036,45,77,-83,F7019
D0228,A107,103,103,47,F7982
D0228,B4681,108,134,-47,F7982
D0228,S014,256,343,1,E0152
D0228,B1548,470,478,-1,E0152
D0229,A104,0,0,55,F7775
D0229,B2727,4,31,-55,F7775
D0229,A122,48,48,94,F9068
D0229,B3917,49,83,-94,F9068
D0229,A118,91,91,33,F8839
D0229,B3978,94,116,-33,F8839
D0229,A097,151,151,19,F7230
D0229,A097,151,151,10,F7244
D0229,A097,151,151,65,F7247
D0229,B5911,163,192,-65,F7247
D0229,A097,204,204,15,F7207
D0229,A097,204,204,30,F7225
D0229,A097,204,204,8,F7248
D0229,A097,204,204,44,F7252
D0229,B1135,219,236,-15,F7207
D0229,B5566,241,255,-10,F7244
D0229,B6567,260,285,-44,F7252
D0229,B3000,295,316,-30,F7225
D0229,B6077,322,335,-8,F7248
D0229,A106,388,388,6,F7942
D0229,A106,388,388,2,F7887
D0229,B8728,404,416,-6,F7942
D0229,B2762,463,472,-2,F7887
D0229,B3658,573,591,-19,F7230
D0230,A114,0,0,9,F8516
D0230,A114,0,0,53,F8461
D0230,A114,0,0,18,F8513
D0230,A114,0,0,39,F8489
D0230,B4888,6,30,-39,F8489
D0230,A114,36,36,22,F8464
D0230,B7514,43,61,-18,F8513
D0230,B1209,66,93,-53,F8461
D0230,A094,105,105,66,F7002
D0230,B1059,108,137,-66,F7002
D0230,A096,142,142,15,F7178
D0230,A096,142,142,91,F7177
D0230,B1057,145,162,-15,F7178
D0230,A124,176,176,15,F9180
D0230,B0756,180,197,-15,F9180
D0230,B0485,213,247,-91,F7177
D0230,A096,252,252,33,F7194
D0230,B7468,254,276,-33,F7194
D0230,A114,297,297,13,F8515
D0230,A114,297,297,29,F8487
D0230,A114,297,297,52,F8480
D0230,B2911,299,326,-52,F8480
D0230,A114,328,328,66,F8481
D0230,B4755,329,350,-29,F8487
D0230,B7810,352,368,-13,F8515
D0230,B1537,370,389,-22,F8464
D0230,B3091,394,423,-66,F8481
D0230,B7827,428,442,-9,F8516
D0230,S012,511,535,1,E0129
D0230,B3341,536,544,-1,E0129
D0231,A101,0,0,71,F7573
D0231,B2384,3,33,-71,F7573
D0231,A101,36,36,76,F7594
D0231,B6647,38,69,-76,F7594
D0231,A101,71,71,80,F7571
D0231,B2074,81,113,-80,F7571
D0231,A121,134,134,2,F9030
D0231,B5404,139,148,-2,F9030
D0231,A098,154,154,59,F7315
D0231,B6925,157,185,-59,F7315
D0231,A115,190,190,81,F8549
D0231,B5907,195,227,-81,F8549
D0231,A122,250,250,64,F9059
D0231,S479,268,270,1,E3428
D0231,S481,270,273,1,E3446
D0231,B1766,285,293,-1,E3428
D0231,B2095,300,308,-1,E3446
D0231,S472,314,354,3,E3388
D0231,B8363,363,373,-3,E3388
D0231,B1625,397,426,-64,F9059
D0231,A094,501,501,62,F7052
D0231,A096,507,507,57,F7185
D0231,B5199,512,540,-57,F7185
D0231,B8610,551,580,-62,F7052
D0232,A095,0,0,13,F7161
D0232,A095,0,0,47,F7172
D0232,A095,0,0,16,F7170
D0232,A119,25,25,46,F8896
D0232,B6272,40,65,-46,F8896
D0232,B8933,68,85,-16,F7170
D0232,B9124,94,120,-47,F7172
D0232,B8182,122,138,-13,F7161
D0232,A095,146,146,12,F7092
D0232,A095,146,146,7,F7068
D0232,A095,146,146,45,F7153
D0232,A095,146,146,5,F7118
D0232,A095,146,146,57,F7129
D0232,B5683,148,176,-57,F7129
D0232,A095,178,178,43,F7059
D0232,A095,178,178,22,F7103
D0232,B0927,187,200,-7,F7068
D0232,B2768,212,227,-12,F7092
D0232,B0302,234,259,-43,F7059
D0232,A095,265,265,9,F7164
D0232,A095,265,265,58,F7117
D0232,B3482,266,285,-22,F7103
D0232,B7571,287,312,-45,F7153
D0232,B4772,329,341,-5,F7118
D0232,B8354,358,372,-9,F7164
D0232,B4519,381,409,-58,F7117
D0232,S028,438,443,2,E0628
D0232,S001,448,448,3,E0011
D0232,S012,452,453,1,E0128
D0232,S016,453,456,1,E0274
D0232,B5143,458,466,-1,E0274
D0232,B3341,468,477,-2,E0628
D0232,B3341,477,485,-1,E0128
D0232,S010,486,486,6,E0090
D0232,B4765,494,504,-3,E0011
D0232,B4012,506,518,-6,E0090
D0232,S016,526,567,3,E0260
D0232,B0434,574,584,-3,E0260
D0233,A103,0,0,13,F7760
D0233,A103,0,0,44,F7693
D0233,A103,0,0,17,F7750
D0233,A103,0,0,14,F7697
D0233,A103,0,0,38,F7699
D0233,B7675,6,23,-17,F7750
D0233,B1989,25,48,-38,F7699
D0233,A103,53,53,64,F7701
D0233,B1317,68,93,-44,F7693
D0233,B1893,97,113,-14,F7697
D0233,B2066,122,151,-64,F7701
D0233,B8706,157,173,-13,F7760
D0233,S003,244,248,9,E0033
D0233,S017,252,256,2,E0348
D0233,S014,257,260,1,E0171
D0233,S001,264,264,4,E0012
D0233,S004,265,275,1,E0070
D0233,S016,279,281,13,E0249
D0233,B5710,282,290,-1,E0171
D0233,B5710,290,298,-1,E0070
D0233,S016,299,299,2,E0281
D0233,S016,299,303,5,E0305
D0233,B3569,305,319,-9,E0033
D0233,B5710,321,332,-4,E0012
D0233,B5710,332,341,-2,E0281
D0233,B0064,342,351,-2,E0348
D0233,B0434,358,374,-13,E0249
D0233,S016,381,384,2,E0267
D0233,S021,384,386,2,E0459
D0233,B6315,387,399,-5,E0305
D0233,B0434,404,413,-2,E0459
D0233,S043,418,425,1,E0863
D0233,S039,425,425,1,E0784
D0233,B6315,425,433,-1,E0784
D0233,S021,434,434,1,E0507
D0233,B7375,438,446,-1,E0507
D0233,S051,449,454,1,E1003
D0233,B3062,456,464,-1,E1003
D0233,B4995,471,480,-2,E0267
D0233,B6315,489,497,-1,E0863
D0233,S014,499,533,1,E0161
D0233,B3341,534,542,-1,E0161
D0234,A112,0,0,19,F8410
D0234,A112,0,0,19,F8384
D0234,A112,0,0,10,F8391
D0234,B8138,8,26,-19,F8410
D0234,B4975,38,56,-19,F8384
D0234,B5777,73,87,-10,F8391
D0234,A116,98,98,25,F8677
D0234,A116,98,98,47,F8615
D0234,A116,98,98,67,F8629
D0234,B3556,100,126,-47,F8615
D0234,A116,128,128,18,F8602
D0234,B6990,137,157,-25,F8677
D0234,B4518,158,188,-67,F8629
D0234,B3062,196,214,-18,F8602
D0234,S045,216,224,3,E0886
D0234,B2860,229,239,-3,E0886
D0234,S011,246,250,2,E0096
D0234,S004,253,257,1,E0066
D0234,B3481,261,269,-1,E0066
D0234,S021,274,281,1,E0399
D0234,S021,281,285,5,E0431
D0234,B3341,285,294,-2,E0096
D0234,S017,295,296,1,E0347
D0234,B3341,297,309,-5,E0431
D0234,B5710,310,318,-1,E0347
D0234,A108,341,341,45,F8053
D0234,B1101,355,363,-1,E0399
D0234,S003,373,375,1,E0029
D0234,B3481,376,401,-45,F8053
D0234,B3341,406,414,-1,E0029
D0234,S040,415,416,1,E0799
D0234,S016,417,419,1,E0253
D0234,S016,419,425,2,E0244
D0234,S019,425,434,3,E0386
D0234,S055,436,444,1,E1065
D0234,S050,445,451,1,E0983
D0234,B6315,451,459,-1,E1065
D0234,B8851,462,470,-1,E0799
D0234,B2860,472,480,-1,E0983
D0234,B0434,485,493,-1,E0253
D0234,S064,494,500,1,E1154
D0234,B0434,501,511,-3,E0386
D0234,B4012,512,521,-2,E0244
D0234,B2860,526,534,-1,E1154
D0234,S059,538,545,1,E1092
D0234,B2860,549,557,-1,E1092
D0234,S017,563,579,1,E0339
D0234,B3341,580,588,-1,E0339
D0235,A102,0,0,49,F7626
D0235,A102,0,0,23,F7673
D0235,A102,0,0,52,F7602
D0235,B8206,15,34,-23,F7673
D0235,B3440,49,75,-49,F7626
D0235,B0171,78,105,-52,F7602
D0235,A116,170,170,14,F8684
D0235,A116,170,170,16,F8617
D0235,A116,170,170,38,F8639
D0235,B4990,172,195,-38,F8639
D0235,S021,216,222,2,E0428
D0235,S011,223,226,2,E0102
D0235,B3341,227,236,-2,E0428
D0235,S016,237,239,2,E0294
D0235,S012,239,241,1,E0132
D0235,B0064,242,251,-2,E0294
D0235,S021,252,252,1,E0503
D0235,S014,253,255,2,E0164
D0235,S048,257,257,1,E0956
D0235,B0434,262,271,-2,E0164
D0235,B0434,271,280,-2,E0102
D0235,B0434,280,288,-1,E0132
D0235,B7229,311,319,-1,E0503
D0235,B2860,346,354,-1,E0956
D0235,B3679,367,384,-16,F8617
D0235,S079,386,397,2,E1360
D0235,B4145,432,441,-2,E1360
D0235,B7375,481,497,-14,F8684
D0235,S016,501,501,1,E0275
D0235,B5143,503,511,-1,E0275
D0235,S003,515,563,11,E0037
D0235,B3569,566,581,-11,E0037
D0236,A108,0,0,1,F8108
D0236,A108,0,0,13,F8049
D0236,A108,0,0,5,F8088
D0236,A108,0,0,73,F8023
D0236,A108,0,0,38,F8087
D0236,B7529,15,38,-38,F8087
D0236,B7593,56,68,-5,F8088
D0236,B3065,75,91,-13,F8049
D0236,B0968,122,153,-73,F8023
D0236,B9118,161,169,-1,F8108
D0236,S030,231,235,1,E0646
D0236,B3058,584,592,-1,E0646
D0237,A106,0,0,7,F7944
D0237,A106,0,0,2,F7878
D0237,A106,0,0,21,F7889
D0237,A106,0,0,33,F7883
D0237,A106,0,0,33,F7903
D0237,A106,0,0,3,F7853
D0237,A106,0,0,16,F7943
D0237,A106,0,0,2,F7906
D0237,A106,0,0,23,F7852
D0237,B8929,6,19,-7,F7944
D0237,A106,25,25,4,F7935
D0237,B0039,32,51,-23,F7852
D0237,A106,58,58,14,F7876
D0237,A106,58,58,4,F7873
D0237,B4615,70,92,-33,F7903
D0237,B2891,117,136,-21,F7889
D0237,B2062,139,155,-14,F7876
D0237,B7698,159,170,-4,F7935
D0237,B2293,183,192,-2,F7878
D0237,B0175,211,221,-3,F7853
D0237,B4785,281,290,-2,F7906
D0237,B1955,320,331,-4,F7873
D0237,B2715,352,374,-33,F7883
D0237,B8918,375,392,-16,F7943
D0237,A111,554,554,45,F8313
D0237,B4760,555,580,-45,F8313
D0238,A123,0,0,9,F9164
D0238,A123,0,0,37,F9150
D0238,B6576,3,26,-37,F9150
D0238,A123,29,29,34,F9092
D0238,A123,29,29,37,F9094
D0238,A123,29,29,38,F9117
D0238,B3880,31,54,-38,F9117
D0238,B1052,56,78,-34,F9092
D0238,B8275,86,100,-9,F9164
D0238,B1231,115,138,-37,F9094
D0238,S630,210,214,1,E4623
D0238,S611,219,225,1,E4339
D0238,S618,229,236,2,E4446
D0238,B3644,237,246,-2,E4446
D0238,B7238,248,256,-1,E4339
D0238,S613,258,262,1,E4364
D0238,B4435,264,272,-1,E4623
D0238,A099,280,280,3,F7436
D0238,A099,280,280,15,F7522
D0238,S623,289,292,1,E4517
D0238,B2794,314,322,-1,E4364
D0238,B3259,334,342,-1,E4517
D0238,B9011,407,424,-15,F7522
D0238,B4160,444,454,-3,F7436
D0238,S613,500,556,2,E4370
D0238,B0356,566,575,-2,E4370
D0239,A105,0,0,39,F7849
D0239,A105,0,0,29,F7813
D0239,A105,0,0,9,F7846
D0239,A105,0,0,11,F7834
D0239,B8371,9,23,-9,F7846
D0239,B6330,39,54,-11,F7834
D0239,B2790,66,87,-29,F7813
D0239,S043,214,217,2,E0840
D0239,B3960,392,401,-2,E0840
D0239,B8857,444,468,-39,F7849
D0239,A102,561,561,62,F7659
D0239,B6809,565,594,-62,F7659
D0240,A117,0,0,4,F8815
D0240,A117,0,0,20,F8712
D0240,A117,0,0,8,F8812
D0240,A117,0,0,3,F8822
D0240,A117,0,0,34,F8829
D0240,A117,0,0,13,F8738
D0240,B0061,20,38,-20,F8712
D0240,B8236,51,62,-4,F8815
D0240,B7588,75,88,-8,F8812
D0240,B8969,98,120,-34,F8829
D0240,B8731,131,141,-3,F8822
D0240,B2030,146,162,-13,F8738
D0240,S609,220,222,4,E4320
D0240,S612,227,246,1,E4343
D0240,B2475,254,262,-1,E4343
D0240,B3923,271,282,-4,E4320
D0240,A099,290,290,9,F7417
D0240,A099,290,290,65,F7335
D0240,A099,290,290,62,F7475
D0240,B0174,344,373,-65,F7335
D0240,B6148,403,432,-62,F7475
D0240,B3527,433,447,-9,F7417
D0240,S627,528,548,4,E4548
D0240,B3644,550,561,-4,E4548
D0241,A111,0,0,91,F8284
D0241,B0494,2,36,-91,F8284
D0241,A111,38,38,54,F8333
D0241,B7704,42,69,-54,F8333
D0241,A111,73,73,50,F8314
D0241,B4768,75,101,-50,F8314
D0241,S614,219,226,2,E4391
D0241,S613,227,227,2,E4381
D0241,S615,229,236,1,E4403
D0241,S622,237,242,1,E4513
D0241,B3644,243,251,-1,E4513
D0241,B7694,253,262,-2,E4381
D0241,S615,263,265,1,E4408
D0241,B3644,266,275,-2,E4391
D0241,B3644,275,283,-1,E4408
D0241,S621,284,288,1,E4499
D0241,A099,296,296,75,F7396
D0241,S613,306,308,1,E4378
D0241,B1946,313,321,-1,E4403
D0241,B2643,326,357,-75,F7396
D0241,B4435,362,370,-1,E4499
D0241,S628,371,374,2,E4556
D0241,B4435,375,383,-1,E4378
D0241,A099,391,391,48,F7337
D0241,B0206,406,432,-48,F7337
D0241,B3253,454,463,-2,E4556
D0241,S617,465,548,8,E4429
D0241,B3644,550,563,-8,E4429
D0242,A115,0,0,14,F8536
D0242,A115,0,0,87,F8551
D0242,B6105,2,35,-87,F8551
D0242,A115,37,37,87,F8558
D0242,B2926,38,54,-14,F8536
D0242,B9196,57,90,-87,F8558
D0242,A124,133,133,39,F9196
D0242,A124,133,133,38,F9202
D0242,B5273,140,163,-38,F9202
D0242,B4258,171,195,-39,F9196
D0242,A123,221,221,41,F9175
D0242,A123,221,221,58,F9121
D0242,A123,221,221,28,F9157
D0242,B9100,227,251,-41,F9175
D0242,B7814,254,275,-28,F9157
D0242,B4300,282,310,-58,F9121
D0242,A120,346,346,4,F8971
D0242,A120,346,346,28,F8991
D0242,A120,346,346,5,F8944
D0242,B8612,357,378,-28,F8991
D0242,B3202,385,397,-5,F8944
D0242,B6760,408,419,-4,F8971
D0242,S612,450,499,1,E4361
D0242,B8964,504,512,-1,E4361
D0243,A107,0,0,93,F7965
D0243,B2270,7,41,-93,F7965
D0243,A102,90,90,97,F7650
D0243,A102,90,90,27,F7653
D0243,B5938,94,115,-27,F7653
D0243,B5297,122,157,-97,F7650
D0243,S021,219,228,1,E0401
D0243,B0148,396,404,-1,E0401
D0243,A111,423,423,73,F8307
D0243,B3909,429,460,-73,F8307
D0243,A124,528,528,40,F9178
D0243,A124,528,528,14,F9213
D0243,B7649,540,556,-14,F9213
D0243,B0267,558,582,-40,F9178
D0244,A109,0,0,14,F8153
D0244,A109,0,0,87,F8128
D0244,B4850,7,23,-14,F8153
D0244,B2316,29,62,-87,F8128
D0244,A109,74,74,28,F8112
D0244,A109,74,74,72,F8129
D0244,B2430,82,112,-72,F8129
D0244,A109,120,120,31,F8190
D0244,A109,120,120,75,F8172
D0244,B0137,122,143,-28,F8112
D0244,B6555,155,186,-75,F8172
D0244,A109,200,200,42,F8113
D0244,A109,200,200,40,F8170
D0244,A109,200,200,16,F8122
D0244,B6450,210,234,-40,F8170
D0244,A109,244,244,28,F8175
D0244,B8804,331,353,-31,F8190
D0244,B0395,355,379,-42,F8113
D0244,B6742,384,405,-28,F8175
D0244,B1241,411,428,-16,F8122
D0244,A097,566,566,12,F7257
D0244,B6889,579,594,-12,F7257
D0245,A113,0,0,26,F8437
D0245,A113,0,0,19,F8449
D0245,A113,0,0,82,F8450
D0245,B8510,3,35,-82,F8450
D0245,A113,38,38,24,F8444
D0245,A113,38,38,18,F8438
D0245,A113,38,38,10,F8443
D0245,A113,38,38,31,F8423
D0245,B7352,41,61,-24,F8444
D0245,B1137,63,85,-31,F8423
D0245,B3986,89,109,-26,F8437
D0245,B8460,118,136,-19,F8449
D0245,B4614,141,159,-18,F8438
D0245,B5899,164,178,-10,F8443
D0245,A103,212,212,77,F7689
D0245,B0711,236,267,-77,F7689
D0245,A116,348,348,37,F8595
D0245,B2582,359,382,-37,F8595
D0245,A116,393,393,76,F8621
D0245,A116,393,393,62,F8580
D0245,B4012,409,440,-76,F8621
D0245,B1425,451,480,-62,F8580
D0245,S016,484,562,1,E0315
D0245,B6350,568,576,-1,E0315
D0246,A096,0,0,42,F7197
D0246,A096,0,0,54,F7180
D0246,A096,0,0,44,F7192
D0246,B2087,7,34,-54,F7180
D0246,B8442,35,59,-42,F7197
D0246,B6740,63,88,-44,F7192
D0246,A112,170,170,6,F8378
D0246,A112,170,170,22,F8408
D0246,B4119,190,202,-6,F8378
D0246,B7838,229,248,-22,F8408
D0246,A116,258,258,54,F8636
D0246,A116,258,258,43,F8691
D0246,A116,258,258,34,F8635
D0246,B7774,269,294,-43,F8691
D0246,B4748,300,322,-34,F8635
D0246,A116,333,333,77,F8695
D0246,B4765,348,375,-54,F8636
D0246,S064,377,379,1,E1200
D0246,S052,383,384,1,E1014
D0246,B6793,394,402,-1,E1200
D0246,S014,414,414,1,E0149
D0246,S039,416,416,1,E0770
D0246,B6315,416,424,-1,E1014
D0246,B3341,425,433,-1,E0770
D0246,B7861,436,467,-77,F8695
D0246,B1036,472,480,-1,E0149
D0246,S049,481,482,1,E0975
D0246,B6315,482,490,-1,E0975
D0246,S016,492,567,2,E0241
D0246,B3569,569,578,-2,E0241
D0247,A098,0,0,87,F7322
D0247,B8535,0,33,-87,F7322
D0247,A098,33,33,44,F7299
D0247,B3489,34,59,-44,F7299
D0247,A098,60,60,74,F7278
D0247,A098,60,60,51,F7323
D0247,B0228,63,94,-74,F7278
D0247,A102,156,156,27,F7661
D0247,A102,156,156,53,F7667
D0247,A102,156,156,9,F7676
D0247,B6989,165,186,-27,F7661
D0247,S016,246,258,2,E0190
D0247,S016,258,270,2,E0223
D0247,S015,270,270,1,E0187
D0247,B0064,271,279,-1,E0187
D0247,S045,281,281,1,E0888
D0247,B3341,283,292,-2,E0223
D0247,S016,293,294,1,E0214
D0247,B1036,296,305,-2,E0190
D0247,B3062,307,315,-1,E0214
D0247,B2860,319,327,-1,E0888
D0247,B8937,390,404,-9,F7676
D0247,B7670,409,436,-53,F7667
D0247,B8631,491,517,-51,F7323
D0247,A101,538,538,34,F7585
D0247,A101,538,538,31,F7569
D0247,B1338,546,568,-31,F7569
D0247,B4716,570,592,-34,F7585
D0248,A118,0,0,41,F8846
D0248,B6505,2,26,-41,F8846
D0248,A122,34,34,60,F9074
D0248,B6329,36,64,-60,F9074
D0248,S615,210,211,1,E4404
D0248,S619,212,220,4,E4468
D0248,B2451,221,229,-1,E4404
D0248,B3644,230,241,-4,E4468
D0248,A099,250,250,32,F7420
D0248,A099,250,250,5,F7506
D0248,A099,250,250,35,F7501
D0248,B7749,298,310,-5,F7506
D0248,B7294,336,359,-35,F7501
D0248,B3613,383,405,-32,F7420
