D0001,A063,46,46,35,F5100
D0001,A063,46,46,93,F5066
D0001,B6367,47,70,-35,F5100
D0001,B1502,72,106,-93,F5066
D0001,A063,109,109,84,F5063
D0001,B0827,117,149,-84,F5063
D0001,S414,206,212,2,E2999
D0001,S419,213,218,1,E3069
D0001,B1442,220,229,-2,E2999
D0001,B7096,230,238,-1,E3069
D0001,S422,240,240,3,E3114
D0001,B5474,240,250,-3,E3114
D0001,S415,250,251,1,E3036
D0001,B7252,254,262,-1,E3036
D0001,S377,275,276,2,E2875
D0001,S377,276,276,2,E2866
D0001,S377,276,280,1,E2868
D0001,S383,281,281,1,E2899
D0001,S377,282,286,2,E2869
D0001,S383,287,289,3,E2895
D0001,B2051,290,300,-3,E2895
D0001,S383,301,305,4,E2897
D0001,S377,306,308,3,E2870
D0001,B1415,308,317,-2,E2866
D0001,S377,317,324,2,E2867
D0001,B4485,325,335,-3,E2870
D0001,B4485,335,344,-2,E2869
D0001,B4485,344,352,-1,E2868
D0001,B7613,355,364,-2,E2875
D0001,B5444,370,378,-1,E2899
D0001,B3641,382,393,-4,E2897
D0001,B3887,404,413,-2,E2867
D0001,A118,413,413,5,F8840
D0001,S358,420,425,3,E2773
D0001,B5691,433,443,-3,E2773
D0001,S419,470,473,2,E3064
D0001,S395,479,480,10,E2935
D0001,S395,480,482,8,E2933
D0001,B5581,485,494,-2,E3064
D0001,S436,499,504,1,E3219
D0001,B5474,506,514,-1,E3219
D0001,S428,516,524,2,E3149
D0001,S428,524,531,1,E3150
D0001,S428,531,536,1,E3164
D0001,B2276,536,544,-1,E3150
D0001,B2276,544,553,-2,E3149
D0001,B5474,554,568,-10,E2935
D0001,B4356,571,584,-8,E2933
D0001,B4356,584,592,-1,E3164
D0001,S414,595,597,2,E3000
D0001,S421,598,599,1,E3100
D0001,S423,601,605,1,E3116
D0001,S421,607,607,19,E3101
D0001,S436,609,611,4,E3217
D0001,S428,614,615,3,E3176
D0001,S434,618,619,2,E3207
D0001,S421,621,622,1,E3102
D0001,B5474,622,632,-3,E3176
D0001,B1442,634,643,-2,E3000
D0001,B5474,645,663,-19,E3101
D0001,B5474,663,671,-1,E3100
D0001,B5474,671,679,-1,E3102
D0001,B3852,681,692,-4,E3217
D0001,B3852,692,700,-1,E3116
D0001,B0899,702,711,-2,E3207
D0001,B4380,717,729,-5,F8840
D0002,A063,15,15,46,F5118
D0002,A063,15,15,86,F5084
D0002,B8745,23,48,-46,F5118
D0002,B3925,52,85,-86,F5084
D0002,A063,89,89,16,F5077
D0002,A063,89,89,50,F5070
D0002,A063,89,89,62,F5090
D0002,B1869,97,123,-50,F5070
D0002,B4897,125,154,-62,F5090
D0002,B3018,157,174,-16,F5077
D0002,A063,180,180,11,F5064
D0002,B1402,184,199,-11,F5064
D0002,A121,222,222,2,F9030
D0002,A121,222,222,65,F9006
D0002,S337,225,234,1,E2666
D0002,B1516,237,245,-1,E2666
D0002,S368,250,251,1,E2821
D0002,B6086,254,262,-1,E2821
D0002,S338,272,272,2,E2674
D0002,B5404,273,282,-2,F9030
D0002,S338,283,283,1,E2695
D0002,B2416,285,294,-2,E2674
D0002,S338,296,304,1,E2696
D0002,B0798,304,312,-1,E2696
D0002,S338,312,320,1,E2697
D0002,S338,320,325,3,E2682
D0002,S343,326,329,2,E2715
D0002,S338,330,332,1,E2698
D0002,B5575,333,342,-2,E2715
D0002,S351,344,347,1,E2754
D0002,B0798,351,359,-1,E2697
D0002,S338,359,362,2,E2700
D0002,B0798,362,370,-1,E2695
D0002,S338,370,370,2,E2690
D0002,B0798,370,379,-2,E2700
D0002,S344,383,389,1,E2725
D0002,S344,389,390,1,E2726
D0002,B3413,390,398,-1,E2726
D0002,B3413,398,406,-1,E2725
D0002,B5404,410,420,-3,E2682
D0002,B0798,421,429,-1,E2698
D0002,B6202,433,441,-1,E2754
D0002,B6815,451,460,-2,E2690
D0002,B1516,473,502,-65,F9006
D0002,S364,512,512,1,E2802
D0002,B7454,512,520,-1,E2802
D0002,S369,526,544,1,E2822
D0002,B4635,548,556,-1,E2822
D0002,S338,565,566,1,E2701
D0002,B0798,566,574,-1,E2701
D0002,S345,578,578,16,E2738
D0002,S343,583,584,1,E2717
D0002,S332,586,590,2,E2584
D0002,S344,594,601,2,E2729
D0002,S345,601,603,10,E2737
D0002,S344,603,611,4,E2727
D0002,B6361,614,623,-2,E2584
D0002,B9117,625,642,-16,E2738
D0002,B8779,644,652,-1,E2717
D0002,B8779,652,666,-10,E2737
D0002,B0354,672,683,-4,E2727
D0002,B7624,684,693,-2,E2729
D0002,A063,710,710,70,F5087
D0002,B4697,719,749,-70,F5087
D0003,A081,20,20,72,F6279
D0003,B3591,20,50,-72,F6279
D0003,A081,50,50,53,F6289
D0003,A081,50,50,68,F6281
D0003,B5951,53,80,-53,F6289
D0003,A045,83,83,6,F3983
D0003,A045,83,83,66,F3978
D0003,B0369,90,119,-66,F3978
D0003,B1251,122,134,-6,F3983
D0003,B4082,145,175,-68,F6281
D0003,A080,193,193,9,F6234
D0003,S408,208,215,11,E2971
D0003,B5457,217,232,-11,E2971
D0003,S366,246,246,2,E2811
D0003,B6345,247,256,-2,E2811
D0003,S366,257,262,1,E2808
D0003,S366,262,264,1,E2812
D0003,B8948,267,275,-1,E2812
D0003,B0316,278,292,-9,F6234
D0003,S373,296,297,1,E2830
D0003,B1924,300,308,-1,E2830
D0003,B4663,315,323,-1,E2808
D0003,S377,326,326,3,E2871
D0003,B4485,327,337,-3,E2871
D0003,S414,352,352,2,E3014
D0003,B6259,357,366,-2,E3014
D0003,S392,372,374,1,E2926
D0003,B7888,375,383,-1,E2926
D0003,S428,395,396,1,E3136
D0003,B1442,397,405,-1,E3136
D0003,S428,406,408,2,E3173
D0003,S415,410,416,1,E3029
D0003,S419,416,428,1,E3066
D0003,S441,432,446,2,E3228
D0003,S415,450,451,2,E3028
D0003,B5474,451,460,-2,E3173
D0003,B5474,460,468,-1,E3029
D0003,S428,470,471,2,E3193
D0003,B6490,473,482,-2,E3228
D0003,S421,483,486,1,E3108
D0003,B8410,489,498,-2,E3193
D0003,B4038,501,510,-2,E3028
D0003,B6329,518,526,-1,E3066
D0003,B7252,534,542,-1,E3108
D0003,S401,545,551,1,E2953
D0003,S414,555,555,3,E3011
D0003,B3782,556,564,-1,E2953
D0003,B5474,565,575,-3,E3011
D0003,S419,575,575,1,E3059
D0003,B3782,576,584,-1,E3059
D0003,S414,585,590,4,E3019
D0003,B7768,870,881,-4,E3019
D0004,A004,0,0,90,F0144
D0004,B3921,2,35,-90,F0144
D0004,A098,42,42,11,F7312
D0004,A098,42,42,99,F7290
D0004,A098,42,42,27,F7295
D0004,B6202,44,59,-11,F7312
D0004,B2437,60,95,-99,F7290
D0004,B3237,96,117,-27,F7295
D0004,A041,135,135,45,F3771
D0004,A041,135,135,61,F3755
D0004,B1474,142,170,-61,F3755
D0004,B3965,172,197,-45,F3771
D0004,S476,204,210,1,E3408
D0004,S476,210,218,2,E3409
D0004,B0557,219,227,-1,E3408
D0004,B6195,235,244,-2,E3409
D0004,A115,255,255,19,F8543
D0004,A098,260,260,29,F7281
D0004,S375,264,264,2,E2861
D0004,S375,264,268,2,E2857
D0004,B4525,268,286,-19,F8543
D0004,S374,291,291,3,E2836
D0004,B3260,292,302,-3,E2836
D0004,B4376,306,315,-2,E2861
D0004,S385,316,323,1,E2910
D0004,B1713,325,334,-2,E2857
D0004,S372,337,339,3,E2829
D0004,B1269,341,351,-3,E2829
D0004,S384,354,359,2,E2907
D0004,B5594,363,371,-1,E2910
D0004,B0560,375,396,-29,F7281
D0004,S374,397,400,4,E2850
D0004,S374,400,408,2,E2855
D0004,S374,408,408,3,E2853
D0004,B8584,408,418,-3,E2853
D0004,B8560,419,430,-4,E2850
D0004,B8828,433,442,-2,E2855
D0004,B7677,447,456,-2,E2907
D0004,S374,462,470,2,E2837
D0004,S374,470,482,2,E2838
D0004,S374,482,499,2,E2851
D0004,S378,504,520,4,E2876
D0004,B5594,527,538,-4,E2876
D0004,B8560,540,549,-2,E2851
D0004,B3260,550,559,-2,E2838
D0004,B3260,559,568,-2,E2837
D0004,S374,569,580,2,E2846
D0004,S374,580,586,2,E2854
D0004,B5907,587,596,-2,E2846
D0004,S382,599,606,1,E2892
D0004,B8584,608,617,-2,E2854
D0004,S391,622,625,5,E2925
D0004,B0805,629,637,-1,E2892
D0004,B4148,645,657,-5,E2925
D0004,A059,702,702,33,F4699
D0004,B1085,706,728,-33,F4699
D0005,A006,0,0,32,F0276
D0005,A023,26,26,20,F1876
D0005,A023,26,26,27,F1808
D0005,A023,26,26,17,F1889
D0005,A023,26,26,33,F1817
D0005,B8020,57,75,-20,F1876
D0005,B8936,77,94,-17,F1889
D0005,B3236,97,119,-33,F1817
D0005,B2608,123,144,-27,F1808
D0005,A006,190,190,46,F0205
D0005,A006,190,190,39,F0290
D0005,S413,211,220,3,E2995
D0005,S501,235,248,4,E3579
D0005,B5142,252,263,-4,E3579
D0005,B0597,276,286,-3,E2995
D0005,S413,290,291,2,E2998
D0005,S413,291,313,3,E2992
D0005,B6994,317,326,-2,E2998
D0005,B5168,331,341,-3,E2992
D0005,B7075,353,377,-39,F0290
D0005,S413,383,386,2,E2993
D0005,S413,386,389,3,E2996
D0005,S413,389,395,1,E2994
D0005,B5841,395,403,-1,E2994
D0005,S413,403,403,3,E2990
D0005,B0597,407,417,-3,E2996
D0005,B5180,423,432,-2,E2993
D0005,B6110,435,457,-32,F0276
D0005,B1601,464,474,-3,E2990
D0005,S413,477,481,3,E2997
D0005,B6097,482,492,-3,E2997
D0005,A025,506,506,18,F2070
D0005,S381,521,525,1,E2887
D0005,S381,525,528,1,E2885
D0005,B3355,530,538,-1,E2885
D0005,B0805,540,548,-1,E2887
D0005,S386,548,548,6,E2913
D0005,B1413,550,562,-6,E2913
D0005,S381,568,569,1,E2888
D0005,S359,577,585,3,E2785
D0005,S359,585,602,3,E2780
D0005,B9179,603,613,-3,E2785
D0005,S361,617,621,2,E2792
D0005,B5633,624,633,-2,E2792
D0005,B8390,635,645,-3,E2780
D0005,B8896,657,665,-1,E2888
D0005,B4869,674,692,-18,F2070
D0005,B0269,720,745,-46,F0205
D0006,A091,9,9,1,F6869
D0006,A055,22,22,16,F4508
D0006,A055,22,22,18,F4497
D0006,A055,22,22,47,F4500
D0006,A055,22,22,33,F4486
D0006,B1743,32,54,-33,F4486
D0006,B3265,63,81,-18,F4497
D0006,B3927,82,108,-47,F4500
D0006,B4433,109,126,-16,F4508
D0006,B2830,138,146,-1,F6869
D0006,S374,209,211,3,E2834
D0006,S374,211,225,2,E2844
D0006,B5907,226,235,-2,E2844
D0006,B3260,236,246,-3,E2834
D0006,S361,259,267,1,E2793
D0006,B0586,270,278,-1,E2793
D0006,A014,294,294,12,F0873
D0006,S319,301,301,1,E2517
D0006,S320,301,303,2,E2522
D0006,B7561,305,314,-2,E2522
D0006,B0442,317,325,-1,E2517
D0006,B6111,334,349,-12,F0873
D0006,A025,366,366,41,F2131
D0006,S544,399,402,1,E3855
D0006,B0336,408,416,-1,E3855
D0006,S575,423,425,1,E4054
D0006,S574,425,426,2,E4035
D0006,S574,426,440,3,E4047
D0006,B6726,445,455,-3,E4047
D0006,B3765,459,468,-2,E4035
D0006,B7926,476,484,-1,E4054
D0006,S578,491,503,1,E4068
D0006,S576,504,509,2,E4058
D0006,S572,514,516,13,E3977
D0006,S576,521,534,2,E4062
D0006,S572,539,545,1,E3979
D0006,S573,551,553,3,E4002
D0006,B8165,554,563,-2,E4062
D0006,S581,565,567,1,E4099
D0006,B4128,568,576,-1,E4068
D0006,S582,576,577,1,E4101
D0006,B4128,577,586,-2,E4058
D0006,B3765,589,597,-1,E4101
D0006,S557,604,605,2,E3911
D0006,B0632,606,622,-13,E3977
D0006,B0632,622,632,-3,E4002
D0006,B7900,633,641,-1,E3979
D0006,B5219,649,657,-1,E4099
D0006,B4834,664,673,-2,E3911
D0006,B8404,697,721,-41,F2131
D0007,A009,0,0,10,F0582
D0007,A009,0,0,9,F0554
D0007,A009,0,0,28,F0608
D0007,A009,0,0,15,F0576
D0007,B3304,4,18,-9,F0554
D0007,B6379,21,35,-10,F0582
D0007,B8064,37,58,-28,F0608
D0007,B5554,59,76,-15,F0576
D0007,A009,78,78,4,F0564
D0007,A009,78,78,18,F0522
D0007,A009,78,78,39,F0563
D0007,A009,78,78,62,F0569
D0007,A009,78,78,17,F0549
D0007,B0393,79,97,-18,F0522
D0007,A009,98,98,18,F0580
D0007,B6018,102,120,-18,F0580
D0007,A009,124,124,6,F0573
D0007,A009,124,124,5,F0556
D0007,B4365,135,159,-39,F0563
D0007,B4995,160,189,-62,F0569
D0007,S021,199,210,2,E0414
D0007,S037,211,211,2,E0725
D0007,S016,212,212,1,E0302
D0007,S043,214,214,1,E0861
D0007,S043,214,214,2,E0824
D0007,S038,215,220,1,E0746
D0007,B6315,220,228,-1,E0746
D0007,B6315,228,236,-1,E0302
D0007,B6315,236,245,-2,E0725
D0007,B6315,245,253,-1,E0861
D0007,B3062,256,265,-2,E0824
D0007,B2875,269,278,-2,E0414
D0007,S085,287,288,2,E1372
D0007,S075,294,298,1,E1352
D0007,B4365,299,307,-1,E1352
D0007,S085,312,324,2,E1373
D0007,B1033,324,333,-2,E1373
D0007,B1033,333,342,-2,E1372
D0007,S074,352,369,16,E1349
D0007,S047,375,375,1,E0947
D0007,S045,376,377,1,E0920
D0007,S030,378,383,2,E0667
D0007,S052,384,384,1,E1014
D0007,S018,386,388,1,E0381
D0007,B6315,389,397,-1,E1014
D0007,B6315,397,405,-1,E0381
D0007,B6315,405,414,-2,E0667
D0007,B6350,419,427,-1,E0920
D0007,S064,427,427,3,E1159
D0007,B0434,428,436,-1,E0947
D0007,S068,436,437,2,E1239
D0007,B2875,440,449,-2,E1239
D0007,B4995,452,469,-16,E1349
D0007,B2875,472,482,-3,E1159
D0007,S077,486,487,6,E1355
D0007,S064,493,500,1,E1154
D0007,S016,506,506,1,E0328
D0007,B8851,510,518,-1,E0328
D0007,B2860,520,528,-1,E1154
D0007,B5920,535,547,-6,E1355
D0007,S082,548,551,1,E1366
D0007,B4645,552,560,-1,E1366
D0007,S064,569,570,1,E1162
D0007,S064,570,571,3,E1155
D0007,S064,571,575,2,E1163
D0007,B2875,578,587,-2,E1163
D0007,B2875,587,595,-1,E1162
D0007,S064,598,599,2,E1156
D0007,S075,604,604,1,E1351
D0007,B2247,608,616,-1,E1351
D0007,S068,624,629,2,E1238
D0007,B2860,634,643,-2,E1156
D0007,B2860,643,652,-2,E1238
D0007,B2860,652,662,-3,E1155
D0007,B2860,662,679,-17,F0549
D0007,B4455,685,696,-4,F0564
D0007,B3531,703,715,-5,F0556
D0007,B5299,720,732,-6,F0573
D0008,A007,0,0,30,F0315
D0008,A007,0,0,29,F0341
D0008,B0556,4,25,-30,F0315
D0008,B3113,27,48,-29,F0341
D0008,A007,50,50,26,F0325
D0008,A007,50,50,12,F0334
D0008,A007,50,50,10,F0365
D0008,A007,50,50,8,F0390
D0008,A007,50,50,10,F0370
D0008,A007,50,50,25,F0351
D0008,A007,50,50,47,F0356
D0008,B5991,53,67,-10,F0370
D0008,B7972,71,84,-8,F0390
D0008,B4009,86,106,-25,F0351
D0008,B2132,110,125,-12,F0334
D0008,B5572,127,141,-10,F0365
D0008,B1399,144,164,-26,F0325
D0008,B4409,167,193,-47,F0356
D0008,S603,193,210,1,E4261
D0008,S603,210,210,1,E4257
D0008,S603,210,228,2,E4255
D0008,S603,228,228,2,E4262
D0008,S603,228,239,1,E4254
D0008,B4409,239,247,-1,E4257
D0008,S599,248,252,2,E4199
D0008,B2415,254,262,-1,E4254
D0008,B2415,262,271,-2,E4199
D0008,S597,274,276,2,E4185
D0008,B6884,278,287,-2,E4262
D0008,B6884,287,295,-1,E4261
D0008,S597,297,297,2,E4181
D0008,S597,297,299,1,E4179
D0008,B2814,305,313,-1,E4179
D0008,B2814,313,322,-2,E4255
D0008,S600,326,330,1,E4212
D0008,B3354,334,343,-2,E4181
D0008,S605,347,357,14,E4279
D0008,B4409,363,372,-2,E4185
D0008,B2415,375,383,-1,E4212
D0008,S600,389,389,2,E4237
D0008,S605,390,390,15,E4280
D0008,S600,391,392,2,E4238
D0008,B2521,393,410,-15,E4280
D0008,B6884,414,423,-2,E4238
D0008,B6884,423,432,-2,E4237
D0008,S600,436,444,2,E4216
D0008,B2521,445,461,-14,E4279
D0008,S597,463,473,3,E4194
D0008,S604,475,481,1,E4267
D0008,S605,481,485,14,E4303
D0008,B2521,485,494,-2,E4216
D0008,S607,495,506,1,E4312
D0008,B6884,510,520,-3,E4194
D0008,S605,524,532,12,E4281
D0008,B2521,532,547,-12,E4281
D0008,B9188,550,558,-1,E4312
D0008,B1468,561,569,-1,E4267
D0008,B4742,573,589,-14,E4303
D0008,S605,594,596,23,E4284
D0008,S605,596,599,12,E4275
D0008,S605,599,614,23,E4285
D0008,S605,614,622,1,E4276
D0008,S605,622,628,17,E4290
D0008,S605,628,629,3,E4286
D0008,B2521,629,639,-3,E4286
D0008,B2521,639,658,-23,E4285
D0008,B2521,658,677,-23,E4284
D0008,B1468,679,687,-1,E4276
D0008,B1468,687,702,-12,E4275
D0008,B3354,705,722,-17,E4290
D0009,A120,62,62,10,F8978
D0009,A120,62,62,15,F8943
D0009,A120,62,62,84,F8923
D0009,B0542,70,102,-84,F8923
D0009,B3033,118,135,-15,F8943
D0009,B7273,139,153,-10,F8978
D0009,S608,207,217,1,E4314
D0009,S608,217,222,4,E4313
D0009,B2388,226,234,-1,E4314
D0009,B1437,240,251,-4,E4313
D0009,A079,256,256,25,F6205
D0009,B5511,259,279,-25,F6205
D0009,S590,284,288,1,E4133
D0009,S594,290,290,2,E4155
D0009,B4176,292,301,-2,E4155
D0009,S592,301,302,1,E4147
D0009,S590,302,328,2,E4137
D0009,S590,328,328,1,E4134
D0009,S590,328,329,1,E4138
D0009,B6964,331,340,-2,E4137
D0009,B7926,342,350,-1,E4138
D0009,S593,353,353,2,E4151
D0009,B4176,354,362,-1,E4134
D0009,B4176,362,370,-1,E4133
D0009,B6062,372,380,-1,E4147
D0009,S589,382,404,4,E4126
D0009,A072,408,408,32,F5829
D0009,B3765,413,422,-2,E4151
D0009,S594,432,439,3,E4156
D0009,B2565,442,464,-32,F5829
D0009,S592,465,467,3,E4142
D0009,S590,467,469,1,E4130
D0009,B4176,469,479,-3,E4156
D0009,B4176,479,490,-4,E4126
D0009,B2951,500,510,-3,E4142
D0009,S589,520,532,3,E4127
D0009,B3019,537,545,-1,E4130
D0009,S592,550,560,3,E4140
D0009,A072,564,564,67,F5817
D0009,B5946,567,577,-3,E4127
D0009,S591,584,598,1,E4139
D0009,S590,598,599,2,E4131
D0009,S593,601,607,2,E4152
D0009,B7926,610,619,-2,E4152
D0009,S589,620,620,3,E4128
D0009,S592,620,622,2,E4146
D0009,S589,622,627,4,E4129
D0009,S590,627,629,2,E4136
D0009,B4176,629,638,-2,E4146
D0009,B4176,638,646,-1,E4139
D0009,B1060,647,657,-3,E4140
D0009,B0995,661,672,-4,E4129
D0009,B7596,674,684,-3,E4128
D0009,B4128,689,698,-2,E4131
D0009,B6062,706,715,-2,E4136
D0009,B1060,716,746,-67,F5817
D0010,A010,0,0,89,F0640
D0010,A010,0,0,49,F0626
D0010,B7184,2,35,-89,F0640
D0010,B2419,36,62,-49,F0626
D0010,A010,63,63,35,F0625
D0010,A010,63,63,82,F0619
D0010,B2235,66,89,-35,F0625
D0010,B1286,91,123,-82,F0619
D0010,A010,124,124,48,F0639
D0010,B7153,124,150,-48,F0639
D0010,A010,150,150,2,F0631
D0010,A010,150,150,85,F0621
D0010,A010,150,150,44,F0620
D0010,B1732,155,180,-44,F0620
D0010,B1831,181,214,-85,F0621
D0010,S337,223,236,1,E2667
D0010,A121,239,239,82,F9008
D0010,A121,239,239,4,F9049
D0010,S306,243,244,2,E2467
D0010,B1957,245,253,-1,E2667
D0010,S306,254,257,1,E2465
D0010,B1957,258,290,-82,F9008
D0010,S306,291,298,2,E2471
D0010,S306,298,307,4,E2468
D0010,S304,308,308,3,E2460
D0010,B8645,308,317,-2,E2471
D0010,B3743,318,329,-4,E2468
D0010,B3743,329,338,-2,E2467
D0010,A010,342,342,13,F0617
D0010,A010,342,342,89,F0636
D0010,B2635,343,351,-1,E2465
D0010,B8282,355,366,-4,F9049
D0010,B8799,367,377,-3,E2460
D0010,S301,383,389,1,E2452
D0010,B9160,390,398,-1,E2452
D0010,A040,430,430,1,F3710
D0010,A040,430,430,11,F3725
D0010,A040,430,430,7,F3711
D0010,B1784,432,440,-1,F3710
D0010,B5527,443,458,-11,F3725
D0010,B1899,463,476,-7,F3711
D0010,S441,479,484,6,E3226
D0010,B3852,486,498,-6,E3226
D0010,S284,532,548,2,E2381
D0010,B2635,549,558,-2,E2381
D0010,B0993,559,575,-13,F0617
D0010,S306,578,592,1,E2463
D0010,A121,596,596,2,F9022
D0010,B4001,599,608,-2,F9022
D0010,S337,614,616,1,E2663
D0010,S306,622,628,3,E2462
D0010,B1452,630,638,-1,E2463
D0010,B5658,641,650,-2,F0631
D0010,B1005,651,661,-3,E2462
D0010,B6902,662,695,-89,F0636
D0010,A121,701,701,60,F9001
D0010,B1064,705,713,-1,E2663
D0010,B1064,713,741,-60,F9001
D0011,A070,97,97,6,F5662
D0011,A070,97,97,15,F5712
D0011,A070,97,97,7,F5749
D0011,A070,97,97,29,F5727
D0011,B6295,120,141,-29,F5727
D0011,B5138,143,160,-15,F5712
D0011,B8018,161,174,-7,F5749
D0011,B0801,176,188,-6,F5662
D0011,A012,218,218,38,F0804
D0011,A012,218,218,98,F0751
D0011,S086,240,240,2,E1383
D0011,B7775,240,263,-38,F0804
D0011,B5986,265,274,-2,E1383
D0011,S086,277,291,3,E1380
D0011,B4736,296,331,-98,F0751
D0011,S086,336,345,3,E1379
D0011,B0273,349,359,-3,E1379
D0011,B0049,365,375,-3,E1380
D0011,A105,418,418,23,F7848
D0011,B8811,422,441,-23,F7848
D0011,A105,445,445,7,F7840
D0011,A105,445,445,9,F7846
D0011,A105,445,445,25,F7850
D0011,A105,445,445,47,F7831
D0011,A105,445,445,46,F7797
D0011,B5869,452,478,-47,F7831
D0011,B6968,484,497,-7,F7840
D0011,B8371,501,515,-9,F7846
D0011,B9129,517,537,-25,F7850
D0011,B0595,539,564,-46,F7797
D0011,S066,565,571,1,E1232
D0011,B0595,572,580,-1,E1232
D0011,A105,588,588,25,F7821
D0011,A105,588,588,12,F7807
D0011,A105,588,588,23,F7799
D0011,A105,588,588,22,F7835
D0011,A105,588,588,35,F7838
D0011,A105,588,588,14,F7816
D0011,B6839,589,612,-35,F7838
D0011,A105,613,613,43,F7804
D0011,B3325,614,630,-14,F7816
D0011,B6433,632,651,-22,F7835
D0011,B0928,653,672,-23,F7799
D0011,B2324,674,689,-12,F7807
D0011,B4331,692,712,-25,F7821
D0011,B1823,715,740,-43,F7804
D0012,A012,0,0,41,F0708
D0012,A066,25,25,4,F5306
D0012,A066,25,25,15,F5301
D0012,A066,25,25,7,F5362
D0012,A066,25,25,9,F5338
D0012,A066,25,25,12,F5323
D0012,A066,25,25,20,F5297
D0012,A066,25,25,2,F5287
D0012,A066,25,25,30,F5359
D0012,B3662,151,169,-20,F5297
D0012,B3038,176,185,-2,F5287
D0012,B7716,193,214,-30,F5359
D0012,A012,354,354,7,F0794
D0012,A012,354,354,42,F0731
D0012,S086,376,378,3,E1384
D0012,B1838,380,404,-41,F0708
D0012,B3060,406,430,-42,F0731
D0012,B4121,442,453,-4,F5306
D0012,B5986,467,477,-3,E1384
D0012,S086,480,512,1,E1381
D0012,S086,512,538,2,E1385
D0012,B7485,553,566,-7,F0794
D0012,S086,581,582,3,E1382
D0012,B0049,587,597,-3,E1382
D0012,B0049,597,605,-1,E1381
D0012,B8595,607,616,-2,E1385
D0012,B3914,664,681,-15,F5301
D0012,B5229,684,699,-12,F5323
D0012,B5997,703,717,-9,F5338
D0012,B7960,720,733,-7,F5362
D0013,A107,4,4,12,F7994
D0013,A081,30,30,4,F6284
D0013,B4909,32,43,-4,F6284
D0013,A027,69,69,51,F2304
D0013,A027,69,69,21,F2238
D0013,B0123,70,89,-21,F2238
D0013,A027,90,90,31,F2281
D0013,B5482,91,113,-31,F2281
D0013,B7880,125,151,-51,F2304
D0013,A081,167,167,99,F6265
D0013,B0372,170,205,-99,F6265
D0013,S352,223,225,2,E2755
D0013,B2997,226,235,-2,E2755
D0013,S361,236,239,2,E2790
D0013,S354,241,249,2,E2766
D0013,B3401,249,258,-2,E2766
D0013,S352,259,259,1,E2757
D0013,B3401,260,268,-1,E2757
D0013,S361,270,279,1,E2791
D0013,S354,281,282,2,E2767
D0013,S361,284,288,2,E2794
D0013,B8569,288,297,-2,E2794
D0013,B4111,298,306,-1,E2791
D0013,B4111,306,315,-2,E2790
D0013,S359,319,323,5,E2781
D0013,B9025,324,336,-5,E2781
D0013,S354,338,341,1,E2769
D0013,B5633,342,350,-1,E2769
D0013,B3401,351,360,-2,E2767
D0013,S352,361,369,1,E2761
D0013,S352,369,375,1,E2758
D0013,S342,377,377,1,E2711
D0013,B4531,377,385,-1,E2758
D0013,B0586,386,394,-1,E2761
D0013,B6843,395,410,-12,F7994
D0013,S353,413,418,4,E2765
D0013,A107,420,420,63,F7999
D0013,B0396,423,434,-4,E2765
D0013,S361,435,443,1,E2796
D0013,B8569,443,451,-1,E2796
D0013,B0911,457,465,-1,E2711
D0013,S359,469,479,2,E2782
D0013,S359,479,485,1,E2783
D0013,B9025,486,494,-1,E2783
D0013,B9025,494,503,-2,E2782
D0013,B7488,506,535,-63,F7999
D0013,S330,537,537,2,E2570
D0013,B6792,539,548,-2,E2570
D0013,S326,551,554,4,E2559
D0013,S243,567,569,1,E2093
D0013,S243,569,569,3,E2095
D0013,S243,569,570,2,E2096
D0013,S243,570,572,4,E2097
D0013,B0690,575,583,-1,E2093
D0013,B8203,589,599,-3,E2095
D0013,B8907,600,609,-2,E2096
D0013,S213,613,613,1,E1958
D0013,S272,618,621,1,E2339
D0013,B1688,625,633,-1,E2339
D0013,B6864,638,649,-4,E2559
D0013,B8907,660,671,-4,E2097
D0013,A024,679,679,79,F1902
D0013,B7572,691,699,-1,E1958
D0013,B0823,703,735,-79,F1902
D0014,A022,16,16,24,F1752
D0014,A022,16,16,22,F1729
D0014,A022,16,16,27,F1717
D0014,A022,16,16,25,F1761
D0014,A022,16,16,25,F1701
D0014,B5044,26,45,-22,F1729
D0014,B7466,47,67,-24,F1752
D0014,B4104,69,90,-27,F1717
D0014,B1943,91,111,-25,F1701
D0014,B8537,113,133,-25,F1761
D0014,A047,150,150,74,F4097
D0014,A047,150,150,19,F4116
D0014,B6949,154,172,-19,F4116
D0014,B0886,175,206,-74,F4097
D0014,S105,210,216,16,E1458
D0014,B4845,221,238,-16,E1458
D0014,S099,245,251,1,E1425
D0014,S099,251,251,4,E1412
D0014,B7753,254,262,-1,E1425
D0014,S099,265,267,3,E1413
D0014,S099,267,270,1,E1421
D0014,S099,270,279,3,E1414
D0014,S099,279,281,3,E1422
D0014,S099,281,285,3,E1420
D0014,S099,285,290,3,E1415
D0014,B6369,291,301,-3,E1422
D0014,B6369,301,309,-1,E1421
D0014,B2408,311,321,-3,E1413
D0014,B2408,321,331,-3,E1415
D0014,B2408,331,341,-3,E1414
D0014,B2408,341,352,-4,E1412
D0014,B0547,354,364,-3,E1420
D0014,S101,368,368,1,E1436
D0014,S101,368,376,1,E1437
D0014,B3438,376,384,-1,E1437
D0014,B3438,384,392,-1,E1436
D0014,S101,392,396,2,E1438
D0014,B3438,396,405,-2,E1438
D0014,S115,413,415,3,E1504
D0014,B6741,419,429,-3,E1504
D0014,S173,438,444,1,E1725
D0014,S152,450,454,14,E1631
D0014,B0369,459,475,-14,E1631
D0014,S240,482,484,6,E2085
D0014,S208,491,499,6,E1899
D0014,B6772,500,512,-6,E1899
D0014,B3714,518,530,-6,E2085
D0014,B1251,533,541,-1,E1725
D0014,S206,544,548,2,E1884
D0014,S208,551,565,23,E1890
D0014,S221,566,572,2,E1995
D0014,S173,579,580,1,E1726
D0014,B1251,581,589,-1,E1726
D0014,S205,592,600,4,E1882
D0014,B2450,601,620,-23,E1890
D0014,B0397,621,630,-2,E1995
D0014,B0397,630,639,-2,E1884
D0014,B6838,641,652,-4,E1882
D0014,A027,688,688,2,F2257
D0014,A027,688,688,81,F2280
D0014,B2100,705,714,-2,F2257
D0014,B5414,716,748,-81,F2280
D0015,A014,0,0,91,F0855
D0015,B0321,4,38,-91,F0855
D0015,A096,56,56,34,F7195
D0015,A096,56,56,37,F7189
D0015,A096,56,56,23,F7181
D0015,B6333,57,80,-37,F7189
D0015,B8012,82,104,-34,F7195
D0015,B2510,105,124,-23,F7181
D0015,A096,125,125,44,F7192
D0015,A096,125,125,46,F7191
D0015,A096,125,125,33,F7194
D0015,B7468,127,149,-33,F7194
D0015,B6662,151,176,-46,F7191
D0015,B6740,179,204,-44,F7192
D0015,S260,211,214,1,E2185
D0015,B4036,214,222,-1,E2185
D0015,S262,222,226,1,E2236
D0015,B0454,227,235,-1,E2236
D0015,S322,255,256,11,E2534
D0015,S322,256,260,12,E2540
D0015,S322,260,269,11,E2530
D0015,S300,273,276,1,E2450
D0015,S253,280,283,1,E2139
D0015,B5475,288,296,-1,E2450
D0015,S300,298,298,3,E2449
D0015,B8926,300,315,-12,E2540
D0015,S322,317,317,18,E2527
D0015,B2114,318,333,-11,E2530
D0015,B3459,335,345,-3,E2449
D0015,B3459,345,360,-11,E2534
D0015,S267,367,368,2,E2315
D0015,B7890,370,378,-1,E2139
D0015,B1527,384,402,-18,E2527
D0015,S241,408,408,3,E2090
D0015,A046,412,412,11,F4086
D0015,S221,414,414,2,E1993
D0015,B3330,415,424,-2,E1993
D0015,S271,428,428,2,E2332
D0015,B2148,430,439,-2,E2332
D0015,B1074,442,451,-2,E2315
D0015,S221,457,464,2,E1996
D0015,S213,464,469,1,E1960
D0015,B8553,474,482,-1,E1960
D0015,B8907,487,497,-3,E2090
D0015,S208,501,507,1,E1905
D0015,B7803,508,523,-11,F4086
D0015,B7803,523,531,-1,E1905
D0015,S253,539,540,1,E2135
D0015,B1221,542,550,-1,E2135
D0015,B5756,554,563,-2,E1996
D0015,S174,566,573,8,E1740
D0015,S253,580,580,1,E2137
D0015,S174,587,594,18,E1739
D0015,S223,599,607,4,E2002
D0015,B3796,608,616,-1,E2137
D0015,S208,621,625,4,E1904
D0015,S208,625,628,18,E1892
D0015,B2654,633,644,-4,E2002
D0015,B2654,644,662,-18,E1892
D0015,B5116,663,676,-8,E1740
D0015,B4795,683,701,-18,E1739
D0015,B0745,712,723,-4,E1904
D0016,A016,0,0,38,F0950
D0016,A016,0,0,37,F1004
D0016,A016,0,0,55,F0970
D0016,B1934,3,26,-38,F0950
D0016,B7956,27,50,-37,F1004
D0016,B4126,51,78,-55,F0970
D0016,A016,79,79,20,F1005
D0016,A016,79,79,40,F0977
D0016,A016,79,79,58,F0958
D0016,A016,79,79,20,F0933
D0016,B8061,81,99,-20,F1005
D0016,A016,101,101,20,F0993
D0016,B4961,106,130,-40,F0977
D0016,B2808,131,159,-58,F0958
D0016,B0003,164,182,-20,F0933
D0016,B6623,184,202,-20,F0993
D0016,S131,211,219,1,E1550
D0016,B8714,219,227,-1,E1550
D0016,A036,247,247,56,F3289
D0016,S307,248,254,1,E2472
D0016,B3122,255,282,-56,F3289
D0016,S307,283,293,2,E2474
D0016,A036,294,294,15,F3282
D0016,A036,294,294,49,F3325
D0016,B2530,295,303,-1,E2472
D0016,S280,316,324,1,E2362
D0016,B8679,326,334,-1,E2362
D0016,A083,341,341,56,F6420
D0016,B0815,353,362,-2,E2474
D0016,S135,383,387,2,E1569
D0016,B0246,388,397,-2,E1569
D0016,S111,402,404,12,E1494
D0016,S134,409,410,3,E1563
D0016,S124,412,417,1,E1522
D0016,B8917,419,427,-1,E1522
D0016,B8714,431,441,-3,E1563
D0016,B8400,445,460,-12,E1494
D0016,S117,462,487,3,E1507
D0016,S134,490,493,2,E1564
D0016,S130,493,495,2,E1541
D0016,S131,495,498,1,E1552
D0016,S135,498,504,2,E1575
D0016,B8714,504,513,-2,E1575
D0016,B8714,513,522,-2,E1564
D0016,B8714,522,530,-1,E1552
D0016,S126,531,533,2,E1527
D0016,B8714,534,544,-3,E1507
D0016,B2100,545,554,-2,E1541
D0016,B1675,556,565,-2,E1527
D0016,S309,583,584,1,E2477
D0016,B6163,585,593,-1,E2477
D0016,S324,599,601,6,E2548
D0016,S334,604,614,2,E2620
D0016,B7944,617,643,-49,F3325
D0016,B1749,644,656,-6,E2548
D0016,B1349,669,686,-15,F3282
D0016,B7250,704,713,-2,E2620
D0016,B4247,718,745,-56,F6420
D0017,A018,0,0,18,F1200
D0017,A018,0,0,32,F1194
D0017,A018,0,0,30,F1160
D0017,A018,0,0,10,F1142
D0017,B8256,2,20,-18,F1200
D0017,B7605,22,44,-32,F1194
D0017,B3718,45,66,-30,F1160
D0017,B2327,67,81,-10,F1142
D0017,A018,83,83,34,F1175
D0017,A018,83,83,37,F1199
D0017,A018,83,83,24,F1128
D0017,A018,83,83,40,F1161
D0017,B1091,86,106,-24,F1128
D0017,B5611,113,135,-34,F1175
D0017,B8130,137,160,-37,F1199
D0017,B3831,161,185,-40,F1161
D0017,A099,198,198,43,F7422
D0017,S627,206,210,2,E4545
D0017,S630,211,214,1,E4623
D0017,B3644,215,224,-2,E4545
D0017,S619,225,226,2,E4469
D0017,S621,226,230,1,E4498
D0017,S618,230,230,1,E4450
D0017,S618,230,236,2,E4446
D0017,S618,236,245,1,E4447
D0017,B3644,246,255,-2,E4469
D0017,B3644,255,263,-1,E4447
D0017,B3644,263,272,-2,E4446
D0017,B4435,273,281,-1,E4498
D0017,B4435,281,289,-1,E4450
D0017,B4435,289,297,-1,E4623
D0017,S630,297,297,2,E4626
D0017,S621,297,298,1,E4504
D0017,B4435,299,308,-2,E4626
D0017,S627,309,314,3,E4539
D0017,B0634,314,322,-1,E4504
D0017,S619,323,326,1,E4472
D0017,B2451,327,337,-3,E4539
D0017,B3644,338,346,-1,E4472
D0017,S624,347,350,1,E4523
D0017,B4435,351,359,-1,E4523
D0017,S617,360,362,4,E4419
D0017,S613,364,366,2,E4372
D0017,B2451,366,377,-4,E4419
D0017,B3644,378,387,-2,E4372
D0017,S629,388,395,2,E4592
D0017,S630,395,399,2,E4627
D0017,B4435,399,408,-2,E4627
D0017,S614,409,411,2,E4387
D0017,B3253,413,422,-2,E4387
D0017,S611,424,431,1,E4328
D0017,S611,431,432,2,E4329
D0017,S611,432,434,1,E4336
D0017,B3923,436,445,-2,E4592
D0017,S611,447,448,1,E4331
D0017,S611,448,451,2,E4337
D0017,S611,451,455,2,E4338
D0017,S630,460,463,1,E4610
D0017,B2451,465,473,-1,E4610
D0017,B2643,476,485,-2,E4329
D0017,B0007,487,496,-2,E4338
D0017,S612,496,497,3,E4345
D0017,S612,497,499,1,E4361
D0017,B1884,502,510,-1,E4328
D0017,B3652,512,521,-2,E4337
D0017,B3652,521,529,-1,E4336
D0017,B2810,531,539,-1,E4331
D0017,B8964,541,549,-1,E4361
D0017,B3158,553,563,-3,E4345
D0017,S612,573,575,2,E4348
D0017,S611,578,580,1,E4334
D0017,S613,583,586,1,E4363
D0017,B3253,588,597,-2,E4348
D0017,S614,599,599,3,E4393
D0017,S621,600,600,2,E4496
D0017,S630,600,601,2,E4628
D0017,S618,601,601,2,E4451
D0017,S629,601,601,1,E4587
D0017,S613,603,604,1,E4376
D0017,B2451,604,612,-1,E4363
D0017,S621,614,614,4,E4497
D0017,S629,614,620,1,E4596
D0017,S629,620,625,2,E4588
D0017,B3644,626,637,-4,E4497
D0017,B3644,637,645,-1,E4587
D0017,B3644,645,654,-2,E4496
D0017,B3644,654,664,-3,E4393
D0017,B3644,664,672,-1,E4334
D0017,B3644,672,680,-1,E4376
D0017,B4435,681,690,-2,E4628
D0017,B4435,690,699,-2,E4451
D0017,B4435,699,707,-1,E4596
D0017,B3644,708,717,-2,E4588
D0017,B3644,717,742,-43,F7422
D0018,A017,0,0,28,F1103
D0018,A017,0,0,41,F1085
D0018,A017,0,0,55,F1043
D0018,B8630,4,25,-28,F1103
D0018,B5680,26,50,-41,F1085
D0018,B2024,52,79,-55,F1043
D0018,A017,81,81,9,F1090
D0018,A017,81,81,13,F1024
D0018,A017,81,81,22,F1096
D0018,A017,81,81,22,F1051
D0018,A017,81,81,42,F1057
D0018,A017,81,81,27,F1029
D0018,A017,81,81,5,F1069
D0018,B2563,88,107,-22,F1051
D0018,B0363,116,132,-13,F1024
D0018,B7348,133,152,-22,F1096
D0018,B3357,154,178,-42,F1057
D0018,B0626,182,203,-27,F1029
D0018,B6888,208,222,-9,F1090
D0018,B4567,226,238,-5,F1069
D0018,S078,254,255,4,E1357
D0018,S083,257,257,1,E1367
D0018,B6492,259,270,-4,E1357
D0018,S078,270,294,3,E1356
D0018,S078,294,295,2,E1359
D0018,B5228,296,306,-3,E1356
D0018,B8148,310,319,-2,E1359
D0018,B0376,326,334,-1,E1367
D0018,S090,342,361,1,E1392
D0018,S089,361,371,3,E1390
D0018,B0897,377,387,-3,E1390
D0018,A035,396,396,1,F3274
D0018,A035,396,396,33,F3238
D0018,A035,396,396,34,F3156
D0018,A035,396,396,17,F3234
D0018,A035,396,396,42,F3154
D0018,B2082,396,420,-42,F3154
D0018,A035,420,420,50,F3179
D0018,B6846,423,440,-17,F3234
D0018,B0447,450,458,-1,E1392
D0018,S084,470,474,1,E1371
D0018,S083,475,487,1,E1368
D0018,S083,487,502,1,E1369
D0018,B6492,504,512,-1,E1371
D0018,B0376,520,528,-1,E1369
D0018,S088,534,553,1,E1387
D0018,B0447,557,565,-1,E1387
D0018,B0376,572,580,-1,E1368
D0018,S084,585,586,3,E1370
D0018,S078,589,599,8,E1358
D0018,B6492,599,612,-8,E1358
D0018,B5228,613,623,-3,E1370
D0018,B2220,625,647,-34,F3156
D0018,B7040,648,670,-33,F3238
D0018,B3492,672,698,-50,F3179
D0018,B9048,709,717,-1,F3274
D0019,A023,44,44,17,F1779
D0019,A023,44,44,8,F1825
D0019,A023,44,44,26,F1848
D0019,A023,44,44,42,F1784
D0019,A023,44,44,13,F1863
D0019,A023,44,44,19,F1853
D0019,A023,44,44,15,F1774
D0019,B4113,47,60,-8,F1825
D0019,B0980,85,109,-42,F1784
D0019,B5390,111,131,-26,F1848
D0019,B5858,135,153,-19,F1853
D0019,B0410,155,172,-15,F1774
D0019,B6915,175,191,-13,F1863
D0019,S283,220,220,2,E2377
D0019,B1897,222,231,-2,E2377
D0019,S331,238,248,3,E2574
D0019,S348,252,252,1,E2747
D0019,S348,252,272,2,E2746
D0019,B0633,278,295,-17,F1779
D0019,S348,301,304,1,E2748
D0019,B2194,307,315,-1,E2747
D0019,B2032,317,326,-2,E2746
D0019,S331,327,332,2,E2571
D0019,B2032,333,343,-3,E2574
D0019,B1553,345,354,-2,E2571
D0019,B2194,358,366,-1,E2748
D0019,A023,377,377,17,F1832
D0019,A023,377,377,6,F1861
D0019,A023,377,377,4,F1814
D0019,S363,384,391,2,E2798
D0019,B3582,394,403,-2,E2798
D0019,S210,426,427,2,E1912
D0019,S210,427,450,1,E1911
D0019,B5370,453,462,-2,E1912
D0019,B2708,464,472,-1,E1911
D0019,S283,480,484,2,E2379
D0019,S210,491,499,1,E1913
D0019,B5736,499,507,-1,E1913
D0019,A037,518,518,10,F3344
D0019,B5634,524,533,-2,E2379
D0019,S291,539,550,4,E2410
D0019,S331,560,570,1,E2572
D0019,B1553,571,579,-1,E2572
D0019,B0836,582,596,-10,F3344
D0019,B9159,602,613,-4,E2410
D0019,S275,616,616,1,E2350
D0019,S167,627,627,3,E1710
D0019,B0499,628,638,-3,E1710
D0019,B9159,652,660,-1,E2350
D0019,B3116,678,689,-4,F1814
D0019,B6823,693,705,-6,F1861
D0019,B4396,707,724,-17,F1832
D0020,A020,0,0,1,F1449
D0020,A020,0,0,2,F1560
D0020,A020,0,0,3,F1494
D0020,A020,0,0,13,F1416
D0020,A020,0,0,21,F1345
D0020,A020,0,0,9,F1407
D0020,A020,0,0,5,F1481
D0020,A020,0,0,7,F1408
D0020,A020,0,0,12,F1306
D0020,B3636,3,17,-9,F1407
D0020,B1584,19,38,-21,F1345
D0020,B3957,41,57,-13,F1416
D0020,B6569,63,75,-5,F1481
D0020,B3643,79,92,-7,F1408
D0020,B7080,97,107,-3,F1494
D0020,B0241,111,126,-12,F1306
D0020,A020,128,128,12,F1334
D0020,A020,128,128,11,F1511
D0020,A020,128,128,25,F1332
D0020,A020,128,128,8,F1406
D0020,A020,128,128,19,F1364
D0020,A020,128,128,24,F1316
D0020,A020,128,128,38,F1310
D0020,B3606,150,163,-8,F1406
D0020,B7599,165,180,-11,F1511
D0020,B0327,184,207,-38,F1310
D0020,S426,209,211,1,E3123
D0020,B1174,214,229,-12,F1334
D0020,B1147,232,252,-25,F1332
D0020,S435,253,267,1,E3211
D0020,S418,270,272,1,E3048
D0020,S417,273,279,1,E3043
D0020,B1987,284,292,-1,E3043
D0020,B2232,298,306,-1,E3123
D0020,B2232,306,324,-19,F1364
D0020,B7380,326,334,-1,E3211
D0020,B0552,337,357,-24,F1316
D0020,B0552,357,365,-1,E3048
D0020,A020,392,392,26,F1467
D0020,A020,392,392,18,F1324
D0020,A020,392,392,10,F1430
D0020,A020,392,392,7,F1499
D0020,A020,392,392,14,F1503
D0020,A020,392,392,30,F1551
D0020,A020,392,392,26,F1385
D0020,B8824,408,429,-30,F1551
D0020,B4572,433,447,-10,F1430
D0020,B7246,449,462,-7,F1499
D0020,B7380,465,481,-14,F1503
D0020,S418,484,487,2,E3049
D0020,S418,487,493,6,E3044
D0020,S418,493,498,3,E3045
D0020,B6096,501,521,-26,F1467
D0020,B0907,524,542,-18,F1324
D0020,B0552,544,553,-2,E3049
D0020,S418,555,565,2,E3050
D0020,B2232,566,576,-3,E3045
D0020,B2232,576,588,-6,E3044
D0020,S418,589,591,3,E3046
D0020,S426,593,614,1,E3124
D0020,S426,614,621,1,E3125
D0020,B2232,624,632,-1,E3125
D0020,B2232,632,640,-1,E3124
D0020,B2232,640,650,-3,E3046
D0020,B0552,652,661,-2,E3050
D0020,B2917,670,690,-26,F1385
D0020,B9087,700,709,-2,F1560
D0020,B5362,713,721,-1,F1449
D0021,A032,47,47,4,F2929
D0021,B8316,64,75,-4,F2929
D0021,A116,100,100,50,F8565
D0021,B0368,101,127,-50,F8565
D0021,A116,128,128,69,F8665
D0021,A116,128,128,67,F8629
D0021,A116,128,128,1,F8563
D0021,B4518,137,167,-67,F8629
D0021,B0193,169,177,-1,F8563
D0021,B6315,185,215,-69,F8665
D0021,S028,216,216,2,E0636
D0021,S018,216,220,2,E0358
D0021,S017,220,220,2,E0333
D0021,S021,220,222,2,E0428
D0021,B3341,222,231,-2,E0358
D0021,B3341,231,240,-2,E0333
D0021,B3341,240,249,-2,E0428
D0021,S021,249,253,4,E0429
D0021,S017,253,256,2,E0348
D0021,B0064,257,266,-2,E0348
D0021,B0064,266,275,-2,E0636
D0021,S016,276,280,3,E0297
D0021,B3341,281,292,-4,E0429
D0021,S015,293,293,1,E0188
D0021,S012,293,298,2,E0139
D0021,S011,298,299,2,E0109
D0021,B0064,299,309,-3,E0297
D0021,B0064,309,317,-1,E0188
D0021,B0064,317,326,-2,E0139
D0021,B0064,326,335,-2,E0109
D0021,S046,337,339,1,E0936
D0021,B6315,339,347,-1,E0936
D0021,S043,347,353,2,E0862
D0021,S047,353,354,1,E0952
D0021,B6315,355,364,-2,E0862
D0021,S048,364,366,2,E0962
D0021,S040,366,369,3,E0798
D0021,S025,370,371,4,E0555
D0021,B6315,372,381,-2,E0962
D0021,B3341,382,393,-4,E0555
D0021,S021,393,393,2,E0434
D0021,B3341,393,402,-2,E0434
D0021,B6315,403,413,-3,E0798
D0021,S039,413,416,1,E0770
D0021,B6315,416,424,-1,E0952
D0021,S018,425,425,1,E0361
D0021,S021,425,429,1,E0435
D0021,B3341,429,437,-1,E0770
D0021,S037,438,441,1,E0731
D0021,S028,442,443,2,E0628
D0021,B6315,444,452,-1,E0731
D0021,S017,453,453,1,E0337
D0021,S020,453,454,3,E0389
D0021,S026,455,459,1,E0581
D0021,B3341,459,468,-2,E0628
D0021,B3341,468,476,-1,E0581
D0021,S021,476,478,2,E0436
D0021,B3341,478,488,-3,E0389
D0021,B3341,488,496,-1,E0337
D0021,B3341,496,505,-2,E0436
D0021,B3341,505,513,-1,E0361
D0021,B3341,513,521,-1,E0435
D0021,S021,521,526,1,E0486
D0021,B6315,527,535,-1,E0486
D0021,S146,608,614,2,E1617
D0021,S143,614,627,3,E1611
D0021,S143,627,627,7,E1604
D0021,B2277,628,641,-7,E1604
D0021,B5905,642,651,-2,E1617
D0021,B8844,652,662,-3,E1611
D0021,A037,673,673,37,F3359
D0021,A037,673,673,49,F3350
D0021,B1058,674,700,-49,F3350
D0021,B1720,702,725,-37,F3359
D0022,A024,0,0,7,F1907
D0022,A124,26,26,20,F9210
D0022,A124,26,26,57,F9181
D0022,B6756,35,53,-20,F9210
D0022,B1141,56,84,-57,F9181
D0022,A006,98,98,63,F0219
D0022,A006,98,98,69,F0299
D0022,B7843,112,142,-69,F0299
D0022,B1276,144,173,-63,F0219
D0022,S322,210,212,11,E2538
D0022,S253,219,227,1,E2138
D0022,S252,227,231,1,E2134
D0022,S267,232,232,1,E2318
D0022,B7990,233,241,-1,E2134
D0022,S252,241,242,1,E2133
D0022,B0690,245,253,-1,E2133
D0022,S243,256,256,4,E2092
D0022,B4008,260,268,-1,E2138
D0022,B8771,270,278,-1,E2318
D0022,B4186,279,290,-4,E2092
D0022,B8911,293,308,-11,E2538
D0022,S322,309,313,10,E2526
D0022,B1527,317,331,-10,E2526
D0022,S242,339,348,1,E2091
D0022,B8738,351,359,-1,E2091
D0022,S194,363,366,1,E1796
D0022,S269,372,374,1,E2328
D0022,B8835,383,391,-1,E1796
D0022,S212,397,398,2,E1942
D0022,S194,400,411,2,E1797
D0022,A024,414,414,28,F1984
D0022,S241,421,425,1,E2087
D0022,B3808,428,436,-1,E2087
D0022,B4638,441,449,-1,E2328
D0022,B9097,452,461,-2,E1797
D0022,B3228,462,471,-2,E1942
D0022,S212,476,477,1,E1943
D0022,S212,477,482,1,E1944
D0022,S300,492,493,2,E2451
D0022,S268,496,506,1,E2320
D0022,B3808,509,517,-1,E1944
D0022,S268,520,532,1,E2321
D0022,B5821,538,546,-1,E2320
D0022,B8836,548,557,-2,E2451
D0022,S308,560,561,13,E2475
D0022,B3808,565,573,-1,E1943
D0022,S224,584,584,1,E2024
D0022,B9097,587,595,-1,E2024
D0022,B6997,603,611,-1,E2321
D0022,S287,612,615,1,E2403
D0022,A046,623,623,11,F4076
D0022,S271,626,627,2,E2334
D0022,B8252,631,640,-2,E2334
D0022,B1740,643,659,-13,E2475
D0022,B1740,659,672,-7,F1907
D0022,B8911,674,695,-28,F1984
D0022,B6597,701,709,-1,E2403
D0022,B6597,709,724,-11,F4076
D0023,A023,0,0,19,F1831
D0023,A023,0,0,14,F1794
D0023,A023,0,0,23,F1866
D0023,A023,0,0,5,F1878
D0023,A023,0,0,56,F1807
D0023,B2511,4,31,-56,F1807
D0023,A023,35,35,46,F1816
D0023,A023,35,35,33,F1867
D0023,B4354,71,89,-19,F1831
D0023,B1483,92,108,-14,F1794
D0023,B7033,109,128,-23,F1866
D0023,B7241,133,155,-33,F1867
D0023,B8109,160,172,-5,F1878
D0023,S283,209,212,3,E2378
D0023,S299,214,229,3,E2447
D0023,S291,232,243,1,E2409
D0023,B3343,247,257,-3,E2378
D0023,B3343,257,267,-3,E2447
D0023,S360,284,292,17,E2786
D0023,S275,309,320,2,E2347
D0023,B1897,325,333,-1,E2409
D0023,B1897,333,342,-2,E2347
D0023,B0439,352,369,-17,E2786
D0023,S363,374,378,3,E2799
D0023,B5190,381,391,-3,E2799
D0023,B3165,394,419,-46,F1816
D0023,S348,421,441,1,E2749
D0023,B0330,447,455,-1,E2749
D0023,S143,480,482,1,E1608
D0023,S143,482,500,3,E1603
D0023,B2277,501,511,-3,E1603
D0023,B5905,512,520,-1,E1608
D0023,S331,542,542,2,E2575
D0023,A037,553,553,26,F3392
D0023,A037,553,553,74,F3355
D0023,A037,553,553,25,F3345
D0023,S143,565,577,2,E1610
D0023,B8844,579,588,-2,E1610
D0023,S331,609,617,1,E2581
D0023,S331,617,626,1,E2573
D0023,B2032,627,636,-2,E2575
D0023,B0869,638,658,-25,F3345
D0023,B0869,658,666,-1,E2581
D0023,B1553,668,699,-74,F3355
D0023,B1553,699,707,-1,E2573
D0023,B3851,709,729,-26,F3392
D0024,A022,0,0,41,F1723
D0024,B4513,1,25,-41,F1723
D0024,A022,26,26,60,F1728
D0024,A022,26,26,68,F1694
D0024,B1285,27,57,-68,F1694
D0024,B5014,59,87,-60,F1728
D0024,A047,93,93,14,F4112
D0024,A047,93,93,64,F4096
D0024,A047,93,93,20,F4117
D0024,A047,93,93,42,F4122
D0024,B7233,95,113,-20,F4117
D0024,B5353,117,133,-14,F4112
D0024,B0547,137,166,-64,F4096
D0024,B8879,168,192,-42,F4122
D0024,S105,196,213,10,E1456
D0024,S127,221,226,1,E1528
D0024,S112,231,238,3,E1497
D0024,B4277,243,257,-10,E1456
D0024,S108,262,262,2,E1475
D0024,B1089,268,276,-1,E1528
D0024,S108,282,282,1,E1476
D0024,B5104,283,292,-2,E1475
D0024,S112,293,300,3,E1500
D0024,S112,300,305,3,E1499
D0024,B3395,306,316,-3,E1497
D0024,S108,318,318,3,E1473
D0024,B5104,319,327,-1,E1476
D0024,S108,328,334,3,E1479
D0024,B6306,338,348,-3,E1479
D0024,B2010,354,364,-3,E1473
D0024,B6346,367,377,-3,E1499
D0024,B8718,378,388,-3,E1500
D0024,S145,398,402,1,E1613
D0024,B5385,403,411,-1,E1613
D0024,S142,412,413,1,E1596
D0024,S165,419,419,2,E1680
D0024,B1600,422,431,-2,E1680
D0024,S165,434,445,5,E1675
D0024,S165,445,446,1,E1706
D0024,B1275,453,465,-5,E1675
D0024,B3198,469,477,-1,E1596
D0024,S165,483,495,9,E1702
D0024,S165,495,501,2,E1707
D0024,S165,501,505,1,E1695
D0024,B4046,507,515,-1,E1695
D0024,S172,516,519,1,E1723
D0024,S165,521,527,2,E1688
D0024,S157,528,534,3,E1657
D0024,B7826,536,544,-1,E1706
D0024,B7826,544,553,-2,E1707
D0024,B7826,553,563,-3,E1657
D0024,B4046,565,573,-1,E1723
D0024,B7235,579,593,-9,E1702
D0024,B3243,596,605,-2,E1688
D0024,S142,610,611,1,E1599
D0024,S142,611,617,1,E1600
D0024,B3198,617,625,-1,E1599
D0024,B3198,625,633,-1,E1600
D0024,A110,678,678,14,F8214
D0024,A110,678,678,43,F8226
D0024,B1999,700,716,-14,F8214
D0024,B3585,720,745,-43,F8226
D0025,A025,0,0,39,F2121
D0025,A025,0,0,36,F2015
D0025,A025,0,0,64,F2054
D0025,B7970,4,28,-39,F2121
D0025,B1661,29,52,-36,F2015
D0025,B3874,54,83,-64,F2054
D0025,A025,84,84,2,F2080
D0025,A025,84,84,92,F2007
D0025,B1103,86,120,-92,F2007
D0025,A025,122,122,51,F2041
D0025,A025,122,122,64,F2001
D0025,B0944,123,152,-64,F2001
D0025,A025,153,153,79,F2074
D0025,B3469,156,182,-51,F2041
D0025,B4983,183,215,-79,F2074
D0025,S402,215,226,1,E2964
D0025,B7970,231,239,-1,E2964
D0025,A025,243,243,63,F2141
D0025,S409,244,253,3,E2977
D0025,B8943,253,282,-63,F2141
D0025,S402,284,284,1,E2962
D0025,B4983,284,292,-1,E2962
D0025,B5275,294,303,-2,F2080
D0025,B6506,309,319,-3,E2977
D0025,S495,336,337,2,E3566
D0025,B0833,339,348,-2,E3566
D0025,S495,350,353,1,E3567
D0025,A065,356,356,7,F5217
D0025,A065,356,356,10,F5181
D0025,B4831,357,371,-10,F5181
D0025,S494,372,373,1,E3550
D0025,S495,373,382,2,E3558
D0025,B4320,382,391,-2,E3558
D0025,B8742,392,400,-1,E3550
D0025,S447,411,418,4,E3263
D0025,S449,425,430,2,E3279
D0025,S483,434,441,8,E3456
D0025,B0089,441,449,-1,E3567
D0025,B8134,453,462,-2,E3279
D0025,S483,465,465,9,E3462
D0025,B6890,466,480,-9,E3462
D0025,B3750,482,495,-8,E3456
D0025,B6767,505,516,-4,E3263
D0025,B7533,527,540,-7,F5217
D0025,S495,541,543,1,E3561
D0025,S495,543,553,1,E3555
D0025,S465,559,562,4,E3369
D0025,A065,566,566,94,F5142
D0025,B1416,568,576,-1,E3555
D0025,B6150,579,587,-1,E3561
D0025,S494,589,590,2,E3542
D0025,S499,597,601,2,E3575
D0025,B6232,602,611,-2,E3575
D0025,S494,617,618,2,E3546
D0025,S489,626,629,3,E3487
D0025,B6890,637,646,-2,E3546
D0025,B7904,651,662,-4,E3369
D0025,B5968,663,672,-2,E3542
D0025,B0930,678,712,-94,F5142
D0025,B1450,714,724,-3,E3487
D0026,A027,0,0,34,F2283
D0026,A027,0,0,11,F2291
D0026,A027,0,0,22,F2285
D0026,B5754,3,25,-34,F2283
D0026,B5910,28,47,-22,F2285
D0026,B6794,49,64,-11,F2291
D0026,A029,73,73,37,F2492
D0026,B7337,73,96,-37,F2492
D0026,A029,96,96,46,F2439
D0026,A029,96,96,90,F2447
D0026,B1520,109,134,-46,F2439
D0026,B2369,141,174,-90,F2447
D0026,S164,218,222,1,E1671
D0026,S159,226,232,2,E1663
D0026,S165,236,237,11,E1674
D0026,B2546,238,247,-2,E1663
D0026,S157,249,254,3,E1654
D0026,S165,255,255,8,E1697
D0026,B4544,260,273,-8,E1697
D0026,S138,273,275,2,E1581
D0026,B5385,277,286,-2,E1581
D0026,S142,287,287,2,E1593
D0026,B1275,290,305,-11,E1674
D0026,B0663,310,318,-1,E1671
D0026,S165,322,325,1,E1677
D0026,B4046,327,337,-3,E1654
D0026,S201,341,341,1,E1846
D0026,B1476,346,354,-1,E1677
D0026,S142,358,358,1,E1594
D0026,B3198,358,366,-1,E1594
D0026,B3198,366,375,-2,E1593
D0026,S142,375,382,1,E1595
D0026,B3198,382,390,-1,E1595
D0026,S201,399,407,3,E1850
D0026,B4952,407,417,-3,E1850
D0026,B4952,417,425,-1,E1846
D0026,S164,432,440,4,E1673
D0026,A101,450,450,63,F7584
D0026,S248,453,462,2,E2125
D0026,S204,466,481,2,E1879
D0026,B7678,483,492,-2,E2125
D0026,B1283,494,503,-2,E1879
D0026,B8744,513,524,-4,E1673
D0026,S142,527,537,2,E1597
D0026,S142,537,549,1,E1598
D0026,B3198,549,557,-1,E1598
D0026,B3198,557,566,-2,E1597
D0026,S165,572,574,3,E1691
D0026,S165,574,576,13,E1683
D0026,B0348,577,587,-3,E1691
D0026,S201,594,595,1,E1828
D0026,B2546,600,608,-1,E1828
D0026,S165,609,609,11,E1696
D0026,S165,609,624,7,E1685
D0026,S165,624,624,11,E1682
D0026,S165,624,625,1,E1701
D0026,B2546,626,639,-7,E1685
D0026,B1602,644,659,-11,E1682
D0026,B2477,661,677,-13,E1683
D0026,B5983,685,693,-1,E1701
D0026,B4390,695,710,-11,E1696
D0026,B4683,713,742,-63,F7584
D0027,A051,15,15,4,F4254
D0027,A008,23,23,8,F0438
D0027,A008,23,23,17,F0482
D0027,A008,23,23,19,F0404
D0027,A008,23,23,16,F0515
D0027,A008,23,23,22,F0503
D0027,B2890,30,43,-8,F0438
D0027,B8950,48,65,-16,F0515
D0027,B6265,68,85,-17,F0482
D0027,B0178,86,104,-19,F0404
D0027,B8024,107,126,-22,F0503
D0027,B3609,133,144,-4,F4254
D0027,A082,187,187,10,F6360
D0027,A082,187,187,36,F6311
D0027,A082,187,187,27,F6351
D0027,A082,187,187,37,F6366
D0027,S607,207,213,1,E4310
D0027,S597,215,225,1,E4171
D0027,S597,225,229,2,E4173
D0027,S597,229,230,1,E4172
D0027,S597,230,249,3,E4191
D0027,B1399,251,259,-1,E4171
D0027,B1399,259,267,-1,E4172
D0027,S597,269,278,2,E4180
D0027,S597,278,283,3,E4193
D0027,B4764,284,294,-3,E4191
D0027,S600,296,299,2,E4236
D0027,B2521,300,308,-1,E4310
D0027,S605,308,308,20,E4306
D0027,B1468,310,319,-2,E4173
D0027,B3354,322,331,-2,E4180
D0027,B6884,332,350,-20,E4306
D0027,B6884,350,359,-2,E4236
D0027,B6884,359,369,-3,E4193
D0027,S597,371,373,2,E4186
D0027,S597,373,385,2,E4187
D0027,S602,387,403,4,E4248
D0027,S597,405,433,2,E4177
D0027,B2415,436,445,-2,E4177
D0027,B4409,448,457,-2,E4186
D0027,B4409,457,466,-2,E4187
D0027,B2025,479,490,-4,E4248
D0027,B6520,492,515,-37,F6366
D0027,S598,524,532,3,E4198
D0027,S598,532,533,2,E4197
D0027,S597,534,539,2,E4188
D0027,S605,541,550,10,E4274
D0027,B1468,552,566,-10,E4274
D0027,S600,567,569,1,E4217
D0027,B2521,570,578,-1,E4217
D0027,S597,580,583,2,E4195
D0027,B9188,584,593,-2,E4195
D0027,S599,596,600,1,E4202
D0027,B9188,603,612,-2,E4197
D0027,B0996,613,623,-3,E4198
D0027,S597,624,624,2,E4189
D0027,B4409,628,637,-2,E4188
D0027,B4409,637,646,-2,E4189
D0027,B4409,646,654,-1,E4202
D0027,B4940,662,683,-27,F6351
D0027,B0295,685,708,-36,F6311
D0027,B5712,716,730,-10,F6360
D0028,A028,0,0,12,F2426
D0028,A028,0,0,28,F2380
D0028,A028,0,0,27,F2356
D0028,A028,0,0,15,F2394
D0028,A028,0,0,30,F2341
D0028,A028,0,0,27,F2416
D0028,B5290,6,27,-28,F2380
D0028,B9164,30,45,-12,F2426
D0028,B6396,46,63,-15,F2394
D0028,B1409,68,89,-30,F2341
D0028,B8239,91,112,-27,F2416
D0028,A028,113,113,9,F2381
D0028,A028,113,113,10,F2371
D0028,A028,113,113,17,F2407
D0028,A028,113,113,42,F2351
D0028,A028,113,113,31,F2424
D0028,B5412,116,130,-9,F2381
D0028,B2499,136,160,-42,F2351
D0028,B7630,164,181,-17,F2407
D0028,S442,197,220,1,E3230
D0028,B4933,223,231,-1,E3230
D0028,S505,245,245,3,E3589
D0028,B4026,247,257,-3,E3589
D0028,B4437,262,276,-10,F2371
D0028,S539,285,285,4,E3841
D0028,S539,285,290,1,E3838
D0028,S539,290,310,2,E3842
D0028,S539,310,312,1,E3839
D0028,B0136,312,320,-1,E3839
D0028,B0136,320,328,-1,E3838
D0028,B8695,330,339,-2,E3842
D0028,B8695,339,350,-4,E3841
D0028,S555,362,368,1,E3894
D0028,S557,368,372,2,E3916
D0028,S555,372,380,1,E3891
D0028,S573,389,390,1,E3999
D0028,B5241,390,398,-1,E3999
D0028,S576,400,400,2,E4061
D0028,B8165,401,410,-2,E4061
D0028,B5524,418,427,-2,E3916
D0028,B0336,430,438,-1,E3891
D0028,S556,440,453,1,E3900
D0028,B0632,454,462,-1,E3894
D0028,B7900,463,471,-1,E3900
D0028,A033,474,474,7,F3009
D0028,A033,474,474,22,F2958
D0028,A033,474,474,49,F2943
D0028,S539,488,497,1,E3844
D0028,S557,509,514,1,E3918
D0028,B5962,516,524,-1,E3918
D0028,S539,534,542,1,E3845
D0028,B0136,542,568,-49,F2943
D0028,S539,568,571,1,E3840
D0028,B0136,571,579,-1,E3840
D0028,S539,579,582,1,E3846
D0028,B8695,584,592,-1,E3844
D0028,B8695,592,600,-1,E3845
D0028,B8695,600,608,-1,E3846
D0028,S537,614,622,3,E3834
D0028,B9062,624,646,-31,F2424
D0028,B2847,647,668,-27,F2356
D0028,B5085,671,681,-3,E3834
D0028,B1805,688,707,-22,F2958
D0028,B7462,710,723,-7,F3009
D0029,A029,0,0,64,F2434
D0029,A029,0,0,32,F2480
D0029,B6183,4,26,-32,F2480
D0029,B0810,33,62,-64,F2434
D0029,A083,82,82,13,F6402
D0029,A083,82,82,25,F6395
D0029,A083,82,82,31,F6419
D0029,A083,82,82,36,F6431
D0029,B5904,82,105,-36,F6431
D0029,A083,105,105,51,F6387
D0029,B0895,106,132,-51,F6387
D0029,A083,133,133,71,F6429
D0029,B5515,139,169,-71,F6429
D0029,B4241,170,192,-31,F6419
D0029,S336,197,212,1,E2657
D0029,B2955,213,221,-1,E2657
D0029,S277,230,230,2,E2358
D0029,S276,232,239,1,E2354
D0029,S277,241,255,2,E2355
D0029,S273,255,267,1,E2342
D0029,B8958,267,275,-1,E2354
D0029,S273,275,276,1,E2341
D0029,B8958,276,285,-2,E2358
D0029,S276,287,291,1,E2351
D0029,S327,298,302,1,E2562
D0029,S276,309,309,1,E2352
D0029,B5508,309,317,-1,E2352
D0029,B3642,320,328,-1,E2342
D0029,B2445,332,341,-2,E2355
D0029,B2895,346,354,-1,E2351
D0029,B5865,356,364,-1,E2562
D0029,B2336,365,373,-1,E2341
D0029,S335,377,379,3,E2648
D0029,S336,379,404,2,E2661
D0029,B6932,406,415,-2,E2661
D0029,B7600,418,428,-3,E2648
D0029,S285,435,439,1,E2382
D0029,S312,442,443,2,E2482
D0029,B0420,453,462,-2,E2482
D0029,S323,473,473,3,E2543
D0029,B5691,474,484,-3,E2543
D0029,S312,487,492,2,E2483
D0029,B7123,495,504,-2,E2483
D0029,B4825,512,520,-1,E2382
D0029,S335,534,536,5,E2653
D0029,S335,536,537,5,E2636
D0029,S335,537,541,3,E2642
D0029,S356,546,558,2,E2771
D0029,B7707,564,573,-2,E2771
D0029,S335,574,574,4,E2641
D0029,B5860,574,585,-4,E2641
D0029,B7707,585,597,-5,E2653
D0029,S335,598,604,1,E2645
D0029,S335,604,605,4,E2639
D0029,B6932,607,617,-3,E2642
D0029,S335,619,626,3,E2650
D0029,B2955,627,639,-5,E2636
D0029,B3468,644,655,-4,E2639
D0029,B7600,660,670,-3,E2650
D0029,B7554,674,682,-1,E2645
D0029,B2154,686,706,-25,F6395
D0029,B2497,714,730,-13,F6402
D0030,A030,0,0,1,F2597
D0030,A030,0,0,3,F2651
D0030,A030,0,0,4,F2543
D0030,A030,0,0,26,F2639
D0030,A030,0,0,46,F2527
D0030,A030,0,0,43,F2523
D0030,A030,0,0,2,F2685
D0030,A030,0,0,3,F2608
D0030,B1050,5,30,-43,F2523
D0030,B1161,32,57,-46,F2527
D0030,B6983,59,79,-26,F2639
D0030,B5009,88,96,-1,F2597
D0030,B7550,101,111,-3,F2651
D0030,B2229,115,126,-4,F2543
D0030,B9045,130,139,-2,F2685
D0030,B5602,149,159,-3,F2608
D0030,A116,194,194,51,F8609
D0030,S022,214,218,1,E0521
D0030,B3341,218,226,-1,E0521
D0030,S021,226,227,1,E0469
D0030,B5143,229,237,-1,E0469
D0030,S016,239,239,2,E0294
D0030,B0064,240,249,-2,E0294
D0030,S011,249,250,2,E0096
D0030,S011,250,257,2,E0097
D0030,B3341,258,267,-2,E0097
D0030,B3341,267,276,-2,E0096
D0030,S012,277,279,1,E0127
D0030,S017,280,281,1,E0335
D0030,S021,281,285,5,E0431
D0030,B3341,285,297,-5,E0431
D0030,S016,298,299,2,E0281
D0030,S015,299,300,4,E0183
D0030,B3341,301,309,-1,E0127
D0030,B3341,309,320,-4,E0183
D0030,S026,320,320,1,E0580
D0030,S016,321,321,1,E0282
D0030,B3341,322,330,-1,E0335
D0030,S021,330,334,1,E0433
D0030,S016,334,335,1,E0227
D0030,S016,335,337,2,E0283
D0030,S043,339,341,2,E0832
D0030,S022,343,343,6,E0527
D0030,B3341,343,351,-1,E0433
D0030,B0064,352,364,-6,E0527
D0030,B5710,365,374,-2,E0283
D0030,S016,375,375,1,E0228
D0030,B5710,376,385,-2,E0281
D0030,S016,386,386,1,E0300
D0030,B5710,387,395,-1,E0282
D0030,S016,396,397,5,E0229
D0030,S015,397,397,1,E0184
D0030,B3341,398,406,-1,E0580
D0030,B3341,406,418,-5,E0229
D0030,B3341,418,426,-1,E0227
D0030,B3341,426,435,-2,E0832
D0030,B3341,435,443,-1,E0184
D0030,B0064,444,452,-1,E0300
D0030,S012,453,453,1,E0128
D0030,S016,453,458,1,E0301
D0030,S014,458,460,1,E0172
D0030,S031,461,463,2,E0682
D0030,S013,464,464,2,E0145
D0030,B3341,465,473,-1,E0228
D0030,S021,473,474,1,E0400
D0030,B3341,474,483,-2,E0145
D0030,S021,483,483,1,E0437
D0030,B3341,483,491,-1,E0437
D0030,B5710,492,500,-1,E0172
D0030,B3341,501,510,-2,E0682
D0030,S021,510,510,1,E0438
D0030,B3341,510,518,-1,E0438
D0030,S021,518,518,1,E0439
D0030,B3341,518,526,-1,E0439
D0030,B3341,526,534,-1,E0128
D0030,B0064,535,543,-1,E0301
D0030,S001,547,548,1,E0013
D0030,S001,548,553,4,E0006
D0030,B1425,554,562,-1,E0400
D0030,S001,563,576,2,E0007
D0030,S011,580,582,2,E0110
D0030,S010,582,583,7,E0089
D0030,B5710,583,591,-1,E0013
D0030,S014,592,599,1,E0162
D0030,B0064,600,609,-2,E0110
D0030,S016,610,614,6,E0237
D0030,S018,614,623,1,E0363
D0030,S012,624,627,3,E0131
D0030,S016,627,628,3,E0238
D0030,S011,628,628,3,E0100
D0030,B3341,629,639,-3,E0100
D0030,B3341,639,650,-4,E0006
D0030,B3341,650,660,-3,E0131
D0030,B3341,660,669,-2,E0007
D0030,B3341,669,682,-7,E0089
D0030,B3341,682,690,-1,E0162
D0030,B3341,690,700,-3,E0238
D0030,B3341,700,712,-6,E0237
D0030,B3341,712,720,-1,E0363
D0030,B3341,720,746,-51,F8609
D0031,A033,0,0,63,F3015
D0031,A033,0,0,40,F2946
D0031,B7900,3,32,-63,F3015
D0031,B0336,35,59,-40,F2946
D0031,A072,68,68,40,F5807
D0031,B0188,69,93,-40,F5807
D0031,A072,94,94,56,F5828
D0031,A072,94,94,11,F5820
D0031,A072,94,94,16,F5888
D0031,A072,94,94,53,F5858
D0031,B2269,97,124,-56,F5828
D0031,B5276,132,159,-53,F5858
D0031,B1518,162,177,-11,F5820
D0031,B8559,179,196,-16,F5888
D0031,S558,206,214,1,E3927
D0031,S574,221,224,1,E4021
D0031,S573,224,231,2,E4001
D0031,B1865,235,243,-1,E4021
D0031,B5744,244,253,-2,E4001
D0031,S558,256,257,3,E3925
D0031,S574,264,270,2,E4033
D0031,S558,277,277,1,E3926
D0031,B5242,281,291,-3,E3925
D0031,S558,295,300,2,E3929
D0031,B6726,303,311,-1,E3927
D0031,B0373,316,325,-2,E4033
D0031,S577,326,326,2,E4065
D0031,S573,327,327,2,E3990
D0031,S573,327,333,1,E4012
D0031,S574,333,335,3,E4046
D0031,B5241,335,344,-2,E4065
D0031,B5976,352,360,-1,E3926
D0031,B6456,366,376,-3,E4046
D0031,B7900,380,388,-1,E4012
D0031,B7900,388,397,-2,E3929
D0031,B0336,400,409,-2,E3990
D0031,A072,418,418,7,F5860
D0031,A072,418,418,22,F5889
D0031,A072,418,418,17,F5842
D0031,A072,418,418,7,F5814
D0031,A072,418,418,25,F5837
D0031,B5490,429,442,-7,F5860
D0031,S573,455,455,3,E3993
D0031,B3844,461,471,-3,E3993
D0031,S538,490,500,2,E3837
D0031,B1024,502,511,-2,E3837
D0031,S558,534,536,2,E3924
D0031,S574,543,550,5,E4032
D0031,B0336,557,569,-5,E4032
D0031,S558,572,573,2,E3930
D0031,S574,580,584,2,E4025
D0031,B1865,588,597,-2,E4025
D0031,S558,600,600,1,E3931
D0031,B7900,603,611,-1,E3931
D0031,B7900,611,620,-2,E3930
D0031,B4214,625,634,-2,E3924
D0031,B3082,644,664,-25,F5837
D0031,B0868,666,679,-7,F5814
D0031,B3563,684,701,-17,F5842
D0031,B8782,703,722,-22,F5889
D0032,A032,0,0,3,F2932
D0032,A032,0,0,9,F2900
D0032,B3441,15,29,-9,F2900
D0032,B8664,34,44,-3,F2932
D0032,A021,68,68,21,F1643
D0032,A021,68,68,33,F1598
D0032,B6358,71,90,-21,F1643
D0032,B3297,92,114,-33,F1598
D0032,A021,116,116,19,F1577
D0032,A021,116,116,16,F1619
D0032,B4660,116,133,-16,F1619
D0032,A021,133,133,17,F1639
D0032,A021,133,133,23,F1587
D0032,A021,133,133,81,F1636
D0032,B1266,137,155,-19,F1577
D0032,B6205,162,179,-17,F1639
D0032,B2277,182,201,-23,F1587
D0032,B5905,202,234,-81,F1636
D0032,S143,235,236,3,E1609
D0032,S146,236,251,1,E1616
D0032,B5905,251,259,-1,E1616
D0032,S140,260,276,3,E1586
D0032,A037,288,288,46,F3343
D0032,S139,301,310,2,E1582
D0032,B2277,311,320,-2,E1582
D0032,B6472,322,332,-3,E1609
D0032,S143,334,335,2,E1602
D0032,S143,335,342,2,E1606
D0032,B5905,343,352,-2,E1606
D0032,B0813,354,364,-3,E1586
D0032,B0813,364,389,-46,F3343
D0032,B1858,392,401,-2,E1602
D0032,S143,405,416,2,E1607
D0032,B5905,417,426,-2,E1607
D0032,A037,438,438,18,F3339
D0032,A037,438,438,34,F3426
D0032,S363,454,459,2,E2800
D0032,B6119,485,494,-2,E2800
D0032,B0555,527,545,-18,F3339
D0032,S139,553,553,2,E1583
D0032,B2277,554,563,-2,E1583
D0032,B5634,580,602,-34,F3426
D0032,S331,608,614,1,E2580
D0032,B3960,800,808,-1,E2580
D0033,A031,0,0,5,F2803
D0033,A031,0,0,45,F2727
D0033,A031,0,0,44,F2835
D0033,B5189,3,15,-5,F2803
D0033,B1637,20,45,-45,F2727
D0033,B6946,47,72,-44,F2835
D0033,A031,73,73,30,F2688
D0033,A031,73,73,8,F2705
D0033,B0010,75,96,-30,F2688
D0033,B0538,137,150,-8,F2705
D0033,S477,213,216,1,E3420
D0033,B4728,219,227,-1,E3420
D0033,S480,230,230,1,E3437
D0033,B3535,232,240,-1,E3437
D0033,S480,242,242,1,E3443
D0033,S479,242,248,1,E3434
D0033,B7353,253,261,-1,E3443
D0033,S477,266,267,1,E3423
D0033,S481,267,273,1,E3446
D0033,S480,273,283,1,E3444
D0033,S477,283,284,4,E3421
D0033,B2095,290,298,-1,E3446
D0033,B8181,299,307,-1,E3444
D0033,S477,312,314,3,E3422
D0033,S472,315,323,2,E3385
D0033,S481,324,332,2,E3448
D0033,B0092,332,340,-1,E3434
D0033,B5076,344,352,-1,E3423
D0033,B4728,355,365,-3,E3422
D0033,B4728,365,376,-4,E3421
D0033,A042,386,386,66,F3848
D0033,A042,386,386,21,F3829
D0033,B3535,394,403,-2,E3385
D0033,S472,406,415,2,E3386
D0033,B4667,417,426,-2,E3448
D0033,B4667,426,435,-2,E3386
D0033,B6603,439,468,-66,F3848
D0033,S479,471,474,1,E3430
D0033,B3535,476,495,-21,F3829
D0033,S503,505,509,4,E3582
D0033,A042,520,520,38,F3816
D0033,B2095,525,533,-1,E3430
D0033,S479,539,539,1,E3432
D0033,S480,539,543,1,E3440
D0033,B2276,551,562,-4,E3582
D0033,S480,570,584,1,E3441
D0033,S480,584,589,1,E3442
D0033,S481,589,594,2,E3447
D0033,B3535,596,605,-2,E3447
D0033,B3535,605,613,-1,E3432
D0033,B6603,614,622,-1,E3442
D0033,B6603,622,630,-1,E3441
D0033,B6603,630,638,-1,E3440
D0033,B1847,642,665,-38,F3816
D0033,A042,668,668,66,F3822
D0033,A042,668,668,34,F3808
D0033,B0988,668,690,-34,F3808
D0033,A042,690,690,58,F3850
D0033,B6906,691,719,-58,F3850
D0033,B2792,720,749,-66,F3822
D0034,A059,70,70,23,F4732
D0034,A059,70,70,54,F4715
D0034,A059,70,70,63,F4706
D0034,B4278,71,98,-54,F4715
D0034,B2390,99,128,-63,F4706
D0034,B6992,129,148,-23,F4732
D0034,A002,203,203,37,F0051
D0034,S336,209,216,2,E2658
D0034,S336,216,221,1,E2660
D0034,S335,221,231,1,E2637
D0034,S335,231,234,2,E2643
D0034,B3215,236,244,-1,E2637
D0034,S335,246,252,3,E2651
D0034,B6877,254,262,-1,E2660
D0034,S335,264,266,3,E2644
D0034,B7707,267,277,-3,E2651
D0034,B7554,279,289,-3,E2644
D0034,B7554,289,298,-2,E2643
D0034,B4381,301,310,-2,E2658
D0034,A093,331,331,56,F6982
D0034,A093,331,331,1,F6956
D0034,S398,336,339,1,E2945
D0034,S415,344,346,2,E3035
D0034,S421,346,364,1,E3091
D0034,B6825,369,378,-2,E3035
D0034,S446,379,391,3,E3259
D0034,B5284,394,404,-3,E3259
D0034,B4356,409,417,-1,E3091
D0034,B2670,423,431,-1,E2945
D0034,B6259,432,459,-56,F6982
D0034,B2670,460,468,-1,F6956
D0034,S335,483,485,2,E2649
D0034,S335,485,490,2,E2652
D0034,B5860,490,513,-37,F0051
D0034,S336,513,523,1,E2654
D0034,B7707,524,533,-2,E2652
D0034,S329,539,547,2,E2567
D0034,B7600,551,560,-2,E2649
D0034,B1006,561,569,-1,E2654
D0034,S276,576,581,2,E2353
D0034,S277,583,596,3,E2357
D0034,S329,606,613,1,E2568
D0034,A002,617,617,42,F0056
D0034,A002,617,617,88,F0078
D0034,B6877,621,630,-2,E2567
D0034,B8701,637,646,-2,E2353
D0034,B8786,651,659,-1,E2568
D0034,B4825,663,673,-3,E2357
D0034,B6532,689,713,-42,F0056
D0034,B9213,717,750,-88,F0078
D0035,A035,0,0,20,F3244
D0035,A035,0,0,7,F3186
D0035,A035,0,0,63,F3160
D0035,B2383,4,33,-63,F3160
D0035,A035,37,37,53,F3125
D0035,A035,37,37,59,F3191
D0035,B4253,42,70,-59,F3191
D0035,B0389,72,99,-53,F3125
D0035,A102,107,107,27,F7653
D0035,A102,107,107,11,F7607
D0035,A102,107,107,52,F7630
D0035,B3811,107,134,-52,F7630
D0035,A102,134,134,16,F7638
D0035,A102,134,134,53,F7635
D0035,B0818,136,151,-11,F7607
D0035,B5938,153,174,-27,F7653
D0035,B4310,176,193,-16,F7638
D0035,S097,196,210,2,E1407
D0035,B7817,213,222,-2,E1407
D0035,S100,225,235,2,E1427
D0035,S095,243,246,3,E1403
D0035,B4127,250,277,-53,F7635
D0035,B4127,277,287,-3,E1403
D0035,S095,291,298,3,E1404
D0035,B8469,298,308,-3,E1404
D0035,B4127,312,321,-2,E1427
D0035,S093,332,347,1,E1400
D0035,B0670,348,356,-1,E1400
D0035,S091,364,376,2,E1396
D0035,B6680,377,386,-2,E1396
D0035,A035,397,397,38,F3241
D0035,B7203,405,428,-38,F3241
D0035,S092,433,438,4,E1398
D0035,B4253,444,455,-4,E1398
D0035,S100,474,485,2,E1428
D0035,B0546,489,498,-2,E1428
D0035,S091,512,521,6,E1394
D0035,B4735,535,547,-6,E1394
D0035,S098,572,583,4,E1409
D0035,S092,594,597,4,E1397
D0035,B5791,609,620,-4,E1409
D0035,A102,628,628,64,F7605
D0035,B0639,632,661,-64,F7605
D0035,B2198,671,682,-4,E1397
D0035,B7305,684,702,-20,F3244
D0035,B4088,708,721,-7,F3186
D0036,A034,0,0,29,F3032
D0036,A034,0,0,42,F3090
D0036,A034,0,0,55,F3071
D0036,B4979,1,28,-55,F3071
D0036,A034,29,29,15,F3068
D0036,A034,29,29,53,F3046
D0036,B1113,30,51,-29,F3032
D0036,B2675,53,80,-53,F3046
D0036,B4744,83,100,-15,F3068
D0036,A034,102,102,4,F3054
D0036,A034,102,102,32,F3109
D0036,A034,102,102,9,F3077
D0036,A034,102,102,24,F3110
D0036,A034,102,102,25,F3035
D0036,B5822,107,121,-9,F3077
D0036,B8466,126,146,-24,F3110
D0036,B8288,147,169,-32,F3109
D0036,B6755,171,195,-42,F3090
D0036,B1299,196,216,-25,F3035
D0036,S570,217,225,1,E3966
D0036,S570,225,237,1,E3960
D0036,S563,246,258,4,E3941
D0036,S570,267,267,2,E3961
D0036,B2350,268,276,-1,E3960
D0036,B2350,276,285,-2,E3961
D0036,B6755,288,296,-1,E3966
D0036,S565,306,315,3,E3946
D0036,B6389,316,326,-3,E3946
D0036,S567,334,338,1,E3952
D0036,B2310,347,358,-4,E3941
D0036,B2350,367,375,-1,E3952
D0036,S567,375,381,2,E3956
D0036,S567,381,385,1,E3951
D0036,B3628,389,400,-4,F3054
D0036,S567,404,408,1,E3950
D0036,B1299,410,418,-1,E3950
D0036,B6755,419,428,-2,E3956
D0036,S570,430,444,1,E3959
D0036,S570,444,458,1,E3962
D0036,B2048,459,467,-1,E3959
D0036,B2048,467,475,-1,E3951
D0036,S546,486,486,5,E3860
D0036,S567,495,500,1,E3953
D0036,B2350,500,508,-1,E3962
D0036,B2350,508,516,-1,E3953
D0036,S567,516,525,1,E3954
D0036,B2350,525,533,-1,E3954
D0036,B1372,542,554,-5,E3860
D0036,S517,574,575,11,E3649
D0036,A011,580,580,5,F0659
D0036,S546,594,598,2,E3865
D0036,S552,600,611,2,E3883
D0036,S563,614,616,3,E3942
D0036,B2310,617,627,-3,E3942
D0036,B7020,633,642,-2,E3865
D0036,A089,645,645,77,F6741
D0036,B4106,658,673,-11,E3649
D0036,B4106,673,685,-5,F0659
D0036,B3074,701,710,-2,E3883
D0036,B3074,710,741,-77,F6741
D0037,A039,0,0,35,F3696
D0037,A039,0,0,22,F3688
D0037,A039,0,0,19,F3672
D0037,A039,0,0,18,F3683
D0037,B7903,6,29,-35,F3696
D0037,B6558,32,51,-22,F3688
D0037,B3377,53,71,-19,F3672
D0037,B5818,74,92,-18,F3683
D0037,A039,94,94,47,F3701
D0037,A039,94,94,31,F3677
D0037,A039,94,94,52,F3664
D0037,B8635,95,121,-47,F3701
D0037,A039,122,122,55,F3685
D0037,B6070,126,153,-55,F3685
D0037,B2057,155,182,-52,F3664
D0037,A039,184,184,19,F3679
D0037,A039,184,184,58,F3702
D0037,A039,184,184,26,F3668
D0037,B5034,187,205,-19,F3679
D0037,B4903,206,228,-31,F3677
D0037,B8932,229,257,-58,F3702
D0037,A039,259,259,52,F3680
D0037,A039,259,259,53,F3662
D0037,S147,266,268,1,E1618
D0037,B6795,271,279,-1,E1618
D0037,B0814,285,312,-53,F3662
D0037,B3011,315,335,-26,F3668
D0037,A039,340,340,25,F3697
D0037,A039,340,340,54,F3674
D0037,B8188,344,364,-25,F3697
D0037,S114,364,373,3,E1502
D0037,B5282,375,402,-52,F3680
D0037,B5282,402,412,-3,E1502
D0037,A039,418,418,43,F3686
D0037,A039,418,418,43,F3687
D0037,B6300,423,448,-43,F3687
D0037,B6223,450,475,-43,F3686
D0037,S113,477,497,4,E1501
D0037,B4170,498,525,-54,F3674
D0037,B0738,530,541,-4,E1501
D0037,A039,549,549,35,F3693
D0037,A039,549,549,60,F3667
D0037,A039,549,549,10,F3695
D0037,B7567,550,564,-10,F3695
D0037,S120,567,569,1,E1510
D0037,B2467,570,598,-60,F3667
D0037,B6310,599,607,-1,E1510
D0037,B7355,609,632,-35,F3693
D0037,A114,635,635,52,F8480
D0037,A114,635,635,29,F8487
D0037,A114,635,635,24,F8457
D0037,B4755,636,657,-29,F8487
D0037,B0629,658,678,-24,F8457
D0037,A114,679,679,71,F8504
D0037,B6795,680,710,-71,F8504
D0037,B2911,712,739,-52,F8480
D0038,A120,94,94,4,F8971
D0038,B6760,105,116,-4,F8971
D0038,A018,134,134,69,F1205
D0038,A018,134,134,67,F1151
D0038,B8964,146,176,-69,F1205
D0038,B2810,178,208,-67,F1151
D0038,S614,215,216,5,E4390
D0038,B3644,217,229,-5,E4390
D0038,S612,232,236,1,E4347
D0038,B3253,238,246,-1,E4347
D0038,S612,248,248,1,E4352
D0038,S612,248,255,2,E4357
D0038,B8964,260,269,-2,E4357
D0038,B7285,271,279,-1,E4352
D0038,S610,281,283,1,E4326
D0038,S611,287,287,1,E4332
D0038,S619,291,298,4,E4471
D0038,S617,299,299,7,E4418
D0038,S628,299,302,3,E4554
D0038,S613,304,308,1,E4378
D0038,B2451,308,318,-3,E4554
D0038,B2451,318,331,-7,E4418
D0038,S622,333,335,1,E4515
D0038,B3644,336,347,-4,E4471
D0038,B3644,347,355,-1,E4515
D0038,B3644,355,363,-1,E4332
D0038,B2451,364,372,-1,E4326
D0038,S628,374,374,2,E4556
D0038,S621,375,382,1,E4486
D0038,S629,382,384,1,E4569
D0038,B4435,384,392,-1,E4378
D0038,B2451,394,402,-1,E4569
D0038,B2451,402,410,-1,E4486
D0038,S614,411,418,3,E4386
D0038,S630,419,421,1,E4609
D0038,S621,421,423,1,E4487
D0038,B3253,425,434,-2,E4556
D0038,S621,436,452,2,E4488
D0038,S632,452,458,2,E4650
D0038,S632,458,459,3,E4651
D0038,B4435,459,469,-3,E4651
D0038,B3644,470,479,-2,E4650
D0038,S614,480,487,2,E4388
D0038,B2451,488,496,-1,E4609
D0038,B2451,496,504,-1,E4487
D0038,B2451,504,514,-3,E4386
D0038,S613,514,522,2,E4365
D0038,S613,522,524,2,E4374
D0038,S619,526,531,2,E4462
D0038,S613,533,535,1,E4369
D0038,B2451,535,544,-2,E4488
D0038,B3644,545,554,-2,E4374
D0038,S613,556,556,2,E4370
D0038,S613,556,556,1,E4366
D0038,S615,558,560,1,E4406
D0038,B3253,561,569,-1,E4406
D0038,B3253,569,577,-1,E4369
D0038,B3253,577,586,-2,E4388
D0038,A018,603,603,21,F1173
D0038,A018,603,603,24,F1120
D0038,A018,603,603,28,F1163
D0038,B2794,606,615,-2,E4365
D0038,B2794,615,624,-2,E4462
D0038,B2794,624,632,-1,E4366
D0038,B0356,643,652,-2,E4370
D0038,B0356,652,672,-24,F1120
D0038,B5355,674,693,-21,F1173
D0038,B4304,712,733,-28,F1163
D0039,A038,0,0,4,F3627
D0039,A038,0,0,11,F3571
D0039,A038,0,0,4,F3572
D0039,A038,0,0,1,F3632
D0039,A038,0,0,2,F3554
D0039,A038,0,0,1,F3623
D0039,A038,0,0,6,F3567
D0039,A038,0,0,15,F3494
D0039,A038,0,0,3,F3593
D0039,A038,0,0,9,F3512
D0039,A038,0,0,2,F3624
D0039,B4233,16,28,-6,F3567
D0039,B7568,38,49,-4,F3627
D0039,B1488,54,68,-9,F3512
D0039,B3565,75,84,-2,F3554
D0039,B0665,92,109,-15,F3494
D0039,B4497,112,127,-11,F3571
D0039,B4607,132,143,-4,F3572
D0039,B5668,148,158,-3,F3593
D0039,B7796,172,180,-1,F3632
D0039,B7307,189,198,-2,F3624
D0039,B7299,228,236,-1,F3623
D0039,S096,346,348,4,E1405
D0039,B5923,353,364,-4,E1405
D0039,A020,432,432,28,F1482
D0039,A020,432,432,33,F1333
D0039,B6654,437,458,-28,F1482
D0039,B1153,459,481,-33,F1333
D0039,A020,486,486,13,F1471
D0039,A020,486,486,23,F1529
D0039,A020,486,486,8,F1428
D0039,A020,486,486,79,F1338
D0039,A020,486,486,17,F1321
D0039,B0700,501,518,-17,F1321
D0039,B4491,523,536,-8,F1428
D0039,S435,547,563,2,E3208
D0039,S418,566,569,1,E3047
D0039,B2232,570,579,-2,E3208
D0039,S418,580,586,2,E3051
D0039,B0552,588,597,-2,E3051
D0039,S417,600,602,1,E3041
D0039,B2347,610,618,-1,E3047
D0039,B6211,624,640,-13,F1471
D0039,B1291,678,686,-1,E3041
D0039,B8234,689,708,-23,F1529
D0039,B1291,711,743,-79,F1338
D0040,A097,34,34,8,F7248
D0040,A097,34,34,38,F7241
D0040,A097,34,34,5,F7254
D0040,A097,34,34,9,F7274
D0040,A097,34,34,2,F7275
D0040,A097,34,34,5,F7203
D0040,A097,34,34,10,F7251
D0040,B5008,43,66,-38,F7241
D0040,B6752,69,81,-5,F7254
D0040,B9055,83,97,-9,F7274
D0040,B9089,101,110,-2,F7275
D0040,B6077,115,128,-8,F7248
D0040,B0809,131,143,-5,F7203
D0040,B6566,147,161,-10,F7251
D0040,S484,212,214,3,E3466
D0040,S484,214,216,2,E3463
D0040,B2085,223,233,-3,E3466
D0040,S503,241,242,2,E3583
D0040,S503,242,245,1,E3586
D0040,S506,248,252,1,E3592
D0040,B1222,256,265,-2,E3463
D0040,S503,272,277,2,E3584
D0040,B1774,284,292,-1,E3592
D0040,B3782,312,321,-2,E3584
D0040,B3782,321,330,-2,E3583
D0040,B7252,332,340,-1,E3586
D0040,A122,348,348,68,F9062
D0040,B1995,349,379,-68,F9062
D0040,S412,383,387,3,E2981
D0040,S463,400,406,3,E3334
D0040,S448,407,418,3,E3273
D0040,S463,419,424,2,E3330
D0040,B5775,425,435,-3,E3334
D0040,B6665,436,446,-3,E3273
D0040,S448,447,448,2,E3266
D0040,B4260,454,463,-2,E3330
D0040,B0147,476,486,-3,E2981
D0040,B2393,499,508,-2,E3266
D0040,S458,512,515,2,E3310
D0040,B5775,516,525,-2,E3310
D0040,S466,525,532,1,E3372
D0040,B6665,533,541,-1,E3372
D0040,S420,554,560,2,E3077
D0040,S420,560,574,2,E3078
D0040,S420,574,579,1,E3074
D0040,S412,582,585,3,E2984
D0040,B3616,588,597,-2,E3077
D0040,B1784,598,606,-1,E3074
D0040,B5442,607,616,-2,E3078
D0040,B2783,622,632,-3,E2984
D0040,A074,636,636,4,F5934
D0040,B7659,638,649,-4,F5934
D0040,A015,671,671,65,F0917
D0040,A015,671,671,16,F0915
D0040,B6368,671,688,-16,F0915
D0040,A015,688,688,60,F0892
D0040,B7219,689,718,-65,F0917
D0040,B2029,720,748,-60,F0892
D0041,A093,38,38,44,F6951
D0041,B1788,42,67,-44,F6951
D0041,A076,79,79,6,F6023
D0041,A076,79,79,63,F6001
D0041,A076,79,79,68,F6000
D0041,B2333,93,122,-63,F6001
D0041,B2234,124,154,-68,F6000
D0041,B5949,165,177,-6,F6023
D0041,S525,221,223,2,E3786
D0041,S525,223,225,1,E3785
D0041,B3187,226,234,-1,E3785
D0041,S532,240,252,4,E3807
D0041,B3227,253,262,-2,E3786
D0041,S534,263,278,2,E3831
D0041,S532,279,281,2,E3803
D0041,S532,281,281,2,E3812
D0041,B3227,282,293,-4,E3807
D0041,S532,294,299,3,E3813
D0041,B3789,300,309,-2,E3812
D0041,S532,310,310,3,E3804
D0041,S532,310,311,5,E3808
D0041,B3227,312,321,-2,E3831
D0041,S536,321,323,2,E3833
D0041,B3227,323,335,-5,E3808
D0041,S532,336,336,5,E3814
D0041,A089,338,338,58,F6728
D0041,A089,338,338,40,F6765
D0041,B7020,341,350,-2,E3833
D0041,B1701,357,367,-3,E3804
D0041,B1701,367,376,-2,E3803
D0041,S532,379,383,2,E3815
D0041,B3789,384,394,-3,E3813
D0041,B3789,394,406,-5,E3814
D0041,B3789,406,415,-2,E3815
D0041,B6305,420,444,-40,F6765
D0041,S545,448,450,1,E3858
D0041,B1954,451,479,-58,F6728
D0041,B3699,483,491,-1,E3858
D0041,S533,497,508,3,E3828
D0041,B7654,514,524,-3,E3828
D0041,S525,528,552,1,E3789
D0041,S529,556,563,1,E3797
D0041,B1701,564,572,-1,E3797
D0041,S532,575,578,2,E3816
D0041,B3789,579,588,-2,E3816
D0041,S532,589,590,3,E3822
D0041,S532,590,597,3,E3810
D0041,A089,599,599,30,F6791
D0041,A089,599,599,99,F6755
D0041,B3227,600,610,-3,E3810
D0041,B9205,612,622,-3,E3822
D0041,B7149,629,637,-1,E3789
D0041,B4575,641,676,-99,F6755
D0041,B9205,679,700,-30,F6791
D0041,A089,703,703,45,F6742
D0041,B3227,704,729,-45,F6742
D0042,A042,0,0,87,F3826
D0042,A097,17,17,6,F7255
D0042,A097,17,17,10,F7244
D0042,A097,17,17,6,F7250
D0042,B5566,29,43,-10,F7244
D0042,B6220,45,57,-6,F7250
D0042,B6840,60,72,-6,F7255
D0042,A097,81,81,3,F7273
D0042,A097,81,81,5,F7266
D0042,A097,81,81,11,F7240
D0042,A097,81,81,15,F7207
D0042,A097,81,81,19,F7230
D0042,B8942,96,106,-3,F7273
D0042,B8346,116,128,-5,F7266
D0042,B1135,132,149,-15,F7207
D0042,B4999,151,166,-11,F7240
D0042,B3658,168,186,-19,F7230
D0042,A097,199,199,5,F7228
D0042,A097,199,199,40,F7204
D0042,B3125,210,243,-87,F3826
D0042,S473,246,250,1,E3393
D0042,S473,250,254,1,E3390
D0042,S479,259,270,1,E3428
D0042,S479,270,274,1,E3429
D0042,B1766,286,294,-1,E3428
D0042,B1866,313,321,-1,E3429
D0042,B1866,321,329,-1,E3390
D0042,B6147,332,340,-1,E3393
D0042,S472,351,354,3,E3388
D0042,S473,359,363,1,E3392
D0042,B8363,367,377,-3,E3388
D0042,B0816,380,404,-40,F7204
D0042,B5486,409,417,-1,E3392
D0042,A057,432,432,48,F4599
D0042,S488,433,434,1,E3483
D0042,B7443,435,443,-1,E3483
D0042,A122,454,454,72,F9073
D0042,S412,459,459,1,E2988
D0042,B6055,459,489,-72,F9073
D0042,B6055,489,497,-1,E2988
D0042,S412,497,500,3,E2983
D0042,B2783,504,514,-3,E2983
D0042,S488,530,534,1,E3484
D0042,B7443,535,543,-1,E3484
D0042,B1841,544,570,-48,F4599
D0042,S506,574,576,1,E3590
D0042,B0148,577,585,-1,E3590
D0042,S532,598,599,2,E3817
D0042,S532,599,601,2,E3819
D0042,S532,601,619,3,E3818
D0042,S532,619,627,3,E3811
D0042,B3227,628,638,-3,E3811
D0042,B3789,640,650,-3,E3818
D0042,B3789,650,659,-2,E3817
D0042,B4504,661,670,-2,E3819
D0042,B3409,714,726,-5,F7228
D0043,A043,0,0,48,F3895
D0043,A043,0,0,85,F3877
D0043,B4640,2,28,-48,F3895
D0043,B1354,29,62,-85,F3877
D0043,A043,63,63,68,F3891
D0043,A043,63,63,55,F3873
D0043,B3642,69,99,-68,F3891
D0043,B1090,100,127,-55,F3873
D0043,A043,132,132,41,F3905
D0043,A043,132,132,56,F3920
D0043,A043,132,132,11,F3876
D0043,B7678,137,164,-56,F3920
D0043,B5530,166,190,-41,F3905
D0043,B1283,192,207,-11,F3876
D0043,S248,211,212,2,E2116
D0043,S248,212,212,3,E2114
D0043,S248,212,218,2,E2126
D0043,B1283,222,232,-3,E2114
D0043,S248,236,239,3,E2121
D0043,B0031,247,256,-2,E2116
D0043,S248,264,264,2,E2123
D0043,S248,264,276,3,E2122
D0043,B9038,280,289,-2,E2126
D0043,B7227,292,301,-2,E2123
D0043,B6647,303,313,-3,E2122
D0043,S248,315,315,3,E2119
D0043,B6061,320,330,-3,E2121
D0043,S323,340,341,6,E2544
D0043,B4640,347,357,-3,E2119
D0043,S201,371,389,3,E1848
D0043,S201,389,392,7,E1849
D0043,B4952,392,402,-3,E1848
D0043,B6466,422,434,-6,E2544
D0043,B4952,454,467,-7,E1849
D0043,S250,473,483,1,E2128
D0043,B4390,495,503,-1,E2128
D0043,S180,511,525,3,E1757
D0043,S178,528,543,1,E1755
D0043,B4808,546,554,-1,E1755
D0043,B3243,558,568,-3,E1757
D0043,S165,572,576,2,E1703
D0043,B7768,819,828,-2,E1703
D0044,A071,77,77,10,F5768
D0044,A071,77,77,85,F5777
D0044,B2330,95,128,-85,F5777
D0044,B0609,136,150,-10,F5768
D0044,S201,214,217,6,E1839
D0044,B4952,217,229,-6,E1839
D0044,S201,229,232,2,E1826
D0044,S201,232,236,1,E1838
D0044,B4549,239,247,-1,E1838
D0044,S176,249,251,2,E1752
D0044,B3016,252,261,-2,E1752
D0044,S157,264,264,1,E1655
D0044,S165,265,265,12,E1687
D0044,S165,265,269,13,E1698
D0044,S165,269,274,11,E1681
D0044,B2546,275,284,-2,E1826
D0044,S165,285,293,12,E1699
D0044,B3243,297,312,-12,E1687
D0044,S165,316,316,2,E1705
D0044,S165,316,319,2,E1689
D0044,B4808,320,335,-12,E1699
D0044,B4808,335,351,-13,E1698
D0044,S172,353,353,1,E1722
D0044,B4046,354,362,-1,E1655
D0044,B1602,364,379,-11,E1681
D0044,B7826,383,392,-2,E1705
D0044,B3432,400,409,-2,E1689
D0044,B0403,427,435,-1,E1722
D0044,S401,501,501,1,E2952
D0044,S450,509,513,2,E3281
D0044,B5018,515,524,-2,E3281
D0044,S421,530,533,1,E3107
D0044,S415,533,533,1,E3038
D0044,S428,535,543,3,E3174
D0044,S414,545,553,1,E3017
D0044,B7096,555,563,-1,E3107
D0044,B7377,566,574,-1,E3038
D0044,B7377,574,582,-1,E3017
D0044,B3701,586,594,-1,E2952
D0044,S428,602,603,3,E3163
D0044,S428,603,604,1,E3162
D0044,S415,606,609,2,E3033
D0044,S428,611,613,2,E3152
D0044,S415,615,617,1,E3024
D0044,S428,619,620,3,E3153
D0044,B2276,620,630,-3,E3153
D0044,B5474,631,641,-3,E3174
D0044,B2276,642,651,-2,E3152
D0044,B0236,654,662,-1,E3024
D0044,B3852,665,675,-3,E3163
D0044,B3782,678,686,-1,E3162
D0044,B6673,689,698,-2,E3033
D0044,A084,712,712,60,F6461
D0044,B1201,713,741,-60,F6461
D0045,A044,0,0,16,F3963
D0045,A044,0,0,26,F3973
D0045,A044,0,0,25,F3932
D0045,A044,0,0,44,F3952
D0045,A044,0,0,14,F3950
D0045,B4211,2,27,-44,F3952
D0045,B7166,30,47,-16,F3963
D0045,B8759,49,69,-26,F3973
D0045,B0289,71,91,-25,F3932
D0045,B3410,95,111,-14,F3950
D0045,A103,157,157,1,F7741
D0045,B6763,163,171,-1,F7741
D0045,S165,214,214,16,E1694
D0045,B4046,216,233,-16,E1694
D0045,S201,237,240,2,E1860
D0045,B0767,241,250,-2,E1860
D0045,S230,251,252,2,E2043
D0045,S296,259,261,1,E2438
D0045,S296,261,264,1,E2440
D0045,B6815,267,275,-1,E2440
D0045,S311,277,279,1,E2479
D0045,S316,280,285,2,E2492
D0045,S316,285,289,2,E2498
D0045,S316,289,290,2,E2494
D0045,B4722,291,300,-2,E2492
D0045,B0476,301,309,-1,E2479
D0045,B6720,311,320,-2,E2498
D0045,B5258,321,329,-1,E2438
D0045,B5945,340,349,-2,E2043
D0045,S237,351,352,1,E2062
D0045,B1248,352,360,-1,E2062
D0045,S316,369,370,2,E2507
D0045,B4868,371,380,-2,E2494
D0045,S341,384,392,1,E2707
D0045,S296,400,403,2,E2437
D0045,S201,413,415,1,E1831
D0045,B3832,425,434,-2,E2437
D0045,B6468,440,448,-1,E2707
D0045,B8328,449,458,-2,E2507
D0045,A121,468,468,8,F9046
D0045,B0291,479,487,-1,E1831
D0045,S399,509,511,2,E2947
D0045,B1134,512,521,-2,E2947
D0045,S397,523,524,1,E2944
D0045,B8075,530,538,-1,E2944
D0045,S341,567,568,1,E2706
D0045,B8057,571,584,-8,F9046
D0045,S344,587,589,2,E2718
D0045,B3413,589,597,-1,E2706
D0045,S357,603,607,3,E2772
D0045,S311,616,616,2,E2481
D0045,S345,622,623,9,E2735
D0045,B5763,628,637,-2,E2481
D0045,A121,641,641,96,F9003
D0045,B1064,645,654,-2,E2718
D0045,B1324,657,691,-96,F9003
D0045,B1324,691,701,-3,E2772
D0045,B3921,713,727,-9,E2735
D0046,A046,0,0,3,F4045
D0046,A024,10,10,2,F1900
D0046,B0724,15,24,-2,F1900
D0046,A014,33,33,32,F0866
D0046,A014,33,33,48,F0880
D0046,B9126,34,60,-48,F0880
D0046,A014,61,61,8,F0861
D0046,A050,61,61,23,F4239
D0046,A050,61,61,8,F4237
D0046,A014,61,61,46,F0871
D0046,B1603,61,74,-8,F0861
D0046,B6728,82,101,-23,F4239
D0046,B5238,106,119,-8,F4237
D0046,B5610,128,153,-46,F0871
D0046,B3821,161,183,-32,F0866
D0046,B2148,197,207,-3,F4045
D0046,S208,211,212,15,E1894
D0046,B0397,215,232,-15,E1894
D0046,S218,234,237,2,E1982
D0046,S213,238,245,2,E1957
D0046,S221,245,247,2,E1992
D0046,S208,248,251,10,E1902
D0046,S221,252,254,1,E1998
D0046,S221,254,266,1,E1999
D0046,B3330,267,276,-2,E1992
D0046,B6772,277,286,-2,E1957
D0046,B6772,286,294,-1,E1999
D0046,B6772,294,302,-1,E1998
D0046,S218,302,302,3,E1974
D0046,B4289,304,313,-2,E1982
D0046,S213,315,317,3,E1953
D0046,S222,317,322,6,E2001
D0046,B3330,323,333,-3,E1953
D0046,S208,335,338,11,E1888
D0046,B0745,339,353,-10,E1902
D0046,B5936,354,366,-6,E2001
D0046,B1512,369,384,-11,E1888
D0046,A063,387,387,67,F5083
D0046,A063,387,387,37,F5079
D0046,B1402,391,401,-3,E1974
D0046,S173,407,415,1,E1728
D0046,S154,419,427,2,E1646
D0046,B5438,431,440,-2,E1646
D0046,B3913,444,474,-67,F5083
D0046,B4133,477,485,-1,E1728
D0046,S156,488,489,7,E1651
D0046,B3478,491,514,-37,F5079
D0046,S102,527,533,1,E1445
D0046,B3133,540,548,-1,E1445
D0046,S156,556,558,6,E1650
D0046,B3478,560,572,-6,E1650
D0046,B4582,577,590,-7,E1651
D0046,S213,601,602,1,E1954
D0046,S322,615,618,17,E2536
D0046,S342,625,627,1,E2712
D0046,B0911,632,640,-1,E2712
D0046,B4246,657,665,-1,E1954
D0046,B7002,684,701,-17,E2536
D0046,A014,710,710,31,F0872
D0046,B5700,714,736,-31,F0872
D0047,A063,29,29,6,F5086
D0047,A024,40,40,17,F1951
D0047,B5593,47,64,-17,F1951
D0047,A014,71,71,46,F0860
D0047,A014,71,71,85,F0869
D0047,B5460,79,112,-85,F0869
D0047,B1545,116,141,-46,F0860
D0047,A046,157,157,88,F4064
D0047,B5222,163,196,-88,F4064
D0047,A045,203,203,15,F3997
D0047,S165,208,211,1,E1690
D0047,B0348,212,220,-1,E1690
D0047,S151,223,230,3,E1623
D0047,B3243,233,243,-3,E1623
D0047,A069,251,251,3,F5645
D0047,A069,251,251,83,F5584
D0047,A069,251,251,15,F5585
D0047,B8073,253,263,-3,F5645
D0047,S099,271,277,1,E1411
D0047,S101,283,283,1,E1431
D0047,S101,283,293,1,E1432
D0047,B3438,293,301,-1,E1432
D0047,B3438,301,309,-1,E1431
D0047,S101,309,312,2,E1433
D0047,S101,312,318,1,E1434
D0047,S103,319,320,2,E1447
D0047,B3438,321,330,-2,E1433
D0047,S101,330,347,1,E1435
D0047,S099,353,364,1,E1424
D0047,B2123,366,374,-1,E1411
D0047,B6369,375,383,-1,E1424
D0047,B3438,390,398,-1,E1434
D0047,B3438,398,406,-1,E1435
D0047,B0017,409,418,-2,E1447
D0047,S110,420,429,3,E1484
D0047,B1663,429,461,-83,F5584
D0047,S105,464,474,6,E1453
D0047,B1663,477,489,-6,E1453
D0047,B2460,493,503,-3,E1484
D0047,S110,507,508,4,E1483
D0047,B2408,518,529,-4,E1483
D0047,S152,545,555,3,E1630
D0047,B3231,556,573,-15,F3997
D0047,S152,574,582,14,E1627
D0047,S154,586,590,3,E1645
D0047,B2740,593,609,-14,E1627
D0047,A045,616,616,92,F3996
D0047,S177,619,619,1,E1753
D0047,S165,622,624,1,E1692
D0047,B0348,625,633,-1,E1692
D0047,B3243,636,644,-1,E1753
D0047,B3243,644,654,-3,E1630
D0047,B1739,658,675,-15,F5585
D0047,B3211,678,688,-3,E1645
D0047,B4325,698,710,-6,F5086
D0047,B3211,720,754,-92,F3996
D0048,A029,24,24,11,F2470
D0048,A029,24,24,11,F2495
D0048,A029,24,24,37,F2451
D0048,A029,24,24,51,F2441
D0048,A029,24,24,13,F2468
D0048,A029,24,24,16,F2498
D0048,B2668,27,50,-37,F2451
D0048,B7563,53,68,-11,F2495
D0048,B5341,72,87,-11,F2470
D0048,B1560,92,118,-51,F2441
D0048,B4402,121,137,-13,F2468
D0048,B8183,138,155,-16,F2498
D0048,S201,196,210,2,E1855
D0048,B5945,212,221,-2,E1855
D0048,S214,222,224,1,E1962
D0048,S235,226,229,3,E2056
D0048,B5945,230,238,-1,E1962
D0048,S201,240,243,4,E1861
D0048,S201,243,244,1,E1840
D0048,B5994,245,255,-3,E2056
D0048,B4952,257,265,-1,E1840
D0048,S201,265,265,3,E1841
D0048,S201,265,271,3,E1842
D0048,S201,271,278,2,E1862
D0048,S214,279,279,2,E1963
D0048,B0767,279,288,-2,E1963
D0048,B4952,289,299,-3,E1842
D0048,S201,299,308,5,E1844
D0048,B0767,309,320,-4,E1861
D0048,S201,321,325,3,E1845
D0048,B4952,325,335,-3,E1841
D0048,S201,335,336,5,E1865
D0048,B4952,336,348,-5,E1844
D0048,S201,348,348,2,E1847
D0048,B4952,348,358,-3,E1845
D0048,B4952,358,367,-2,E1847
D0048,B0767,368,377,-2,E1862
D0048,B7836,379,391,-5,E1865
D0048,S274,396,396,3,E2346
D0048,B4578,396,406,-3,E2346
D0048,S245,423,426,3,E2100
D0048,S208,431,431,18,E1903
D0048,B0745,432,450,-18,E1903
D0048,A024,461,461,53,F1987
D0048,S302,473,476,1,E2457
D0048,S181,489,493,21,E1759
D0048,B1402,509,519,-3,E2100
D0048,B1499,534,553,-21,E1759
D0048,B5700,565,573,-1,E2457
D0048,S259,584,585,1,E2155
D0048,S260,585,585,3,E2192
D0048,S259,585,585,2,E2170
D0048,S266,585,589,1,E2313
D0048,S260,589,596,4,E2217
D0048,S302,601,604,4,E2456
D0048,S260,609,609,1,E2181
D0048,S266,609,613,1,E2286
D0048,B4036,613,623,-3,E2192
D0048,S262,623,624,4,E2235
D0048,B4036,624,632,-1,E2286
D0048,B7948,633,641,-1,E2313
D0048,B7948,641,652,-4,E2217
D0048,B7948,652,661,-2,E2170
D0048,B4036,662,670,-1,E2155
D0048,B3099,673,684,-4,E2456
D0048,B4036,687,698,-4,E2235
D0048,B3186,699,707,-1,E2181
D0048,B9115,710,737,-53,F1987
D0049,A014,0,0,43,F0858
D0049,A050,0,0,25,F4235
D0049,A014,0,0,46,F0865
D0049,B0706,3,28,-43,F0858
D0049,B3541,29,54,-46,F0865
D0049,A014,56,56,38,F0870
D0049,A050,56,56,57,F4243
D0049,B4657,58,78,-25,F4235
D0049,B7556,79,107,-57,F4243
D0049,B5522,108,131,-38,F0870
D0049,A014,132,132,43,F0864
D0049,A014,132,132,94,F0856
D0049,B2973,139,164,-43,F0864
D0049,B0442,167,201,-94,F0856
D0049,S260,206,229,3,E2186
D0049,S266,229,232,2,E2279
D0049,B4036,232,242,-3,E2186
D0049,S266,242,246,4,E2280
D0049,S262,246,248,2,E2233
D0049,S259,248,254,1,E2165
D0049,S260,254,256,1,E2187
D0049,B4036,256,265,-2,E2279
D0049,B4036,265,274,-2,E2233
D0049,S262,274,274,1,E2234
D0049,B4036,274,282,-1,E2187
D0049,S259,282,284,1,E2152
D0049,B4036,284,295,-4,E2280
D0049,S266,295,302,1,E2281
D0049,B4036,302,310,-1,E2281
D0049,B7948,311,319,-1,E2165
D0049,B4036,320,328,-1,E2234
D0049,S260,328,328,2,E2188
D0049,S259,328,334,1,E2158
D0049,B4036,334,342,-1,E2152
D0049,S266,342,344,2,E2290
D0049,B0454,345,353,-1,E2158
D0049,B0454,353,362,-2,E2290
D0049,S260,363,363,1,E2189
D0049,B4036,363,372,-2,E2188
D0049,B4036,372,380,-1,E2189
D0049,S266,380,380,1,E2300
D0049,S266,380,381,2,E2311
D0049,S260,381,382,1,E2190
D0049,S260,382,387,1,E2212
D0049,B4036,387,395,-1,E2190
D0049,S266,395,401,3,E2312
D0049,B7948,403,413,-3,E2312
D0049,B7948,413,422,-2,E2311
D0049,B7948,422,430,-1,E2212
D0049,S319,439,442,2,E2518
D0049,S262,450,453,7,E2255
D0049,B6910,456,464,-1,E2300
D0049,S260,466,471,1,E2191
D0049,B4036,471,479,-1,E2191
D0049,B7948,480,493,-7,E2255
D0049,B5165,507,516,-2,E2518
D0049,S319,521,534,1,E2519
D0049,S266,542,551,1,E2283
D0049,S259,551,553,2,E2153
D0049,S259,553,553,2,E2169
D0049,B4036,553,562,-2,E2153
D0049,S260,562,563,2,E2215
D0049,S262,563,565,2,E2258
D0049,B4036,565,573,-1,E2283
D0049,S262,573,578,4,E2259
D0049,S266,578,580,4,E2285
D0049,S260,580,580,3,E2216
D0049,B4036,580,591,-4,E2285
D0049,S266,591,592,2,E2292
D0049,S319,600,600,2,E2521
D0049,B5460,601,609,-1,E2519
D0049,B9115,612,621,-2,E2521
D0049,S265,626,626,13,E2272
D0049,B7948,629,638,-2,E2215
D0049,B7948,638,647,-2,E2169
D0049,B7948,647,656,-2,E2258
D0049,B7948,656,667,-4,E2259
D0049,B7948,667,677,-3,E2216
D0049,B0454,679,688,-2,E2292
D0049,B7948,690,706,-13,E2272
D0049,A024,719,719,54,F1905
D0049,B1499,719,746,-54,F1905
D0050,A049,0,0,11,F4219
D0050,A049,0,0,34,F4184
D0050,A049,0,0,94,F4180
D0050,B8033,1,16,-11,F4219
D0050,B2362,20,42,-34,F4184
D0050,B1594,47,81,-94,F4180
D0050,A016,93,93,14,F1019
D0050,A016,93,93,36,F1000
D0050,A016,93,93,45,F0964
D0050,A016,93,93,44,F0982
D0050,B9144,99,115,-14,F1019
D0050,B7463,121,144,-36,F1000
D0050,B3647,146,171,-45,F0964
D0050,B5344,173,198,-44,F0982
D0050,S124,203,215,2,E1519
D0050,B2100,217,226,-2,E1519
D0050,S129,227,233,1,E1536
D0050,B0246,234,242,-1,E1536
D0050,S133,244,248,1,E1559
D0050,S135,248,251,2,E1572
D0050,B8714,251,259,-1,E1559
D0050,S133,259,262,1,E1557
D0050,S129,262,265,1,E1538
D0050,S135,265,267,3,E1573
D0050,S135,267,270,1,E1567
D0050,S131,270,270,1,E1551
D0050,S135,270,277,3,E1574
D0050,S135,277,279,2,E1565
D0050,B8714,279,289,-3,E1573
D0050,S133,289,289,1,E1555
D0050,B8714,289,298,-2,E1572
D0050,B8714,298,308,-3,E1574
D0050,S133,308,310,1,E1558
D0050,B8714,310,318,-1,E1551
D0050,B2100,319,327,-1,E1557
D0050,B5414,329,337,-1,E1538
D0050,S125,337,337,2,E1526
D0050,B2100,339,347,-1,E1567
D0050,B0246,349,357,-1,E1558
D0050,S131,359,360,1,E1543
D0050,B1284,362,371,-2,E1565
D0050,B1066,374,382,-1,E1555
D0050,B2100,385,393,-1,E1543
D0050,B3647,400,409,-2,E1526
D0050,A036,423,423,68,F3322
D0050,S334,430,435,3,E2617
D0050,S334,435,447,3,E2618
D0050,B7520,447,477,-68,F3322
D0050,S334,477,490,1,E2591
D0050,A016,498,498,24,F0973
D0050,S124,518,519,1,E1520
D0050,B7250,522,532,-3,E2617
D0050,B7250,532,542,-3,E2618
D0050,B2100,545,553,-1,E2591
D0050,B2100,553,561,-1,E1520
D0050,S141,562,573,1,E1591
D0050,S135,575,575,4,E1571
D0050,S132,575,575,1,E1554
D0050,S163,581,581,1,E1669
D0050,B1936,581,589,-1,E1669
D0050,S135,595,597,1,E1576
D0050,S141,599,599,1,E1592
D0050,S135,601,607,3,E1568
D0050,B8714,607,615,-1,E1592
D0050,S141,617,617,1,E1589
D0050,S129,619,624,1,E1534
D0050,S124,626,628,1,E1521
D0050,B7250,631,642,-4,E1571
D0050,B8714,644,652,-1,E1554
D0050,B8714,652,660,-1,E1591
D0050,B8714,660,668,-1,E1521
D0050,B8714,668,676,-1,E1576
D0050,B2100,677,687,-3,E1568
D0050,B0246,689,697,-1,E1589
D0050,B1066,698,706,-1,E1534
D0050,B4414,715,735,-24,F0973
D0051,A051,0,0,10,F4247
D0051,A051,0,0,13,F4251
D0051,B0477,3,17,-10,F4247
D0051,B2442,23,39,-13,F4251
D0051,A079,69,69,51,F6183
D0051,B2800,71,97,-51,F6183
D0051,A079,99,99,34,F6203
D0051,A079,99,99,33,F6159
D0051,A079,99,99,49,F6227
D0051,B4994,101,123,-34,F6203
D0051,B0056,124,146,-33,F6159
D0051,B8388,147,173,-49,F6227
D0051,A079,174,174,32,F6179
D0051,A079,174,174,34,F6161
D0051,A079,174,174,70,F6187
D0051,B3275,179,209,-70,F6187
D0051,S594,210,214,2,E4157
D0051,S594,214,216,1,E4160
D0051,S590,218,223,1,E4132
D0051,A072,227,227,10,F5876
D0051,S590,231,246,1,E4135
D0051,B4176,246,254,-1,E4132
D0051,S594,256,260,2,E4161
D0051,S594,260,260,2,E4158
D0051,B7596,266,280,-10,F5876
D0051,B0995,282,290,-1,E4160
D0051,S592,294,294,3,E4141
D0051,B5571,297,306,-2,E4157
D0051,B5571,306,314,-1,E4135
D0051,B0995,316,325,-2,E4161
D0051,S593,329,329,4,E4149
D0051,S593,329,342,2,E4150
D0051,B7926,345,354,-2,E4158
D0051,A072,358,358,22,F5893
D0051,A072,358,358,13,F5881
D0051,B2269,361,371,-3,E4141
D0051,B3765,376,387,-4,E4149
D0051,B3765,387,396,-2,E4150
D0051,B8022,399,415,-13,F5881
D0051,B0242,423,445,-34,F6161
D0051,B2564,446,468,-32,F6179
D0051,S595,468,469,1,E4162
D0051,S544,490,491,1,E3857
D0051,B0608,492,500,-1,E3857
D0051,A072,516,516,50,F5848
D0051,A072,516,516,48,F5810
D0051,B3275,522,530,-1,E4162
D0051,S594,531,544,2,E4159
D0051,B9172,549,568,-22,F5893
D0051,S592,573,585,3,E4144
D0051,S595,591,608,2,E4164
D0051,S594,613,614,1,E4153
D0051,S594,614,620,3,E4154
D0051,B8388,625,634,-2,E4159
D0051,B3275,639,649,-3,E4154
D0051,B3275,649,657,-1,E4153
D0051,B7596,661,670,-2,E4164
D0051,B0373,675,685,-3,E4144
D0051,B0373,685,711,-48,F5810
D0051,B4128,712,738,-50,F5848
