D0125,A073,4,4,92,F5905
D0125,B6125,5,39,-92,F5905
D0125,A073,40,40,62,F5902
D0125,B5052,42,71,-62,F5902
D0125,A080,76,76,44,F6254
D0125,B6785,78,103,-44,F6254
D0125,A080,105,105,79,F6261
D0125,A080,105,105,57,F6233
D0125,B0028,107,135,-57,F6233
D0125,B8938,137,169,-79,F6261
D0125,A098,175,175,45,F7327
D0125,A098,175,175,88,F7308
D0125,B8884,180,205,-45,F7327
D0125,S316,216,218,2,E2489
D0125,B3208,222,231,-2,E2489
D0125,S359,236,238,4,E2777
D0125,S359,238,239,2,E2776
D0125,S342,244,245,2,E2710
D0125,S359,250,256,6,E2778
D0125,B8333,259,268,-2,E2710
D0125,B5560,271,280,-2,E2776
D0125,B6179,282,293,-4,E2777
D0125,S344,296,299,3,E2731
D0125,B6179,302,314,-6,E2778
D0125,S359,316,316,1,E2775
D0125,S350,321,327,3,E2753
D0125,B0911,332,342,-3,E2731
D0125,B6864,346,356,-3,E2753
D0125,S352,360,369,1,E2761
D0125,B0586,371,379,-1,E2761
D0125,B4681,382,390,-1,E2775
D0125,B5468,396,429,-88,F7308
D0125,A004,441,441,85,F0159
D0125,B8455,442,475,-85,F0159
D0125,A004,476,476,59,F0140
D0125,A004,476,476,50,F0135
D0125,B2399,481,509,-59,F0140
D0125,B1277,511,537,-50,F0135
D0125,S488,556,577,1,E3481
D0125,B7306,578,586,-1,E3481
D0125,A057,588,588,48,F4599
D0125,A057,588,588,65,F4614
D0125,A057,588,588,22,F4616
D0125,B1841,591,617,-48,F4599
D0125,S503,621,625,1,E3581
D0125,B5352,630,649,-22,F4616
D0125,B5118,652,681,-65,F4614
D0125,B1456,698,706,-1,E3581
D0125,A076,707,707,42,F5989
D0125,B0604,711,735,-42,F5989
D0126,A002,0,0,82,F0062
D0126,B7436,2,34,-82,F0062
D0126,A002,36,36,73,F0042
D0126,B4782,38,69,-73,F0042
D0126,A002,71,71,67,F0065
D0126,A002,71,71,73,F0039
D0126,B7626,75,105,-67,F0065
D0126,B4084,107,138,-73,F0039
D0126,A002,140,140,72,F0025
D0126,A002,140,140,66,F0053
D0126,B5984,143,172,-66,F0053
D0126,B2015,174,204,-72,F0025
D0126,S323,205,233,9,E2546
D0126,S335,241,253,6,E2634
D0126,B8902,255,269,-9,E2546
D0126,B1287,275,287,-6,E2634
D0126,S280,292,310,2,E2361
D0126,S280,310,324,1,E2362
D0126,S323,336,341,6,E2544
D0126,B6466,351,363,-6,E2544
D0126,B8679,364,373,-2,E2361
D0126,B8679,373,381,-1,E2362
D0126,A083,388,388,39,F6424
D0126,A083,388,388,70,F6408
D0126,A083,388,388,19,F6447
D0126,B3179,391,421,-70,F6408
D0126,B4601,423,447,-39,F6424
D0126,A036,453,453,99,F3281
D0126,B0815,456,491,-99,F3281
D0126,S334,496,497,2,E2597
D0126,B8421,519,537,-19,F6447
D0126,B3801,544,553,-2,E2597
D0126,S315,579,584,1,E2487
D0126,S388,601,611,1,E2921
D0126,A001,615,615,96,F0007
D0126,B5403,617,651,-96,F0007
D0126,B3328,661,669,-1,E2487
D0126,A074,672,672,34,F5940
D0126,A074,672,672,95,F5925
D0126,B9090,674,696,-34,F5940
D0126,B5343,697,705,-1,E2921
D0126,B5343,705,739,-95,F5925
D0127,A003,0,0,84,F0093
D0127,B2373,2,34,-84,F0093
D0127,A003,36,36,82,F0083
D0127,B1336,38,70,-82,F0083
D0127,A003,72,72,50,F0088
D0127,A003,72,72,84,F0092
D0127,B2305,75,107,-84,F0092
D0127,A003,110,110,54,F0120
D0127,B6815,115,142,-54,F0120
D0127,A003,147,147,57,F0123
D0127,B7410,150,178,-57,F0123
D0127,B1965,179,205,-50,F0088
D0127,S236,207,212,1,E2059
D0127,B4344,214,222,-1,E2059
D0127,S247,224,228,3,E2108
D0127,S247,228,235,2,E2113
D0127,B8602,237,246,-2,E2113
D0127,S238,251,259,2,E2071
D0127,B1336,259,268,-2,E2071
D0127,S234,269,275,2,E2052
D0127,S272,280,281,6,E2335
D0127,B6297,286,295,-2,E2052
D0127,S251,297,298,2,E2129
D0127,B4139,299,309,-3,E2108
D0127,B0149,310,319,-2,E2129
D0127,S175,327,332,1,E1751
D0127,S234,337,351,2,E2053
D0127,B1336,352,364,-6,E2335
D0127,A003,366,366,94,F0081
D0127,B0849,370,379,-2,E2053
D0127,B0692,383,417,-94,F0081
D0127,A003,419,419,80,F0119
D0127,B8998,422,430,-1,E1751
D0127,B6710,431,463,-80,F0119
D0127,A045,467,467,83,F3984
D0127,A045,467,467,26,F4014
D0127,B7012,473,493,-26,F4014
D0127,B1476,494,526,-83,F3984
D0127,S164,529,539,2,E1670
D0127,B4716,544,553,-2,E1670
D0127,A003,573,573,73,F0115
D0127,B6171,582,613,-73,F0115
D0127,S349,618,619,2,E2751
D0127,A107,625,625,40,F7995
D0127,A107,625,625,96,F7969
D0127,B6861,627,651,-40,F7995
D0127,B2861,652,686,-96,F7969
D0127,A107,689,689,62,F7989
D0127,B6188,694,703,-2,E2751
D0127,B6188,703,732,-62,F7989
D0128,A004,0,0,59,F0160
D0128,A004,0,0,55,F0142
D0128,B8551,4,32,-59,F0160
D0128,B3596,35,62,-55,F0142
D0128,A004,65,65,93,F0147
D0128,B4915,67,101,-93,F0147
D0128,A004,103,103,61,F0151
D0128,A004,103,103,71,F0154
D0128,B6516,106,136,-71,F0154
D0128,A004,139,139,51,F0143
D0128,B3774,143,169,-51,F0143
D0128,B6156,173,201,-61,F0151
D0128,S460,206,217,1,E3312
D0128,S460,217,234,1,E3313
D0128,B3995,235,243,-1,E3313
D0128,S483,250,256,11,E3459
D0128,S467,259,260,3,E3373
D0128,B6817,261,271,-3,E3373
D0128,S486,276,276,1,E3476
D0128,B4320,279,294,-11,E3459
D0128,B4320,294,302,-1,E3476
D0128,B1533,305,313,-1,E3312
D0128,S490,317,326,5,E3511
D0128,S489,326,328,3,E3496
D0128,S462,333,339,2,E3318
D0128,B4078,342,352,-3,E3496
D0128,B6434,356,365,-2,E3318
D0128,S486,368,374,1,E3475
D0128,A065,376,376,28,F5220
D0128,A065,376,376,84,F5160
D0128,B4093,386,394,-1,E3475
D0128,B2844,401,413,-5,E3511
D0128,B2844,413,445,-84,F5160
D0128,B7691,448,469,-28,F5220
D0128,S495,472,484,2,E3560
D0128,A025,505,505,43,F2023
D0128,A025,505,505,47,F2061
D0128,B2273,511,536,-43,F2023
D0128,B4458,537,563,-47,F2061
D0128,B4458,563,572,-2,E3560
D0128,S445,576,595,5,E3253
D0128,S475,602,615,4,E3399
D0128,B2325,626,637,-4,E3399
D0128,A056,653,653,56,F4552
D0128,A056,653,653,18,F4549
D0128,A056,653,653,10,F4577
D0128,B6448,662,676,-10,F4577
D0128,B7388,678,690,-5,E3253
D0128,B1219,694,712,-18,F4549
D0128,B1860,714,741,-56,F4552
D0129,A050,39,39,14,F4227
D0129,A050,39,39,23,F4239
D0129,A050,39,39,54,F4232
D0129,B2598,46,62,-14,F4227
D0129,B6728,64,83,-23,F4239
D0129,B4131,85,112,-54,F4232
D0129,A025,121,121,49,F2016
D0129,A025,121,121,68,F2133
D0129,B1722,124,150,-49,F2016
D0129,B8474,151,181,-68,F2133
D0129,A025,183,183,59,F2030
D0129,A025,183,183,80,F2104
D0129,B2806,186,214,-59,F2030
D0129,S442,217,220,1,E3230
D0129,S427,226,230,1,E3130
D0129,S427,230,240,3,E3128
D0129,S447,242,246,2,E3264
D0129,S427,248,254,4,E3127
D0129,S430,254,261,1,E3198
D0129,B2417,264,272,-1,E3198
D0129,B2069,276,287,-4,E3127
D0129,B4933,289,297,-1,E3230
D0129,B4933,297,307,-3,E3128
D0129,B7001,309,317,-1,E3130
D0129,B6981,322,331,-2,E3264
D0129,B6981,331,363,-80,F2104
D0129,A025,371,371,42,F2120
D0129,A025,371,371,18,F2004
D0129,A025,371,371,50,F2073
D0129,S445,379,383,1,E3250
D0129,B7919,384,408,-42,F2120
D0129,B1019,410,428,-18,F2004
D0129,S445,431,432,4,E3247
D0129,B6105,467,475,-1,E3250
D0129,A098,480,480,74,F7278
D0129,B0228,483,514,-74,F7278
D0129,B3861,519,530,-4,E3247
D0129,A041,550,550,32,F3795
D0129,A041,550,550,48,F3758
D0129,B1686,559,585,-48,F3758
D0129,S427,586,597,10,E3129
D0129,B7947,599,621,-32,F3795
D0129,B4933,625,639,-10,E3129
D0129,B4933,639,665,-50,F2073
D0129,A025,673,673,36,F2015
D0129,A025,673,673,56,F2047
D0129,B1661,676,699,-36,F2015
D0129,B3696,700,727,-56,F2047
D0130,A006,0,0,12,F0232
D0130,A006,0,0,8,F0309
D0130,A006,0,0,27,F0289
D0130,A006,0,0,40,F0250
D0130,A006,0,0,37,F0296
D0130,B3756,3,27,-40,F0250
D0130,B2334,31,46,-12,F0232
D0130,B8682,48,61,-8,F0309
D0130,B7010,65,86,-27,F0289
D0130,B7622,87,110,-37,F0296
D0130,A124,123,123,28,F9182
D0130,B1242,131,152,-28,F9182
D0130,A050,163,163,43,F4244
D0130,A050,163,163,80,F4242
D0130,B7125,170,202,-80,F4242
D0130,S317,202,214,2,E2509
D0130,S322,218,235,13,E2525
D0130,S322,235,237,12,E2533
D0130,S322,237,239,9,E2531
D0130,B3051,243,258,-12,E2533
D0130,B2270,262,276,-9,E2531
D0130,S322,278,291,21,E2532
D0130,B7084,293,302,-2,E2509
D0130,S322,304,313,10,E2526
D0130,S322,313,317,18,E2527
D0130,B1167,322,338,-13,E2525
D0130,B1527,340,358,-18,E2527
D0130,B1527,358,372,-10,E2526
D0130,B0280,379,398,-21,E2532
D0130,B8315,401,426,-43,F4244
D0130,A014,431,431,31,F0872
D0130,A014,431,431,91,F0855
D0130,B0321,435,469,-91,F0855
D0130,A014,473,473,50,F0875
D0130,A014,473,473,55,F0863
D0130,B5700,477,499,-31,F0872
D0130,B1944,501,528,-55,F0863
D0130,B7511,530,556,-50,F0875
D0130,S282,568,579,3,E2375
D0130,S282,579,579,1,E2374
D0130,B7445,584,592,-1,E2374
D0130,S302,598,604,4,E2456
D0130,S265,610,613,1,E2269
D0130,B7948,616,626,-3,E2375
D0130,B3099,631,642,-4,E2456
D0130,A098,683,683,83,F7316
D0130,B0291,685,693,-1,E2269
D0130,B7046,695,727,-83,F7316
D0131,A007,0,0,5,F0361
D0131,A007,0,0,37,F0311
D0131,A007,0,0,23,F0375
D0131,A007,0,0,26,F0325
D0131,A007,0,0,24,F0382
D0131,A007,0,0,25,F0344
D0131,B3434,5,25,-25,F0344
D0131,B0115,27,50,-37,F0311
D0131,B7000,52,72,-24,F0382
D0131,B6535,73,92,-23,F0375
D0131,A007,99,99,12,F0376
D0131,A007,99,99,61,F0353
D0131,B6611,105,120,-12,F0376
D0131,B5060,128,140,-5,F0361
D0131,B4021,143,171,-61,F0353
D0131,A007,177,177,15,F0340
D0131,A007,177,177,96,F0338
D0131,B3105,189,206,-15,F0340
D0131,S597,212,225,1,E4171
D0131,S600,228,228,2,E4206
D0131,S601,228,230,1,E4245
D0131,B1433,237,246,-2,E4206
D0131,B4409,249,257,-1,E4245
D0131,S597,261,276,2,E4185
D0131,S597,276,299,1,E4179
D0131,B4409,303,312,-2,E4185
D0131,B1399,315,323,-1,E4171
D0131,B1399,323,343,-26,F0325
D0131,B2521,346,380,-96,F0338
D0131,S606,380,384,1,E4309
D0131,B2814,388,396,-1,E4179
D0131,A082,413,413,10,F6360
D0131,A082,413,413,42,F6373
D0131,A082,413,413,18,F6362
D0131,A082,413,413,53,F6332
D0131,A082,413,413,13,F6324
D0131,B2020,421,437,-13,F6324
D0131,B3053,439,466,-53,F6332
D0131,B7906,469,477,-1,E4309
D0131,B7906,477,501,-42,F6373
D0131,A082,513,513,17,F6331
D0131,A082,513,513,14,F6312
D0131,A082,513,513,19,F6326
D0131,A082,513,513,56,F6357
D0131,B5712,520,534,-10,F6360
D0131,B2041,537,555,-19,F6326
D0131,B5535,558,585,-56,F6357
D0131,S601,594,597,1,E4246
D0131,S605,598,599,13,E4307
D0131,S605,599,629,3,E4286
D0131,B2521,629,639,-3,E4286
D0131,B6884,643,659,-13,E4307
D0131,B5966,673,681,-1,E4246
D0131,B5966,681,699,-18,F6362
D0131,B3022,701,718,-17,F6331
D0131,B0563,720,736,-14,F6312
D0132,A008,0,0,15,F0427
D0132,A008,0,0,12,F0485
D0132,A008,0,0,15,F0477
D0132,A008,0,0,13,F0408
D0132,A008,0,0,23,F0419
D0132,A008,0,0,31,F0443
D0132,A008,0,0,20,F0430
D0132,B2202,4,22,-20,F0430
D0132,B0457,27,43,-13,F0408
D0132,B5664,45,62,-15,F0477
D0132,B1312,64,83,-23,F0419
D0132,B6420,85,100,-12,F0485
D0132,B3101,102,124,-31,F0443
D0132,B1894,129,146,-15,F0427
D0132,A072,177,177,36,F5880
D0132,B7977,180,203,-36,F5880
D0132,A072,206,206,54,F5834
D0132,A072,206,206,58,F5822
D0132,S573,210,210,2,E4000
D0132,S573,210,223,2,E3995
D0132,S573,223,231,2,E4001
D0132,S574,231,238,4,E4041
D0132,S573,238,240,1,E4005
D0132,S577,241,243,2,E4064
D0132,B3979,248,257,-2,E3995
D0132,S573,261,275,1,E4011
D0132,S574,275,282,3,E4024
D0132,S573,282,285,2,E4014
D0132,B5744,289,300,-4,E4041
D0132,B5744,300,309,-2,E4000
D0132,B5744,309,318,-2,E4001
D0132,B7479,321,329,-1,E4005
D0132,B1865,333,342,-2,E4064
D0132,B1865,342,352,-3,E4024
D0132,B7900,357,365,-1,E4011
D0132,A033,368,368,20,F2996
D0132,B7981,374,383,-2,E4014
D0132,B2951,389,416,-54,F5834
D0132,A072,423,423,11,F5820
D0132,A072,423,423,46,F5865
D0132,B5946,426,451,-46,F5865
D0132,A072,454,454,50,F5848
D0132,B4128,457,483,-50,F5848
D0132,B1658,488,516,-58,F5822
D0132,B1518,521,536,-11,F5820
D0132,S572,540,545,1,E3979
D0132,S572,545,560,1,E3976
D0132,S572,560,583,1,E3971
D0132,S572,583,594,11,E3972
D0132,S572,594,594,1,E3978
D0132,A033,608,608,35,F2992
D0132,A033,608,608,36,F2989
D0132,B7900,611,619,-1,E3979
D0132,B5242,620,635,-11,E3972
D0132,B5242,635,643,-1,E3971
D0132,B6235,648,656,-1,E3976
D0132,B6235,656,674,-20,F2996
D0132,B0632,679,687,-1,E3978
D0132,B5524,689,712,-36,F2989
D0132,B5660,713,736,-35,F2992
D0133,A009,0,0,33,F0587
D0133,A009,0,0,44,F0612
D0133,A009,0,0,48,F0537
D0133,B6636,6,28,-33,F0587
D0133,B9081,32,57,-44,F0612
D0133,B1844,58,84,-48,F0537
D0133,A009,90,90,1,F0598
D0133,A009,90,90,54,F0592
D0133,A009,90,90,44,F0519
D0133,A009,90,90,38,F0524
D0133,B0606,96,119,-38,F0524
D0133,A009,125,125,39,F0533
D0133,B1386,136,160,-39,F0533
D0133,B6793,161,188,-54,F0592
D0133,S073,192,210,1,E1307
D0133,S073,210,210,1,E1302
D0133,S059,214,217,1,E1093
D0133,B3062,217,225,-1,E1302
D0133,B4012,229,237,-1,E1307
D0133,S075,240,241,1,E1353
D0133,B8011,244,252,-1,E1353
D0133,B2875,256,264,-1,E1093
D0133,S075,267,267,3,E1350
D0133,S082,271,273,3,E1365
D0133,S082,273,291,2,E1364
D0133,S075,295,298,1,E1352
D0133,B4365,299,309,-3,E1365
D0133,B4365,309,317,-1,E1352
D0133,S085,322,324,2,E1373
D0133,B1033,324,333,-2,E1373
D0133,B2247,335,344,-2,E1364
D0133,B1386,348,358,-3,E1350
D0133,S074,363,369,16,E1349
D0133,S064,371,379,1,E1200
D0133,B4995,384,401,-16,E1349
D0133,S043,410,413,2,E0841
D0133,S021,414,442,1,E0460
D0133,S016,442,444,1,E0255
D0133,S020,444,445,4,E0394
D0133,S016,445,450,1,E0256
D0133,B6793,462,470,-1,E1200
D0133,S077,471,487,6,E1355
D0133,B4012,491,500,-2,E0841
D0133,B0434,501,509,-1,E0255
D0133,B0434,509,517,-1,E0460
D0133,B0434,517,525,-1,E0256
D0133,B6350,526,537,-4,E0394
D0133,S045,541,547,1,E0889
D0133,S073,553,553,2,E1301
D0133,B2875,556,565,-2,E1301
D0133,B5920,570,582,-6,E1355
D0133,S075,585,604,1,E1351
D0133,S062,612,629,2,E1130
D0133,B2875,636,644,-1,E0889
D0133,B0305,648,673,-44,F0519
D0133,B0305,673,682,-2,E1130
D0133,B2247,684,692,-1,E1351
D0133,B7379,705,713,-1,F0598
D0134,A010,0,0,42,F0645
D0134,A010,0,0,89,F0640
D0134,B8314,4,28,-42,F0645
D0134,B7184,31,64,-89,F0640
D0134,A010,66,66,81,F0637
D0134,B7079,68,100,-81,F0637
D0134,A010,102,102,40,F0644
D0134,A010,102,102,98,F0628
D0134,B8120,105,129,-40,F0644
D0134,B3996,131,166,-98,F0628
D0134,A010,168,168,31,F0624
D0134,A010,168,168,94,F0616
D0134,B2083,172,194,-31,F0624
D0134,B0492,199,233,-94,F0616
D0134,S306,234,244,2,E2467
D0134,B3743,245,254,-2,E2467
D0134,S306,255,257,1,E2465
D0134,B2635,261,269,-1,E2465
D0134,S323,277,279,7,E2542
D0134,S323,279,307,10,E2547
D0134,S312,310,319,1,E2484
D0134,B9080,323,337,-10,E2547
D0134,B7600,339,347,-1,E2484
D0134,B5038,350,363,-7,E2542
D0134,A002,366,366,77,F0075
D0134,B9057,369,400,-77,F0075
D0134,A084,404,404,85,F6470
D0134,B5312,405,438,-85,F6470
D0134,A118,441,441,23,F8849
D0134,A118,441,441,45,F8852
D0134,A118,441,441,68,F8843
D0134,B7182,445,464,-23,F8849
D0134,B7916,468,493,-45,F8852
D0134,B4893,494,524,-68,F8843
D0134,A093,534,534,66,F6960
D0134,S415,537,542,1,E3031
D0134,B2977,547,576,-66,F6960
D0134,S401,579,581,1,E2958
D0134,B6445,585,593,-1,E2958
D0134,A076,609,609,20,F6014
D0134,A076,609,609,33,F6041
D0134,A076,609,609,42,F5997
D0134,A076,609,609,43,F5993
D0134,B5965,612,620,-1,E3031
D0134,B1819,625,649,-42,F5997
D0134,B1430,651,676,-43,F5993
D0134,B8931,677,699,-33,F6041
D0134,B4968,702,720,-20,F6014
D0135,A011,0,0,44,F0650
D0135,A011,0,0,42,F0660
D0135,A011,0,0,45,F0671
D0135,B0607,4,29,-44,F0650
D0135,B4633,31,55,-42,F0660
D0135,B7169,56,81,-45,F0671
D0135,A011,83,83,46,F0652
D0135,A011,83,83,54,F0670
D0135,B1222,87,112,-46,F0652
D0135,B6948,113,140,-54,F0670
D0135,A088,145,145,45,F6708
D0135,A088,145,145,75,F6688
D0135,B7925,148,173,-45,F6708
D0135,B1067,176,207,-75,F6688
D0135,S484,210,214,3,E3466
D0135,B2085,221,231,-3,E3466
D0135,A104,238,238,92,F7777
D0135,S508,239,239,3,E3597
D0135,S503,241,242,2,E3583
D0135,S500,245,256,2,E3577
D0135,B6228,257,267,-3,E3597
D0135,B6691,275,284,-2,E3577
D0135,S508,289,291,2,E3600
D0135,S515,294,307,2,E3630
D0135,B3782,324,333,-2,E3583
D0135,B8565,349,358,-2,E3600
D0135,S515,371,371,2,E3644
D0135,B6691,374,383,-2,E3644
D0135,B0513,385,394,-2,E3630
D0135,B3722,398,432,-92,F7777
D0135,A104,437,437,63,F7789
D0135,A104,437,437,68,F7787
D0135,B7781,439,468,-63,F7789
D0135,B7433,470,500,-68,F7787
D0135,A057,507,507,44,F4629
D0135,A057,507,507,46,F4619
D0135,A057,507,507,45,F4620
D0135,B9091,510,535,-44,F4629
D0135,B5724,536,561,-46,F4619
D0135,B6776,567,592,-45,F4620
D0135,S479,598,598,1,E3433
D0135,S506,612,616,1,E3594
D0135,B0046,634,642,-1,E3433
D0135,A097,653,653,5,F7266
D0135,A097,653,653,6,F7255
D0135,A097,653,653,14,F7221
D0135,B6840,662,674,-6,F7255
D0135,B2850,680,696,-14,F7221
D0135,B3466,704,712,-1,E3594
D0135,B8346,720,732,-5,F7266
D0136,A027,64,64,30,F2269
D0136,A027,64,64,54,F2315
D0136,A027,64,64,55,F2317
D0136,B4137,69,90,-30,F2269
D0136,B9015,95,122,-54,F2315
D0136,B9095,124,151,-55,F2317
D0136,A081,166,166,14,F6305
D0136,A081,166,166,99,F6265
D0136,B8751,170,186,-14,F6305
D0136,B0372,189,224,-99,F6265
D0136,S316,231,231,1,E2504
D0136,S296,234,234,2,E2442
D0136,S338,240,245,1,E2681
D0136,B0798,245,253,-1,E2504
D0136,S338,253,256,1,E2680
D0136,S316,261,263,2,E2505
D0136,B4722,264,272,-1,E2680
D0136,S311,273,279,1,E2479
D0136,B0476,281,289,-1,E2479
D0136,B0476,289,297,-1,E2681
D0136,B8057,299,308,-2,E2505
D0136,S316,311,318,2,E2495
D0136,B8708,319,328,-2,E2442
D0136,B4868,329,338,-2,E2495
D0136,A081,349,349,41,F6286
D0136,A081,349,349,95,F6297
D0136,S201,353,369,1,E1825
D0136,B6928,371,405,-95,F6297
D0136,B5365,406,430,-41,F6286
D0136,A003,437,437,32,F0131
D0136,A003,437,437,64,F0126
D0136,A003,437,437,34,F0129
D0136,B1975,446,454,-1,E1825
D0136,B8805,458,480,-34,F0129
D0136,B8300,481,510,-64,F0126
D0136,A003,515,515,90,F0116
D0136,B6297,518,551,-90,F0116
D0136,A045,557,557,49,F4004
D0136,B4452,562,588,-49,F4004
D0136,S152,591,591,13,E1628
D0136,A003,603,603,84,F0122
D0136,B7092,606,638,-84,F0122
D0136,B8997,641,663,-32,F0131
D0136,A098,677,677,55,F7282
D0136,B0291,679,695,-13,E1628
D0136,B1078,698,725,-55,F7282
D0137,A013,0,0,62,F0834
D0137,A013,0,0,73,F0843
D0137,B5396,3,34,-73,F0843
D0137,B1950,36,65,-62,F0834
D0137,A069,69,69,91,F5580
D0137,A069,69,69,44,F5625
D0137,B1228,72,106,-91,F5580
D0137,B6222,108,133,-44,F5625
D0137,A069,135,135,57,F5628
D0137,A069,135,135,68,F5597
D0137,B3395,144,174,-68,F5597
D0137,B6346,175,203,-57,F5628
D0137,S121,209,226,3,E1512
D0137,B1402,233,243,-3,E1512
D0137,S189,249,252,2,E1786
D0137,S187,253,269,2,E1781
D0137,B1251,269,278,-2,E1781
D0137,S196,284,285,20,E1801
D0137,S198,285,290,2,E1807
D0137,S175,295,301,2,E1749
D0137,B1251,302,311,-2,E1749
D0137,B3145,313,322,-2,E1807
D0137,S218,327,339,3,E1975
D0137,B7783,342,351,-2,E1786
D0137,A046,353,353,71,F4055
D0137,B8907,355,373,-20,E1801
D0137,B3796,374,404,-71,F4055
D0137,A063,411,411,87,F5078
D0137,B1402,415,425,-3,E1975
D0137,B3270,433,466,-87,F5078
D0137,S228,477,493,4,E2040
D0137,A024,498,498,77,F1952
D0137,B5848,501,532,-77,F1952
D0137,A045,553,553,72,F3995
D0137,A045,553,553,61,F4005
D0137,B3836,563,574,-4,E2040
D0137,S104,593,608,2,E1452
D0137,B3205,621,651,-72,F3995
D0137,B4484,654,682,-61,F4005
D0137,B4155,685,694,-2,E1452
D0137,A081,698,698,62,F6307
D0137,B9098,700,729,-62,F6307
D0138,A050,0,0,68,F4229
D0138,A050,0,0,61,F4231
D0138,B3051,5,35,-68,F4229
D0138,B4005,36,64,-61,F4231
D0138,A015,76,76,98,F0927
D0138,B8647,81,116,-98,F0927
D0138,A041,123,123,36,F3779
D0138,A041,123,123,35,F3767
D0138,A041,123,123,67,F3798
D0138,B5702,125,148,-36,F3779
D0138,B3668,150,173,-35,F3767
D0138,B8134,178,208,-67,F3798
D0138,S483,211,224,12,E3460
D0138,S468,227,233,3,E3376
D0138,S468,233,243,2,E3377
D0138,B6600,244,259,-12,E3460
D0138,B0089,261,270,-2,E3377
D0138,B4831,273,283,-3,E3376
D0138,S522,294,295,3,E3760
D0138,S522,295,297,3,E3757
D0138,S522,297,307,3,E3755
D0138,A111,314,314,60,F8334
D0138,A111,314,314,45,F8326
D0138,B6022,316,326,-3,E3755
D0138,S522,335,343,2,E3752
D0138,B1557,347,356,-2,E3752
D0138,B6683,358,368,-3,E3757
D0138,S522,371,377,2,E3753
D0138,B7735,381,391,-3,E3760
D0138,B7735,391,419,-60,F8334
D0138,B6683,420,445,-45,F8326
D0138,B1557,447,456,-2,E3753
D0138,A033,471,471,40,F2946
D0138,A033,471,471,98,F2959
D0138,B0336,477,501,-40,F2946
D0138,B1865,504,539,-98,F2959
D0138,S573,543,553,2,E4016
D0138,S573,553,585,2,E4013
D0138,S574,585,598,2,E4045
D0138,S580,599,616,4,E4095
D0138,B7900,627,636,-2,E4013
D0138,B0099,640,649,-2,E4016
D0138,B0581,663,674,-4,E4095
D0138,A072,683,683,41,F5868
D0138,B6372,688,697,-2,E4045
D0138,B6372,697,721,-41,F5868
D0139,A015,0,0,90,F0902
D0139,B4201,3,36,-90,F0902
D0139,A107,39,39,43,F8000
D0139,A107,39,39,85,F7973
D0139,B7501,42,67,-43,F8000
D0139,B3422,68,101,-85,F7973
D0139,A107,103,103,99,F7978
D0139,B4111,106,141,-99,F7978
D0139,A015,144,144,64,F0931
D0139,A015,144,144,60,F0897
D0139,B3351,147,175,-60,F0897
D0139,B9179,177,206,-64,F0931
D0139,S346,210,225,1,E2743
D0139,S346,225,241,1,E2739
D0139,B0911,243,251,-1,E2743
D0139,B3793,253,261,-1,E2739
D0139,S361,265,267,1,E2793
D0139,B0586,270,278,-1,E2793
D0139,A015,285,285,96,F0899
D0139,B3689,287,321,-96,F0899
D0139,S381,321,329,1,E2886
D0139,A015,332,332,56,F0907
D0139,A015,332,332,60,F0892
D0139,B4984,336,363,-56,F0907
D0139,B2029,365,393,-60,F0892
D0139,B7219,395,403,-1,E2886
D0139,A015,404,404,50,F0919
D0139,A015,404,404,39,F0890
D0139,A015,404,404,50,F0926
D0139,B8448,409,435,-50,F0926
D0139,B7464,438,464,-50,F0919
D0139,B1621,465,489,-39,F0890
D0139,S374,494,496,2,E2847
D0139,A033,538,538,71,F2963
D0139,B5962,544,553,-2,E2847
D0139,B2080,555,585,-71,F2963
D0139,A072,596,596,48,F5892
D0139,A072,596,596,68,F5879
D0139,S593,601,607,2,E4152
D0139,S589,609,620,3,E4128
D0139,B7926,621,651,-68,F5879
D0139,B7926,651,660,-2,E4152
D0139,A072,664,664,59,F5815
D0139,B9035,669,695,-48,F5892
D0139,B7596,699,709,-3,E4128
D0139,B0995,711,739,-59,F5815
D0140,A016,0,0,40,F0977
D0140,A016,0,0,20,F1005
D0140,B8061,2,20,-20,F1005
D0140,B4961,23,47,-40,F0977
D0140,A083,61,61,43,F6452
D0140,A083,61,61,40,F6416
D0140,A083,61,61,41,F6450
D0140,B3971,67,91,-40,F6416
D0140,B8786,92,117,-43,F6452
D0140,B8679,118,142,-41,F6450
D0140,A101,154,154,29,F7587
D0140,A101,154,154,18,F7582
D0140,A101,154,154,43,F7576
D0140,B3836,159,184,-43,F7576
D0140,B4510,186,204,-18,F7582
D0140,B4973,206,227,-29,F7587
D0140,S165,236,237,11,E1674
D0140,B1275,244,259,-11,E1674
D0140,S138,261,275,2,E1581
D0140,B5385,277,286,-2,E1581
D0140,S142,287,287,2,E1593
D0140,B3198,287,296,-2,E1593
D0140,S152,305,316,11,E1636
D0140,S128,322,325,1,E1530
D0140,B5177,326,334,-1,E1530
D0140,B0747,344,359,-11,E1636
D0140,A069,362,362,72,F5606
D0140,A069,362,362,53,F5609
D0140,S105,371,379,14,E1459
D0140,B4379,379,409,-72,F5606
D0140,B4898,411,438,-53,F5609
D0140,B4970,444,460,-14,E1459
D0140,A085,473,473,67,F6537
D0140,A085,473,473,34,F6521
D0140,B8361,477,507,-67,F6537
D0140,B6397,509,531,-34,F6521
D0140,A085,533,533,73,F6518
D0140,A085,533,533,45,F6501
D0140,B3014,540,565,-45,F6501
D0140,S150,568,594,6,E1622
D0140,B6121,597,628,-73,F6518
D0140,A081,657,657,35,F6264
D0140,A081,657,657,40,F6295
D0140,B3836,663,675,-6,E1622
D0140,B6604,676,700,-40,F6295
D0140,B0116,702,725,-35,F6264
D0141,A017,0,0,55,F1043
D0141,B2024,2,29,-55,F1043
D0141,A017,31,31,13,F1039
D0141,A017,31,31,12,F1112
D0141,A017,31,31,45,F1072
D0141,A017,31,31,22,F1105
D0141,A017,31,31,13,F1024
D0141,A017,31,31,31,F1056
D0141,B1775,36,52,-13,F1039
D0141,B9012,55,70,-12,F1112
D0141,B3295,73,95,-31,F1056
D0141,B0363,100,116,-13,F1024
D0141,B4730,120,145,-45,F1072
D0141,B8692,149,168,-22,F1105
D0141,S016,210,211,1,E0326
D0141,S036,212,222,2,E0707
D0141,B8851,226,234,-1,E0326
D0141,S003,240,246,1,E0055
D0141,S008,249,253,2,E0081
D0141,S004,255,257,1,E0066
D0141,B1412,261,270,-2,E0707
D0141,B3481,271,279,-1,E0066
D0141,B7861,280,288,-1,E0055
D0141,S003,288,299,4,E0035
D0141,S021,303,303,1,E0492
D0141,S020,303,312,5,E0393
D0141,S026,313,318,1,E0592
D0141,S021,319,327,1,E0506
D0141,B7375,331,339,-1,E0506
D0141,B1036,341,350,-2,E0081
D0141,B3569,353,364,-4,E0035
D0141,S045,367,377,1,E0920
D0141,B6350,381,393,-5,E0393
D0141,B6350,393,401,-1,E0492
D0141,B0434,402,410,-1,E0592
D0141,B6350,411,419,-1,E0920
D0141,S050,423,437,5,E0989
D0141,S016,439,458,1,E0257
D0141,S016,458,459,1,E0265
D0141,S016,459,464,1,E0216
D0141,S012,464,469,1,E0136
D0141,S010,470,486,6,E0090
D0141,S030,488,495,1,E0676
D0141,B3062,498,506,-1,E0216
D0141,B0434,509,517,-1,E0257
D0141,B4765,519,527,-1,E0265
D0141,B4765,527,539,-5,E0989
D0141,B4012,541,553,-6,E0090
D0141,B5948,557,565,-1,E0136
D0141,S018,576,580,1,E0371
D0141,B8851,584,592,-1,E0676
D0141,S004,600,601,1,E0062
D0141,S021,605,605,2,E0417
D0141,S004,609,624,1,E0064
D0141,S003,628,628,1,E0039
D0141,B1425,633,641,-1,E0062
D0141,B4765,651,659,-1,E0371
D0141,B2875,663,672,-2,E0417
D0141,B3341,680,688,-1,E0064
D0141,B3569,690,698,-1,E0039
D0142,A018,0,0,29,F1206
D0142,A018,0,0,32,F1159
D0142,A018,0,0,23,F1133
D0142,A018,0,0,8,F1147
D0142,A018,0,0,23,F1181
D0142,A018,0,0,25,F1124
D0142,B3665,5,27,-32,F1159
D0142,B2661,29,42,-8,F1147
D0142,B9037,46,67,-29,F1206
D0142,B1538,69,88,-23,F1133
D0142,B6515,90,109,-23,F1181
D0142,B1002,111,131,-25,F1124
D0142,A018,135,135,24,F1170
D0142,A018,135,135,41,F1144
D0142,A018,135,135,39,F1176
D0142,A018,135,135,36,F1131
D0142,B4967,143,163,-24,F1170
D0142,B2475,168,192,-41,F1144
D0142,S619,203,220,4,E4468
D0142,S617,221,221,14,E4433
D0142,S617,221,226,7,E4424
D0142,S616,226,228,3,E4414
D0142,B3644,230,241,-4,E4468
D0142,S623,241,241,1,E4518
D0142,B7238,243,253,-3,E4414
D0142,B3923,258,274,-14,E4433
D0142,S629,277,280,1,E4568
D0142,B3253,282,295,-7,E4424
D0142,S617,297,299,7,E4418
D0142,S628,299,302,3,E4554
D0142,B3644,304,312,-1,E4518
D0142,B2451,313,323,-3,E4554
D0142,B2451,323,336,-7,E4418
D0142,B2451,336,344,-1,E4568
D0142,S619,345,349,1,E4461
D0142,S629,349,361,1,E4573
D0142,S630,361,374,1,E4633
D0142,B0841,377,385,-1,E4633
D0142,B1487,392,415,-36,F1131
D0142,A018,427,427,49,F1156
D0142,A018,427,427,42,F1127
D0142,B2794,430,438,-1,E4461
D0142,B2794,438,446,-1,E4573
D0142,B5751,456,480,-39,F1176
D0142,S612,489,499,1,E4361
D0142,B8964,504,512,-1,E4361
D0142,S631,521,532,7,E4646
D0142,S613,534,550,2,E4375
D0142,S611,553,560,1,E4333
D0142,B3644,565,574,-2,E4375
D0142,S633,575,576,3,E4658
D0142,B3644,577,587,-3,E4658
D0142,S620,588,589,1,E4475
D0142,S617,589,590,7,E4436
D0142,S614,591,599,3,E4393
D0142,S623,600,600,1,E4519
D0142,B3644,600,610,-3,E4393
D0142,B7694,612,620,-1,E4519
D0142,B3923,622,635,-7,E4646
D0142,B3644,639,647,-1,E4333
D0142,B3923,651,659,-1,E4475
D0142,B3923,659,672,-7,E4436
D0142,B1081,680,704,-42,F1127
D0142,B3366,706,732,-49,F1156
D0143,A032,47,47,2,F2923
D0143,A032,47,47,4,F2941
D0143,A032,47,47,4,F2938
D0143,A032,47,47,15,F2896
D0143,B2939,50,67,-15,F2896
D0143,B8988,72,83,-4,F2938
D0143,B9026,89,100,-4,F2941
D0143,B7525,106,115,-2,F2923
D0143,A116,141,141,29,F8676
D0143,A116,141,141,62,F8580
D0143,A116,141,141,44,F8654
D0143,B6774,150,171,-29,F8676
D0143,B1425,180,209,-62,F8580
D0143,S001,210,216,1,E0014
D0143,B6315,222,230,-1,E0014
D0143,S018,231,236,1,E0382
D0143,S017,236,243,1,E0343
D0143,S014,244,255,2,E0164
D0143,S012,255,259,1,E0140
D0143,S014,259,260,1,E0165
D0143,S016,260,268,12,E0312
D0143,S016,268,269,2,E0248
D0143,S016,269,271,1,E0313
D0143,S016,271,276,1,E0243
D0143,S065,282,283,2,E1209
D0143,B6350,283,291,-1,E0140
D0143,B6350,291,299,-1,E0382
D0143,B6350,299,307,-1,E0313
D0143,B6350,307,322,-12,E0312
D0143,B0434,323,332,-2,E0164
D0143,B0434,332,340,-1,E0343
D0143,B4012,341,349,-1,E0243
D0143,B0434,350,358,-1,E0165
D0143,B0434,358,367,-2,E0248
D0143,B2875,370,379,-2,E1209
D0143,S056,385,434,2,E1072
D0143,B2875,440,449,-2,E1072
D0143,S021,457,466,1,E0515
D0143,B5710,467,492,-44,F8654
D0143,S003,494,495,6,E0036
D0143,S016,498,501,1,E0275
D0143,S016,501,506,1,E0328
D0143,S030,507,511,1,E0677
D0143,S021,511,517,1,E0516
D0143,B5143,519,527,-1,E0275
D0143,S016,529,531,2,E0321
D0143,S021,531,533,1,E0412
D0143,B8851,537,545,-1,E0516
D0143,B8851,545,553,-1,E0328
D0143,B8851,553,561,-1,E0515
D0143,B3569,564,576,-6,E0036
D0143,B8851,579,587,-1,E0677
D0143,B2860,589,597,-1,E0412
D0143,B0686,613,622,-2,E0321
D0143,A112,631,631,42,F8349
D0143,A112,631,631,33,F8390
D0143,A112,631,631,62,F8359
D0143,B1597,633,662,-62,F8359
D0143,A112,664,664,37,F8393
D0143,B5773,667,689,-33,F8390
D0143,B0569,691,715,-42,F8349
D0143,B5855,717,740,-37,F8393
D0144,A023,97,97,27,F1787
D0144,A023,97,97,17,F1887
D0144,A023,97,97,12,F1869
D0144,A023,97,97,22,F1851
D0144,B8538,107,124,-17,F1887
D0144,B7416,127,142,-12,F1869
D0144,B1254,144,165,-27,F1787
D0144,B5726,168,187,-22,F1851
D0144,S402,221,226,1,E2964
D0144,A025,229,229,65,F2059
D0144,A025,229,229,59,F2077
D0144,S501,243,248,4,E3579
D0144,B5142,252,263,-4,E3579
D0144,B7970,273,281,-1,E2964
D0144,S413,291,291,2,E2998
D0144,S413,291,313,3,E2992
D0144,B5168,321,331,-3,E2992
D0144,B6994,336,345,-2,E2998
D0144,B5125,346,374,-59,F2077
D0144,B4311,378,407,-65,F2059
D0144,A025,417,417,27,F2118
D0144,A025,417,417,92,F2007
D0144,B1103,419,453,-92,F2007
D0144,A025,455,455,56,F2081
D0144,A025,455,455,56,F1990
D0144,B5320,458,485,-56,F2081
D0144,B7831,490,511,-27,F2118
D0144,B0135,514,541,-56,F1990
D0144,S445,543,563,1,E3241
D0144,A025,571,571,17,F2033
D0144,A025,571,571,59,F2088
D0144,B5873,576,604,-59,F2088
D0144,B2953,617,634,-17,F2033
D0144,B1245,651,659,-1,E3241
D0144,A041,667,667,64,F3800
D0144,A041,667,667,65,F3757
D0144,B1549,669,698,-65,F3757
D0144,B8450,700,729,-64,F3800
D0145,A021,0,0,30,F1632
D0145,A021,0,0,23,F1659
D0145,A021,0,0,28,F1621
D0145,A021,0,0,11,F1591
D0145,A021,0,0,23,F1569
D0145,A021,0,0,17,F1666
D0145,B4771,6,27,-28,F1621
D0145,B2673,28,43,-11,F1591
D0145,B7474,50,69,-23,F1659
D0145,B0460,71,90,-23,F1569
D0145,B7833,93,110,-17,F1666
D0145,B5327,113,134,-30,F1632
D0145,A114,154,154,71,F8504
D0145,B6795,155,185,-71,F8504
D0145,A114,186,186,52,F8480
D0145,A114,186,186,64,F8467
D0145,A114,186,186,20,F8519
D0145,B2911,188,215,-52,F8480
D0145,B8290,216,234,-20,F8519
D0145,B1744,236,265,-64,F8467
D0145,S147,266,268,1,E1618
D0145,B6795,271,279,-1,E1618
D0145,A024,320,320,28,F1984
D0145,A046,330,330,43,F4066
D0145,A046,330,330,58,F4091
D0145,S213,332,336,2,E1950
D0145,S279,345,350,1,E2360
D0145,B8911,354,375,-28,F1984
D0145,B3459,376,384,-1,E2360
D0145,B2604,397,406,-2,E1950
D0145,B8602,408,436,-58,F4091
D0145,B5652,443,468,-43,F4066
D0145,A107,478,478,11,F8013
D0145,A107,478,478,41,F7974
D0145,B9174,482,497,-11,F8013
D0145,B3640,502,526,-41,F7974
D0145,A025,537,537,40,F2017
D0145,B1868,542,566,-40,F2017
D0145,S445,570,572,9,E3243
D0145,A025,580,580,18,F2070
D0145,B4869,588,606,-18,F2070
D0145,A015,615,615,84,F0887
D0145,B1230,619,651,-84,F0887
D0145,B2634,658,672,-9,E3243
D0145,A098,678,678,56,F7318
D0145,A098,678,678,23,F7302
D0145,B4324,684,703,-23,F7302
D0145,B7684,706,733,-56,F7318
D0146,A022,0,0,55,F1716
D0146,B4010,7,34,-55,F1716
D0146,A085,56,56,43,F6490
D0146,A085,56,56,39,F6525
D0146,B6828,60,84,-39,F6525
D0146,B1051,85,110,-43,F6490
D0146,A063,115,115,64,F5116
D0146,A063,115,115,45,F5119
D0146,A063,115,115,27,F5113
D0146,B9077,118,143,-45,F5119
D0146,B7989,144,165,-27,F5113
D0146,B8649,166,195,-64,F5116
D0146,S174,197,213,14,E1745
D0146,S249,220,220,7,E2127
D0146,S243,221,226,1,E2094
D0146,S269,231,240,1,E2322
D0146,A024,245,245,81,F1950
D0146,B1499,245,253,-1,E2322
D0146,S243,255,256,4,E2092
D0146,B0677,256,269,-7,E2127
D0146,B7890,271,287,-14,E1745
D0146,S300,292,298,3,E2449
D0146,B4186,300,311,-4,E2092
D0146,B7087,313,321,-1,E2094
D0146,B5475,322,354,-81,F1950
D0146,B3459,356,366,-3,E2449
D0146,A014,375,375,12,F0873
D0146,A050,375,375,8,F4237
D0146,B6111,380,395,-12,F0873
D0146,B5238,402,415,-8,F4237
D0146,A025,426,426,62,F2096
D0146,A025,426,426,43,F2056
D0146,B6375,432,461,-62,F2096
D0146,B4141,463,488,-43,F2056
D0146,S445,490,514,2,E3255
D0146,S445,514,537,1,E3257
D0146,B8314,588,597,-2,E3255
D0146,A118,613,613,65,F8845
D0146,A118,613,613,70,F8832
D0146,B0994,620,628,-1,E3257
D0146,B0994,628,658,-70,F8832
D0146,B5811,660,689,-65,F8845
D0146,A118,694,694,45,F8853
D0146,B8075,697,722,-45,F8853
D0147,A023,0,0,16,F1888
D0147,B8700,14,31,-16,F1888
D0147,A025,70,70,80,F2022
D0147,A025,70,70,28,F2097
D0147,B2214,74,106,-80,F2022
D0147,B6506,108,129,-28,F2097
D0147,A041,142,142,75,F3752
D0147,A041,142,142,65,F3775
D0147,B4729,148,177,-65,F3775
D0147,B1245,178,209,-75,F3752
D0147,S464,212,216,1,E3365
D0147,S494,226,230,1,E3544
D0147,S494,230,230,1,E3541
D0147,S483,233,241,10,E3461
D0147,B5968,246,254,-1,E3365
D0147,B5968,254,262,-1,E3541
D0147,S459,267,270,2,E3311
D0147,B6497,272,280,-1,E3544
D0147,B6890,286,300,-10,E3461
D0147,S449,303,303,3,E3278
D0147,B7776,305,315,-3,E3278
D0147,S494,324,330,2,E3540
D0147,S461,341,348,1,E3315
D0147,B2399,354,363,-2,E3311
D0147,B3273,375,383,-1,E3315
D0147,A065,387,387,34,F5213
D0147,A065,387,387,65,F5189
D0147,B6987,393,415,-34,F5213
D0147,B5698,418,427,-2,E3540
D0147,B5698,427,456,-65,F5189
D0147,A111,465,465,60,F8319
D0147,B5682,468,496,-60,F8319
D0147,A111,499,499,36,F8303
D0147,A111,499,499,54,F8282
D0147,A111,499,499,49,F8306
D0147,B3219,503,526,-36,F8303
D0147,B3699,529,555,-49,F8306
D0147,B0243,556,583,-54,F8282
D0147,S586,599,613,3,E4114
D0147,S586,613,620,3,E4113
D0147,S572,624,628,5,E3975
D0147,B4854,636,646,-3,E4113
D0147,B5571,653,663,-3,E4114
D0147,A072,666,666,63,F5850
D0147,B4834,674,703,-63,F5850
D0147,B5962,708,720,-5,E3975
D0148,A024,0,0,70,F1938
D0148,A024,0,0,51,F1972
D0148,B4340,5,35,-70,F1938
D0148,B7984,36,62,-51,F1972
D0148,A024,66,66,63,F1933
D0148,A024,66,66,53,F1979
D0148,B3907,70,99,-63,F1933
D0148,B8615,100,127,-53,F1979
D0148,A024,130,130,66,F1921
D0148,A024,130,130,52,F1975
D0148,B2859,134,163,-66,F1921
D0148,B8031,164,191,-52,F1975
D0148,A024,194,194,56,F1973
D0148,A024,194,194,52,F1928
D0148,B8004,197,224,-56,F1973
D0148,A024,227,227,68,F1945
D0148,S233,228,231,5,E2049
D0148,B5078,236,266,-68,F1945
D0148,S269,270,274,1,E2330
D0148,B3537,279,306,-52,F1928
D0148,A024,310,310,61,F1971
D0148,A024,310,310,56,F1941
D0148,B0503,314,326,-5,E2049
D0148,B4753,328,355,-56,F1941
D0148,A024,358,358,75,F1931
D0148,B0724,363,371,-1,E2330
D0148,B7890,378,406,-61,F1971
D0148,B3808,407,438,-75,F1931
D0148,A046,445,445,86,F4053
D0148,B3330,447,480,-86,F4053
D0148,A046,482,482,59,F4034
D0148,A046,482,482,69,F4073
D0148,B6395,486,516,-69,F4073
D0148,B0517,517,545,-59,F4034
D0148,S294,550,558,3,E2424
D0148,A001,589,589,69,F0009
D0148,B7888,592,622,-69,F0009
D0148,B5474,632,642,-3,E2424
D0148,A093,645,645,27,F6981
D0148,A093,645,645,56,F6993
D0148,A093,645,645,44,F6951
D0148,B1788,649,674,-44,F6951
D0148,B8968,676,703,-56,F6993
D0148,B6197,707,728,-27,F6981
D0149,A025,0,0,75,F2048
D0149,B3715,3,34,-75,F2048
D0149,A025,37,37,79,F2074
D0149,A025,37,37,51,F2041
D0149,B4983,40,72,-79,F2074
D0149,B3469,73,99,-51,F2041
D0149,A025,102,102,76,F2099
D0149,A025,102,102,62,F2003
D0149,B6639,108,139,-76,F2099
D0149,A025,145,145,60,F2062
D0149,A025,145,145,13,F2092
D0149,B4487,149,177,-60,F2062
D0149,B1016,180,209,-62,F2003
D0149,S498,214,228,2,E3572
D0149,S505,234,245,3,E3589
D0149,B4026,247,257,-3,E3589
D0149,B6003,260,276,-13,F2092
D0149,B5531,286,295,-2,E3572
D0149,S483,312,313,16,E3457
D0149,S482,319,325,1,E3450
D0149,B3965,334,351,-16,E3457
D0149,S494,358,360,2,E3548
D0149,B0805,378,387,-2,E3548
D0149,B1186,407,415,-1,E3450
D0149,A092,422,422,68,F6905
D0149,B1125,424,454,-68,F6905
D0149,A092,456,456,80,F6931
D0149,B6502,459,491,-80,F6931
D0149,A088,494,494,54,F6704
D0149,A088,494,494,73,F6711
D0149,B6312,497,524,-54,F6704
D0149,B8927,525,556,-73,F6711
D0149,A089,565,565,58,F6716
D0149,A089,565,565,69,F6756
D0149,B0296,576,604,-58,F6716
D0149,S570,608,610,1,E3963
D0149,B4593,615,623,-1,E3963
D0149,B4593,623,653,-69,F6756
D0149,A007,676,676,45,F0363
D0149,A007,676,676,45,F0316
D0149,B5437,689,714,-45,F0363
D0149,B0624,715,740,-45,F0316
D0150,A026,0,0,35,F2211
D0150,A026,0,0,18,F2190
D0150,A026,0,0,25,F2160
D0150,A026,0,0,25,F2187
D0150,B4958,2,20,-18,F2190
D0150,B1552,24,44,-25,F2160
D0150,B6921,51,74,-35,F2211
D0150,B4675,78,98,-25,F2187
D0150,A007,118,118,21,F0391
D0150,A007,118,118,21,F0342
D0150,A007,118,118,77,F0335
D0150,A007,118,118,18,F0394
D0150,B2249,123,154,-77,F0335
D0150,B3149,158,177,-21,F0342
D0150,B8026,179,198,-21,F0391
D0150,B8690,202,220,-18,F0394
D0150,S564,223,235,1,E3944
D0150,B3006,236,244,-1,E3944
D0150,S560,247,269,2,E3937
D0150,S561,269,275,1,E3938
D0150,S560,275,281,1,E3936
D0150,B0086,282,291,-2,E3937
D0150,S561,292,299,4,E3939
D0150,B5599,300,311,-4,E3939
D0150,B5599,311,319,-1,E3936
D0150,B4067,321,329,-1,E3938
D0150,S552,330,330,1,E3885
D0150,B7268,334,342,-1,E3885
D0150,A089,353,353,38,F6782
D0150,A089,353,353,60,F6720
D0150,A089,353,353,41,F6757
D0150,S540,361,376,1,E3847
D0150,B0855,380,408,-60,F6720
D0150,B0855,408,416,-1,E3847
D0150,B8174,418,441,-38,F6782
D0150,B4738,448,472,-41,F6757
D0150,A011,482,482,21,F0662
D0150,B5050,486,505,-21,F0662
D0150,A089,513,513,65,F6719
D0150,A089,513,513,48,F6784
D0150,B0605,519,548,-65,F6719
D0150,B8409,550,576,-48,F6784
D0150,S599,599,600,1,E4202
D0150,B4409,601,609,-1,E4202
D0150,S600,616,629,1,E4213
D0150,B2415,635,643,-1,E4213
D0150,A007,652,652,19,F0331
D0150,A007,652,652,54,F0312
D0150,A007,652,652,34,F0383
D0150,B7041,658,680,-34,F0383
D0150,B0146,683,710,-54,F0312
D0150,B1945,711,729,-19,F0331
D0151,A027,0,0,31,F2299
D0151,A027,0,0,61,F2266
D0151,A027,0,0,21,F2311
D0151,B7289,7,29,-31,F2299
D0151,B3674,31,59,-61,F2266
D0151,B8616,60,79,-21,F2311
D0151,A043,90,90,46,F3869
D0151,A043,90,90,90,F3927
D0151,B0437,94,119,-46,F3869
D0151,B8810,120,153,-90,F3927
D0151,A101,157,157,68,F7579
D0151,A101,157,157,49,F7597
D0151,B4198,159,189,-68,F7579
D0151,B7227,192,218,-49,F7597
D0151,S248,219,239,3,E2121
D0151,S329,249,256,1,E2566
D0151,B0437,262,270,-1,E2566
D0151,B6061,277,287,-3,E2121
D0151,A043,291,291,48,F3895
D0151,S248,292,315,3,E2119
D0151,S248,315,326,2,E2124
D0151,B4640,328,354,-48,F3895
D0151,B4640,354,364,-3,E2119
D0151,B7287,371,380,-2,E2124
D0151,A083,390,390,32,F6449
D0151,B8668,393,415,-32,F6449
D0151,A036,423,423,53,F3308
D0151,A036,423,423,84,F3302
D0151,B5498,425,452,-53,F3308
D0151,B4612,455,487,-84,F3302
D0151,S334,490,490,2,E2590
D0151,B2074,527,536,-2,E2590
D0151,A045,552,552,71,F3991
D0151,B2797,556,586,-71,F3991
D0151,S198,593,602,3,E1817
D0151,A073,641,641,98,F5898
D0151,B2942,643,678,-98,F5898
D0151,A122,684,684,87,F9061
D0151,B8215,687,697,-3,E1817
D0151,B1855,699,732,-87,F9061
D0152,A028,0,0,24,F2411
D0152,A028,0,0,22,F2320
D0152,A028,0,0,33,F2391
D0152,A028,0,0,38,F2349
D0152,B7901,4,24,-24,F2411
D0152,B0122,25,44,-22,F2320
D0152,B6359,46,68,-33,F2391
D0152,B2431,70,93,-38,F2349
D0152,A028,96,96,14,F2418
D0152,A028,96,96,61,F2340
D0152,A028,96,96,61,F2362
D0152,B3546,100,128,-61,F2362
D0152,B1322,132,160,-61,F2340
D0152,B8396,166,182,-14,F2418
D0152,S557,198,210,2,E3902
D0152,S558,214,214,1,E3927
D0152,B1804,220,229,-2,E3902
D0152,S551,235,235,2,E3877
D0152,B6726,242,250,-1,E3927
D0152,B0390,253,262,-2,E3877
D0152,S533,279,282,2,E3830
D0152,A111,284,284,63,F8281
D0152,B9016,286,295,-2,E3830
D0152,B0126,297,326,-63,F8281
D0152,S528,327,338,3,E3795
D0152,A111,341,341,46,F8341
D0152,A111,341,341,54,F8333
D0152,B7704,345,372,-54,F8333
D0152,B7704,372,382,-3,E3795
D0152,B8769,385,410,-46,F8341
D0152,A011,422,422,26,F0668
D0152,B6641,427,447,-26,F0668
D0152,S515,452,459,2,E3637
D0152,S515,459,480,1,E3627
D0152,B0291,519,527,-1,E3627
D0152,B6179,537,546,-2,E3637
D0152,A072,608,608,56,F5828
D0152,A072,608,608,66,F5839
D0152,S594,614,614,1,E4153
D0152,B3275,615,623,-1,E4153
D0152,B2269,628,655,-56,F5828
D0152,A072,658,658,44,F5886
D0152,B3132,663,692,-66,F5839
D0152,B8489,695,720,-44,F5886
D0153,A029,0,0,27,F2476
D0153,A029,0,0,31,F2443
D0153,B5932,4,25,-27,F2476
D0153,B1845,27,49,-31,F2443
D0153,A027,58,58,51,F2304
D0153,A027,58,58,16,F2272
D0153,A027,58,58,73,F2308
D0153,B8596,67,98,-73,F2308
D0153,B7880,100,126,-51,F2304
D0153,A081,142,142,94,F6268
D0153,B0971,144,178,-94,F6268
D0153,A081,180,180,96,F6287
D0153,B5601,183,217,-96,F6287
D0153,S237,220,238,9,E2069
D0153,S237,238,249,6,E2067
D0153,B1966,251,263,-6,E2067
D0153,S182,272,286,1,E1771
D0153,S164,290,293,4,E1672
D0153,B8744,294,305,-4,E1672
D0153,B8744,305,313,-1,E1771
D0153,S145,317,320,2,E1614
D0153,B5746,326,340,-9,E2069
D0153,B5781,347,356,-2,E1614
D0153,A013,364,364,31,F0833
D0153,A013,364,364,85,F0835
D0153,B2221,367,400,-85,F0835
D0153,A013,403,403,47,F0841
D0153,B1204,407,429,-31,F0833
D0153,B4594,430,456,-47,F0841
D0153,A027,468,468,5,F2262
D0153,A027,468,468,18,F2286
D0153,A027,468,468,82,F2240
D0153,B2912,473,485,-5,F2262
D0153,B4399,490,507,-16,F2272
D0153,B6005,509,527,-18,F2286
D0153,B0246,534,566,-82,F2240
D0153,S129,567,567,1,E1537
D0153,A053,595,595,17,F4344
D0153,A053,595,595,24,F4360
D0153,A053,595,595,22,F4364
D0153,A053,595,595,8,F4378
D0153,A053,595,595,7,F4335
D0153,B5902,611,624,-8,F4378
D0153,B1280,629,642,-7,F4335
D0153,B0049,657,665,-1,E1537
D0153,B4004,680,699,-22,F4364
D0153,B2136,701,718,-17,F4344
D0153,B3554,720,740,-24,F4360
D0154,A030,0,0,14,F2563
D0154,A030,0,0,5,F2557
D0154,A030,0,0,19,F2582
D0154,A030,0,0,12,F2535
D0154,B3229,2,18,-14,F2563
D0154,B2779,36,48,-5,F2557
D0154,B4249,51,69,-19,F2582
D0154,B1595,76,91,-12,F2535
D0154,A108,119,119,11,F8097
D0154,A108,119,119,10,F8020
D0154,A108,119,119,44,F8063
D0154,A108,119,119,8,F8083
D0154,A108,119,119,19,F8071
D0154,A108,119,119,45,F8053
D0154,B0470,126,140,-10,F8020
D0154,B7130,143,156,-8,F8083
D0154,B7971,160,175,-11,F8097
D0154,B5521,183,201,-19,F8071
D0154,S021,208,210,2,E0414
D0154,S021,210,227,1,E0490
D0154,S021,227,228,1,E0410
D0154,S021,228,242,1,E0415
D0154,S017,242,252,2,E0341
D0154,S048,254,257,1,E0956
D0154,S021,258,260,2,E0411
D0154,B2860,266,274,-1,E0956
D0154,B2860,274,283,-2,E0411
D0154,B2860,283,291,-1,E0410
D0154,B2875,294,303,-2,E0414
D0154,B2875,303,311,-1,E0415
D0154,B6350,314,322,-1,E0490
D0154,S016,328,328,1,E0195
D0154,S001,332,335,2,E0015
D0154,B3481,338,347,-2,E0341
D0154,B3481,347,372,-45,F8053
D0154,S016,376,384,2,E0267
D0154,B6315,386,395,-2,E0015
D0154,B1425,400,408,-1,E0195
D0154,B4699,411,436,-44,F8063
D0154,S001,438,448,3,E0011
D0154,B4765,459,469,-3,E0011
D0154,B4995,474,483,-2,E0267
D0154,S005,496,519,1,E0077
D0154,S001,522,529,1,E0008
D0154,S002,530,556,13,E0024
D0154,S002,556,559,22,E0022
D0154,S005,561,561,1,E0078
D0154,S003,563,563,6,E0051
D0154,B6629,564,580,-13,E0024
D0154,B6629,580,592,-6,E0051
D0154,B3569,595,603,-1,E0077
D0154,B4012,612,620,-1,E0008
D0154,B4995,623,631,-1,E0078
D0154,B3499,644,663,-22,E0022
D0154,A116,669,669,43,F8582
D0154,A116,669,669,59,F8681
D0154,B7187,672,700,-59,F8681
D0154,B1623,701,726,-43,F8582
D0155,A097,88,88,29,F7215
D0155,A097,88,88,31,F7256
D0155,A097,88,88,43,F7242
D0155,B2259,96,117,-29,F7215
D0155,B6845,118,140,-31,F7256
D0155,B5074,141,166,-43,F7242
D0155,A042,175,175,60,F3854
D0155,A042,175,175,20,F3803
D0155,A042,175,175,59,F3818
D0155,B0046,182,200,-20,F3803
D0155,B7402,201,229,-60,F3854
D0155,S479,234,238,1,E3431
D0155,S479,238,270,1,E3428
D0155,S481,270,273,1,E3446
D0155,S480,273,283,1,E3444
D0155,B8181,288,296,-1,E3444
D0155,B2792,301,309,-1,E3431
D0155,B2095,313,321,-1,E3446
D0155,B2095,321,349,-59,F3818
D0155,A042,354,354,75,F3805
D0155,A042,354,354,55,F3830
D0155,B1766,357,365,-1,E3428
D0155,B0822,372,403,-75,F3805
D0155,B3547,404,431,-55,F3830
D0155,A042,437,437,56,F3841
D0155,A042,437,437,38,F3816
D0155,B5384,441,468,-56,F3841
D0155,B1847,470,493,-38,F3816
D0155,A104,504,504,91,F7767
D0155,B0148,506,540,-91,F7767
D0155,S518,543,555,1,E3677
D0155,S521,557,573,3,E3738
D0155,S515,576,581,1,E3639
D0155,S518,582,595,1,E3678
D0155,A098,636,636,78,F7280
D0155,B6179,644,652,-1,E3677
D0155,B6179,652,662,-3,E3738
D0155,B6179,662,670,-1,E3639
D0155,B6179,670,678,-1,E3678
D0155,B0423,680,711,-78,F7280
D0156,A032,0,0,3,F2906
D0156,A032,0,0,7,F2897
D0156,B4872,7,17,-3,F2906
D0156,B3056,26,39,-7,F2897
D0156,A116,68,68,38,F8679
D0156,A116,68,68,41,F8584
D0156,A116,68,68,16,F8643
D0156,A116,68,68,40,F8663
D0156,B1690,71,95,-41,F8584
D0156,B7085,97,120,-38,F8679
D0156,B6279,122,146,-40,F8663
D0156,A116,149,149,19,F8620
D0156,A116,149,149,65,F8574
D0156,A116,149,149,39,F8703
D0156,B3974,158,176,-19,F8620
D0156,B1036,187,216,-65,F8574
D0156,S045,216,224,3,E0886
D0156,B2860,229,239,-3,E0886
D0156,S003,248,252,1,E0031
D0156,B3481,253,261,-1,E0031
D0156,S016,265,282,2,E0317
D0156,S004,286,297,3,E0060
D0156,S004,297,304,1,E0067
D0156,S004,304,309,1,E0059
D0156,B3481,313,321,-1,E0067
D0156,S004,325,325,4,E0061
D0156,B1425,326,337,-4,E0061
D0156,B1425,337,347,-3,E0060
D0156,B1292,353,361,-1,E0059
D0156,B6449,368,377,-2,E0317
D0156,A116,385,385,46,F8685
D0156,A116,385,385,26,F8640
D0156,B7553,388,413,-46,F8685
D0156,B5097,414,434,-26,F8640
D0156,A116,437,437,25,F8677
D0156,A116,437,437,28,F8645
D0156,A116,437,437,26,F8622
D0156,B4094,445,465,-26,F8622
D0156,B5248,471,492,-28,F8645
D0156,S001,497,499,1,E0009
D0156,B5143,502,519,-16,F8643
D0156,S011,521,552,2,E0115
D0156,B8580,555,579,-39,F8703
D0156,B0434,589,597,-1,E0009
D0156,S021,604,611,2,E0502
D0156,B6990,622,642,-25,F8677
D0156,B6990,642,651,-2,E0115
D0156,A116,660,660,39,F8673
D0156,A116,660,660,43,F8591
D0156,B2192,664,689,-43,F8591
D0156,B6716,691,700,-2,E0502
D0156,B6716,700,724,-39,F8673
D0157,A033,0,0,47,F3012
D0157,A033,0,0,27,F2952
D0157,B7506,5,31,-47,F3012
D0157,B0727,32,53,-27,F2952
D0157,A033,57,57,32,F3017
D0157,A033,57,57,66,F2954
D0157,A033,57,57,34,F2988
D0157,B5492,60,82,-34,F2988
D0157,B8071,83,105,-32,F3017
D0157,A033,108,108,20,F3005
D0157,A033,108,108,45,F2968
D0157,B7156,112,130,-20,F3005
D0157,B2758,139,164,-45,F2968
D0157,B0977,165,194,-66,F2954
D0157,S573,199,215,2,E3996
D0157,S573,215,221,2,E4010
D0157,S574,221,243,3,E4036
D0157,S557,252,260,1,E3910
D0157,B7900,262,271,-2,E4010
D0157,S558,274,277,1,E3926
D0157,B5976,281,289,-1,E3926
D0157,B4998,291,300,-2,E3996
D0157,B4620,317,325,-1,E3910
D0157,B4620,325,335,-3,E4036
D0157,A088,349,349,56,F6706
D0157,A088,349,349,82,F6687
D0157,B7133,352,379,-56,F6706
D0157,B0739,381,413,-82,F6687
D0157,A104,418,418,55,F7775
D0157,A104,418,418,60,F7768
D0157,B2727,422,449,-55,F7775
D0157,B0254,450,478,-60,F7768
D0157,S515,481,494,1,E3638
D0157,S523,497,501,1,E3761
D0157,S521,501,533,1,E3737
D0157,A098,574,574,57,F7326
D0157,A098,574,574,58,F7329
D0157,B6179,582,590,-1,E3638
D0157,B6179,590,598,-1,E3761
D0157,B6179,598,606,-1,E3737
D0157,B9158,608,636,-58,F7329
D0157,B8779,637,665,-57,F7326
D0157,A098,671,671,74,F7321
D0157,A098,671,671,59,F7313
D0157,B6361,675,703,-59,F7313
D0157,B8307,705,736,-74,F7321
D0158,A034,0,0,52,F3103
D0158,B7773,2,29,-52,F3103
D0158,A034,31,31,16,F3095
D0158,A034,31,31,26,F3106
D0158,A034,31,31,42,F3090
D0158,A034,31,31,53,F3046
D0158,B7257,35,52,-16,F3095
D0158,B8124,53,73,-26,F3106
D0158,B2675,75,102,-53,F3046
D0158,A034,105,105,10,F3116
D0158,A034,105,105,34,F3108
D0158,A034,105,105,46,F3056
D0158,B8909,115,129,-10,F3116
D0158,B6755,132,156,-42,F3090
D0158,B8228,161,183,-34,F3108
D0158,B3798,185,210,-46,F3056
D0158,S566,212,224,2,E3949
D0158,B0840,229,238,-2,E3949
D0158,S552,249,249,2,E3886
D0158,S570,259,267,2,E3961
D0158,B2350,268,277,-2,E3961
D0158,S546,286,305,3,E3861
D0158,A089,311,311,51,F6774
D0158,A089,311,311,66,F6746
D0158,B2264,316,326,-3,E3861
D0158,B7340,328,337,-2,E3886
D0158,B7340,337,363,-51,F6774
D0158,B3561,365,394,-66,F6746
D0158,S519,409,435,1,E3692
D0158,A098,476,476,86,F7283
D0158,B1100,482,515,-86,F7283
D0158,B6179,517,525,-1,E3692
D0158,A015,533,533,53,F0883
D0158,B0436,537,564,-53,F0883
D0158,A025,578,578,89,F1991
D0158,S445,586,596,4,E3240
D0158,B0265,606,639,-89,F1991
D0158,A040,680,680,75,F3734
D0158,A040,680,680,35,F3730
D0158,B1195,684,695,-4,E3240
D0158,B6483,696,719,-35,F3730
D0158,B7812,720,751,-75,F3734
D0159,A035,0,0,42,F3150
D0159,A035,0,0,29,F3261
D0159,A035,0,0,17,F3234
D0159,A035,0,0,14,F3230
D0159,B6846,3,20,-17,F3234
D0159,B8294,21,42,-29,F3261
D0159,B1862,44,68,-42,F3150
D0159,B6637,70,86,-14,F3230
D0159,A035,90,90,70,F3147
D0159,A035,90,90,27,F3188
D0159,A035,90,90,36,F3140
D0159,B1760,103,133,-70,F3147
D0159,B4184,135,156,-27,F3188
D0159,B1148,159,182,-36,F3140
D0159,A009,201,201,59,F0578
D0159,A009,201,201,68,F0541
D0159,S085,208,225,3,E1374
D0159,B4645,228,238,-3,E1374
D0159,S085,241,250,1,E1378
D0159,B6636,251,259,-1,E1378
D0159,S045,275,281,1,E0888
D0159,S016,283,283,1,E0194
D0159,S026,284,295,1,E0572
D0159,S012,296,299,1,E0121
D0159,S011,299,315,2,E0093
D0159,B1412,318,327,-2,E0093
D0159,B1412,327,335,-1,E0194
D0159,S004,339,345,2,E0069
D0159,B2860,355,363,-1,E0888
D0159,B2875,366,374,-1,E0572
D0159,B4995,377,386,-2,E0069
D0159,B0305,388,396,-1,E0121
D0159,B5920,397,425,-59,F0578
D0159,B2247,427,457,-68,F0541
D0159,A009,466,466,17,F0549
D0159,A009,466,466,58,F0550
D0159,A009,466,466,61,F0538
D0159,B1909,476,504,-61,F0538
D0159,B2870,505,533,-58,F0550
D0159,S069,540,551,1,E1265
D0159,B2299,552,560,-1,E1265
D0159,B2860,570,587,-17,F0549
D0159,S016,594,601,1,E0329
D0159,A116,620,620,8,F8697
D0159,A116,620,620,19,F8646
D0159,A116,620,620,37,F8630
D0159,A116,620,620,75,F8709
D0159,B8905,623,654,-75,F8709
D0159,B8905,654,662,-1,E0329
D0159,B4619,663,686,-37,F8630
D0159,B7917,691,704,-8,F8697
D0159,B5266,708,726,-19,F8646
D0160,A036,0,0,57,F3319
D0160,A036,0,0,50,F3327
D0160,B8270,7,33,-50,F3327
D0160,B6724,34,62,-57,F3319
D0160,A054,70,70,41,F4432
D0160,A054,70,70,69,F4425
D0160,B3671,73,97,-41,F4432
D0160,B3115,99,129,-69,F4425
D0160,A093,135,135,50,F6974
D0160,A093,135,135,82,F6985
D0160,B5170,139,165,-50,F6974
D0160,B6825,169,201,-82,F6985
D0160,S450,202,219,3,E3282
D0160,S395,229,241,17,E2930
D0160,B6259,241,251,-3,E3282
D0160,S433,258,271,2,E3205
D0160,S433,271,275,4,E3206
D0160,S423,276,294,1,E3115
D0160,S387,303,305,2,E2917
D0160,B3978,306,315,-2,E2917
D0160,B2233,319,336,-17,E2930
D0160,B5457,343,354,-4,E3206
D0160,B3623,356,365,-2,E3205
D0160,B2204,374,382,-1,E3115
D0160,A057,385,385,31,F4626
D0160,A057,385,385,86,F4594
D0160,B8639,387,409,-31,F4626
D0160,B0918,411,444,-86,F4594
D0160,A057,446,446,67,F4623
D0160,A057,446,446,63,F4624
D0160,B7443,448,478,-67,F4623
D0160,B8000,479,508,-63,F4624
D0160,A057,509,509,74,F4612
D0160,A057,509,509,47,F4627
D0160,B8650,513,539,-47,F4627
D0160,B4851,541,572,-74,F4612
D0160,S521,580,598,4,E3739
D0160,S521,598,615,7,E3740
D0160,S521,615,621,2,E3741
D0160,S515,624,627,2,E3640
D0160,A098,667,667,89,F7294
D0160,B6179,675,688,-7,E3740
D0160,B6179,688,699,-4,E3739
D0160,B6179,699,708,-2,E3640
D0160,B6179,708,717,-2,E3741
D0160,B3208,720,753,-89,F7294
D0161,A037,0,0,19,F3340
D0161,A037,0,0,39,F3446
D0161,B0594,7,25,-19,F3340
D0161,B7099,33,57,-39,F3446
D0161,A058,73,73,31,F4660
D0161,A058,73,73,45,F4639
D0161,A058,73,73,47,F4658
D0161,B1659,76,101,-45,F4639
D0161,B4285,102,124,-31,F4660
D0161,B4061,125,151,-47,F4658
D0161,A094,157,157,55,F6999
D0161,A094,157,157,59,F7034
D0161,B6039,162,190,-59,F7034
D0161,B0588,192,219,-55,F6999
D0161,S239,223,225,18,E2074
D0161,S319,234,242,2,E2520
D0161,B1603,249,267,-18,E2074
D0161,S382,292,305,3,E2890
D0161,B8841,311,320,-2,E2520
D0161,S338,330,352,1,E2685
D0161,B5702,373,383,-3,E2890
D0161,A065,392,392,42,F5188
D0161,B5675,397,421,-42,F5188
D0161,A056,430,430,53,F4570
D0161,A056,430,430,57,F4556
D0161,B6534,431,439,-1,E2685
D0161,B5915,442,469,-53,F4570
D0161,B2479,470,498,-57,F4556
D0161,A033,508,508,57,F2969
D0161,B3040,512,540,-57,F2969
D0161,A033,544,544,34,F3010
D0161,A033,544,544,58,F2986
D0161,A033,544,544,40,F2997
D0161,B5322,549,577,-58,F2986
D0161,B7479,580,602,-34,F3010
D0161,S573,608,613,2,E3991
D0161,B6406,620,644,-40,F2997
D0161,B3729,681,690,-2,E3991
D0162,A038,0,0,16,F3507
D0162,A038,0,0,34,F3609
D0162,A038,0,0,11,F3651
D0162,A038,0,0,3,F3633
D0162,A038,0,0,3,F3551
D0162,A038,0,0,4,F3561
D0162,A038,0,0,9,F3499
D0162,B3830,4,15,-4,F3561
D0162,B6478,21,43,-34,F3609
D0162,B1308,44,61,-16,F3507
D0162,B8930,63,78,-11,F3651
D0162,B0852,79,93,-9,F3499
D0162,B3426,101,111,-3,F3551
D0162,B7804,116,126,-3,F3633
D0162,A018,164,164,67,F1121
D0162,A018,164,164,63,F1188
D0162,B0474,170,200,-67,F1121
D0162,S629,214,218,2,E4589
D0162,S622,218,221,2,E4516
D0162,S613,223,227,2,E4381
D0162,S612,229,236,1,E4347
D0162,S612,236,248,1,E4352
D0162,S612,248,267,3,E4358
D0162,S613,269,281,1,E4367
D0162,B7694,283,292,-2,E4381
D0162,B3923,294,303,-2,E4589
D0162,B3923,303,312,-2,E4516
D0162,B3253,314,322,-1,E4347
D0162,B3253,322,330,-1,E4367
D0162,B7285,338,346,-1,E4352
D0162,B8964,348,358,-3,E4358
D0162,S609,359,375,5,E4319
D0162,B7285,377,406,-63,F1188
D0162,B2794,419,431,-5,E4319
D0162,A018,434,434,36,F1136
D0162,A018,434,434,69,F1205
D0162,B8964,446,476,-69,F1205
D0162,S612,481,497,3,E4345
D0162,S612,497,504,1,E4350
D0162,S612,504,521,2,E4353
D0162,B7285,528,537,-2,E4353
D0162,B3158,540,550,-3,E4345
D0162,B5751,553,561,-1,E4350
D0162,S612,570,575,2,E4348
D0162,S611,578,580,1,E4334
D0162,S612,583,583,1,E4354
D0162,S613,585,586,1,E4363
D0162,S619,588,601,2,E4463
D0162,S613,603,604,1,E4376
D0162,B2451,604,612,-1,E4363
D0162,S621,614,620,2,E4507
D0162,S626,621,622,1,E4531
D0162,B3644,624,632,-1,E4334
D0162,B3644,632,640,-1,E4376
D0162,B7694,642,651,-2,E4507
D0162,B3253,652,661,-2,E4348
D0162,B7324,673,681,-1,E4354
D0162,B2794,690,699,-2,E4463
D0162,B2794,699,707,-1,E4531
D0162,B1755,711,734,-36,F1136
D0163,A094,23,23,69,F7015
D0163,A094,23,23,42,F6996
D0163,B3558,33,63,-69,F7015
D0163,B0001,64,88,-42,F6996
D0163,A107,112,112,97,F8006
D0163,B8569,115,150,-97,F8006
D0163,A015,154,154,95,F0895
D0163,B2594,161,195,-95,F0895
D0163,S382,197,217,3,E2889
D0163,B1420,221,231,-3,E2889
D0163,A004,236,236,58,F0132
D0163,S451,245,246,2,E3287
D0163,B0112,247,275,-58,F0132
D0163,S463,277,279,8,E3332
D0163,S440,281,288,1,E3225
D0163,S463,290,293,2,E3349
D0163,S455,294,323,5,E3302
D0163,B5937,327,336,-2,E3287
D0163,B0112,339,347,-1,E3225
D0163,B7973,353,362,-2,E3349
D0163,B5240,364,377,-8,E3332
D0163,B9111,386,398,-5,E3302
D0163,A065,402,402,53,F5145
D0163,A065,402,402,84,F5190
D0163,B1156,406,433,-53,F5145
D0163,B5717,434,466,-84,F5190
D0163,A065,469,469,77,F5141
D0163,A065,469,469,51,F5137
D0163,B0833,473,504,-77,F5141
D0163,S494,506,521,2,E3543
D0163,B0540,525,551,-51,F5137
D0163,A006,600,600,14,F0286
D0163,A006,600,600,24,F0283
D0163,A006,600,600,58,F0277
D0163,A006,600,600,32,F0287
D0163,B6141,610,619,-2,E3543
D0163,B6141,619,647,-58,F0277
D0163,B6605,649,669,-24,F0283
D0163,B6874,670,692,-32,F0287
D0163,B6851,695,711,-14,F0286
D0164,A040,0,0,52,F3709
D0164,A040,0,0,87,F3720
D0164,B3893,3,36,-87,F3720
D0164,B1592,40,67,-52,F3709
D0164,A074,74,74,62,F5928
D0164,B6697,76,105,-62,F5928
D0164,A073,108,108,57,F5908
D0164,A073,108,108,80,F5897
D0164,B2039,110,142,-80,F5897
D0164,B7011,146,174,-57,F5908
D0164,A084,178,178,61,F6463
D0164,A084,178,178,57,F6459
D0164,B1703,180,208,-61,F6463
D0164,B0161,209,237,-57,F6459
D0164,S371,237,251,1,E2827
D0164,S377,252,254,2,E2874
D0164,B0008,261,270,-2,E2874
D0164,S397,271,278,2,E2942
D0164,S387,281,292,4,E2919
D0164,B6505,294,305,-4,E2919
D0164,B6259,313,322,-2,E2942
D0164,B7714,336,344,-1,E2827
D0164,A083,358,358,75,F6414
D0164,A083,358,358,24,F6440
D0164,B3771,362,393,-75,F6414
D0164,B7634,396,416,-24,F6440
D0164,A083,420,420,21,F6443
D0164,A083,420,420,43,F6432
D0164,A083,420,420,76,F6425
D0164,B8196,423,442,-21,F6443
D0164,B4971,447,478,-76,F6425
D0164,B6154,481,506,-43,F6432
D0164,S131,511,514,1,E1548
D0164,A053,542,542,27,F4349
D0164,A053,542,542,33,F4361
D0164,A053,542,542,15,F4401
D0164,A053,542,542,23,F4375
D0164,A053,542,542,14,F4327
D0164,A053,542,542,25,F4402
D0164,B8269,555,575,-25,F4402
D0164,B5534,596,604,-1,E1548
D0164,B5374,622,641,-23,F4375
D0164,B3720,644,666,-33,F4361
D0164,B8233,668,685,-15,F4401
D0164,B0615,688,704,-14,F4327
D0164,B2735,706,727,-27,F4349
D0165,A041,0,0,40,F3799
D0165,A041,0,0,67,F3789
D0165,B8265,3,27,-40,F3799
D0165,B7644,30,60,-67,F3789
D0165,A041,62,62,48,F3746
D0165,A041,62,62,62,F3782
D0165,B0041,65,91,-48,F3746
D0165,B6591,92,121,-62,F3782
D0165,A041,123,123,52,F3790
D0165,A041,123,123,34,F3754
D0165,A041,123,123,53,F3762
D0165,B3089,125,152,-53,F3762
D0165,B7677,153,180,-52,F3790
D0165,B1420,181,203,-34,F3754
D0165,S384,209,234,1,E2906
D0165,A115,235,235,71,F8542
D0165,S385,237,238,1,E2911
D0165,B4376,239,269,-71,F8542
D0165,A115,271,271,95,F8550
D0165,B6086,273,307,-95,F8550
D0165,B4780,311,319,-1,E2906
D0165,A115,322,322,61,F8556
D0165,A115,322,322,62,F8530
D0165,B5907,327,335,-1,E2911
D0165,B0124,336,365,-62,F8530
D0165,B8828,369,397,-61,F8556
D0165,S354,408,419,1,E2768
D0165,A122,454,454,39,F9076
D0165,B6736,458,482,-39,F9076
D0165,B5474,488,496,-1,E2768
D0165,A093,499,499,86,F6955
D0165,B2637,504,537,-86,F6955
D0165,S519,551,555,1,E3693
D0165,S526,560,578,1,E3792
D0165,A098,618,618,62,F7328
D0165,A098,618,618,68,F7292
D0165,B6179,626,634,-1,E3792
D0165,B6179,634,642,-1,E3693
D0165,B9117,646,675,-62,F7328
D0165,B2634,677,707,-68,F7292
D0165,A121,716,716,70,F9000
D0165,B1026,718,748,-70,F9000
D0166,A042,0,0,7,F3811
D0166,A042,0,0,27,F3856
D0166,B1632,8,21,-7,F3811
D0166,B7420,22,43,-27,F3856
D0166,A089,58,58,44,F6778
D0166,A089,58,58,49,F6786
D0166,B7548,62,87,-44,F6778
D0166,B8720,88,114,-49,F6786
D0166,A089,117,117,78,F6752
D0166,A089,117,117,60,F6772
D0166,B4269,122,153,-78,F6752
D0166,B7183,157,185,-60,F6772
D0166,S587,204,219,1,E4120
D0166,S586,220,227,3,E4112
D0166,S587,228,234,1,E4121
D0166,S587,234,247,2,E4119
D0166,B3823,250,258,-1,E4120
D0166,B4854,261,269,-1,E4121
D0166,B4243,270,280,-3,E4112
D0166,B3126,288,297,-2,E4119
D0166,S579,303,314,2,E4078
D0166,S580,314,335,3,E4098
D0166,B5276,342,351,-2,E4078
D0166,A072,362,362,10,F5890
D0166,A072,362,362,61,F5871
D0166,A072,362,362,54,F5851
D0166,B8972,373,387,-10,F5890
D0166,B0796,390,400,-3,E4098
D0166,B6790,401,429,-61,F5871
D0166,B4905,430,457,-54,F5851
D0166,A079,466,466,41,F6211
D0166,A079,466,466,56,F6229
D0166,B6344,470,494,-41,F6211
D0166,B8622,496,523,-56,F6229
D0166,A079,525,525,42,F6181
D0166,A079,525,525,33,F6169
D0166,A079,525,525,52,F6177
D0166,B1437,530,552,-33,F6169
D0166,B2707,555,579,-42,F6181
D0166,B2388,582,609,-52,F6177
D0166,S608,613,623,2,E4316
D0166,B4690,635,644,-2,E4316
D0166,A082,656,656,21,F6320
D0166,A082,656,656,8,F6375
D0166,A082,656,656,7,F6315
D0166,A082,656,656,12,F6341
D0166,B4305,660,675,-12,F6341
D0166,B0987,679,692,-7,F6315
D0166,B8194,696,709,-8,F6375
D0166,B1699,713,732,-21,F6320
D0167,A101,4,4,93,F7572
D0167,B2135,6,40,-93,F7572
D0167,A010,43,43,92,F0622
D0167,B1931,47,81,-92,F0622
D0167,A121,86,86,78,F9014
D0167,B3124,88,119,-78,F9014
D0167,A121,121,121,50,F9051
D0167,A121,121,121,61,F9052
D0167,B8524,123,149,-50,F9051
D0167,B8648,150,178,-61,F9052
D0167,A121,181,181,48,F9043
D0167,A121,181,181,66,F9017
D0167,B7665,184,210,-48,F9043
D0167,B3326,213,242,-66,F9017
D0167,S316,244,244,2,E2501
D0167,S345,249,250,22,E2736
D0167,S345,250,256,12,E2732
D0167,S344,256,258,2,E2728
D0167,S344,258,281,2,E2724
D0167,B4815,285,294,-2,E2728
D0167,B6815,298,307,-2,E2501
D0167,B4722,309,328,-22,E2736
D0167,B3237,334,343,-2,E2724
D0167,B0228,345,360,-12,E2732
D0167,A098,363,363,57,F7296
D0167,B3260,368,396,-57,F7296
D0167,S370,399,409,1,E2823
D0167,A025,437,437,35,F2130
D0167,A025,437,437,63,F2072
D0167,B8392,451,474,-35,F2130
D0167,B2031,494,502,-1,E2823
D0167,B4883,522,551,-63,F2072
D0167,S445,557,559,1,E3254
D0167,A025,567,567,55,F1996
D0167,B0541,571,598,-55,F1996
D0167,A002,641,641,75,F0063
D0167,A002,641,641,62,F0066
D0167,B7707,648,656,-1,E3254
D0167,B7707,656,685,-62,F0066
D0167,B7554,687,718,-75,F0063
D0168,A044,0,0,18,F3954
D0168,A044,0,0,3,F3959
D0168,A044,0,0,23,F3970
D0168,B8476,5,24,-23,F3970
D0168,B4929,28,46,-18,F3954
D0168,B6041,52,62,-3,F3959
D0168,A017,80,80,22,F1051
D0168,A017,80,80,5,F1069
D0168,A017,80,80,37,F1040
D0168,A017,80,80,27,F1102
D0168,A017,80,80,22,F1096
D0168,A017,80,80,27,F1029
D0168,B2563,87,106,-22,F1051
D0168,B7348,115,134,-22,F1096
D0168,B1810,138,161,-37,F1040
D0168,B8627,162,183,-27,F1102
D0168,B0626,185,206,-27,F1029
D0168,B4567,212,224,-5,F1069
D0168,S078,240,255,4,E1357
D0168,B6492,255,266,-4,E1357
D0168,S078,266,295,2,E1359
D0168,B8148,298,307,-2,E1359
D0168,A009,330,330,31,F0542
D0168,A009,330,330,7,F0605
D0168,A009,330,330,15,F0520
D0168,A009,330,330,11,F0530
D0168,A009,330,330,27,F0590
D0168,A009,330,330,39,F0594
D0168,B2278,340,362,-31,F0542
D0168,B6729,363,384,-27,F0590
D0168,S079,392,397,2,E1360
D0168,B6842,404,428,-39,F0594
D0168,B7887,438,451,-7,F0605
D0168,B1227,453,468,-11,F0530
D0168,B4145,484,493,-2,E1360
D0168,B0364,503,520,-15,F0520
D0168,A009,531,531,63,F0565
D0168,S082,541,551,1,E1366
D0168,B4645,552,581,-63,F0565
D0168,B4645,581,589,-1,E1366
D0168,S057,601,607,2,E1087
D0168,A085,699,699,80,F6482
D0168,B3009,708,717,-2,E1087
D0168,B0169,720,752,-80,F6482
D0169,A045,0,0,86,F4001
D0169,B4046,2,35,-86,F4001
D0169,A045,37,37,59,F4018
D0169,A045,37,37,67,F4009
D0169,B5912,39,69,-67,F4009
D0169,B7467,70,98,-59,F4018
D0169,A046,108,108,90,F4094
D0169,B8907,110,143,-90,F4094
D0169,A046,145,145,64,F4078
D0169,A046,145,145,45,F4084
D0169,B7623,148,173,-45,F4084
D0169,B6772,176,205,-64,F4078
D0169,S218,205,233,1,E1979
D0169,S218,233,245,4,E1983
D0169,B1972,253,261,-1,E1979
D0169,B4934,266,277,-4,E1983
D0169,S237,280,285,2,E2061
D0169,S230,286,288,2,E2042
D0169,B1248,290,299,-2,E2061
D0169,A081,302,302,61,F6274
D0169,A081,302,302,73,F6303
D0169,B2592,305,333,-61,F6274
D0169,B8382,334,365,-73,F6303
D0169,A081,367,367,54,F6282
D0169,A081,367,367,66,F6273
D0169,B4541,372,381,-2,E2042
D0169,B2157,383,412,-66,F6273
D0169,A081,415,415,73,F6301
D0169,B7836,418,449,-73,F6301
D0169,A081,452,452,45,F6275
D0169,A081,452,452,40,F6277
D0169,B2653,455,480,-45,F6275
D0169,B3177,483,507,-40,F6277
D0169,A081,511,511,61,F6290
D0169,B5958,515,543,-61,F6290
D0169,B4155,544,571,-54,F6282
D0169,S178,573,597,1,E1754
D0169,B3960,695,703,-1,E1754
D0170,A046,0,0,54,F4088
D0170,A046,0,0,77,F4046
D0170,B8203,3,30,-54,F4088
D0170,B2213,31,62,-77,F4046
D0170,A046,65,65,58,F4080
D0170,A046,65,65,82,F4044
D0170,B6904,70,98,-58,F4080
D0170,B1975,100,132,-82,F4044
D0170,A046,135,135,42,F4081
D0170,A046,135,135,94,F4038
D0170,B6996,139,163,-42,F4081
D0170,B1115,169,203,-94,F4038
D0170,S213,205,224,2,E1959
D0170,S221,224,241,1,E1990
D0170,S218,242,245,1,E1981
D0170,S198,247,254,3,E1818
D0170,S218,256,258,2,E1984
D0170,S208,259,265,14,E1908
D0170,A046,267,267,24,F4093
D0170,B8203,270,279,-2,E1959
D0170,B1795,286,294,-1,E1990
D0170,S218,298,302,3,E1974
D0170,S168,308,308,3,E1711
D0170,B3661,310,318,-1,E1981
D0170,B9208,320,336,-14,E1908
D0170,B8654,337,347,-3,E1818
D0170,B0505,348,357,-2,E1984
D0170,B1402,361,371,-3,E1974
D0170,B1402,371,381,-3,E1711
D0170,B8881,397,417,-24,F4093
D0170,A015,429,429,43,F0904
D0170,A015,429,429,89,F0893
D0170,B4852,435,460,-43,F0904
D0170,S551,499,503,2,E3876
D0170,B2468,542,575,-89,F0893
D0170,A107,585,585,93,F7965
D0170,A107,585,585,44,F7985
D0170,B2270,592,601,-2,E3876
D0170,B2270,601,635,-93,F7965
D0170,B5625,637,662,-44,F7985
D0170,A107,667,667,49,F7955
D0170,A107,667,667,71,F7963
D0170,B1982,671,701,-71,F7963
D0170,B0586,702,728,-49,F7955
D0171,A047,0,0,41,F4119
D0171,A047,0,0,29,F4121
D0171,A047,0,0,43,F4107
D0171,B8750,4,25,-29,F4121
D0171,B7484,27,51,-41,F4119
D0171,B4197,53,78,-43,F4107
D0171,A047,81,81,38,F4100
D0171,A047,81,81,14,F4112
D0171,A047,81,81,36,F4108
D0171,A047,81,81,48,F4111
D0171,B1762,86,109,-38,F4100
D0171,B5353,111,127,-14,F4112
D0171,B4845,131,154,-36,F4108
D0171,B5185,156,182,-48,F4111
D0171,A085,195,195,38,F6507
D0171,B3626,201,224,-38,F6507
D0171,S121,225,228,3,E1515
D0171,S121,228,232,2,E1516
D0171,B7763,239,248,-2,E1516
D0171,S272,259,261,3,E2340
D0171,S294,266,278,2,E2425
D0171,S272,283,297,2,E2338
D0171,S271,301,305,2,E2333
D0171,B4779,316,326,-3,E1515
D0171,B6390,340,350,-3,E2340
D0171,B1688,351,360,-2,E2338
D0171,B6485,367,376,-2,E2425
D0171,A098,388,388,78,F7320
D0171,B0291,390,399,-2,E2333
D0171,B8278,406,437,-78,F7320
D0171,A041,446,446,78,F3770
D0171,B3750,452,483,-78,F3770
D0171,A065,490,490,42,F5187
D0171,A065,490,490,28,F5143
D0171,A065,490,490,39,F5153
D0171,A065,490,490,29,F5170
D0171,B1996,495,519,-39,F5153
D0171,B5592,521,545,-42,F5187
D0171,B0979,548,569,-28,F5143
D0171,S574,595,609,2,E4029
D0171,B3759,636,657,-29,F5170
D0171,A115,682,682,88,F8532
D0171,B0291,685,694,-2,E4029
D0171,B1267,695,728,-88,F8532
D0172,A048,0,0,33,F4146
D0172,B5328,2,24,-33,F4146
D0172,A069,35,35,69,F5639
D0172,A069,35,35,55,F5575
D0172,B0190,41,68,-55,F5575
D0172,B7403,69,99,-69,F5639
D0172,A081,111,111,96,F6292
D0172,B6127,115,149,-96,F6292
D0172,A121,153,153,97,F9015
D0172,B3194,155,190,-97,F9015
D0172,A121,192,192,99,F9031
D0172,B5480,195,230,-99,F9031
D0172,S337,231,234,1,E2666
D0172,B1516,237,245,-1,E2666
D0172,S367,255,255,1,E2815
D0172,S367,255,261,1,E2819
D0172,S367,261,292,1,E2816
D0172,S316,303,304,1,E2503
D0172,B6815,306,314,-1,E2503
D0172,B0423,320,328,-1,E2815
D0172,B5252,336,344,-1,E2816
D0172,B8647,349,357,-1,E2819
D0172,A041,364,364,61,F3786
D0172,A041,364,364,54,F3778
D0172,B6926,367,395,-61,F3786
D0172,B5648,396,423,-54,F3778
D0172,A041,427,427,45,F3788
D0172,A041,427,427,61,F3748
D0172,A041,427,427,31,F3783
D0172,B7476,430,455,-45,F3788
D0172,B0370,463,491,-61,F3748
D0172,B6714,492,514,-31,F3783
D0172,S476,518,519,2,E3403
D0172,A025,543,543,61,F2108
D0172,A025,543,543,33,F2027
D0172,A025,543,543,44,F2143
D0172,B0200,608,617,-2,E3403
D0172,B2561,666,688,-33,F2027
D0172,B9120,689,714,-44,F2143
D0172,B7037,717,745,-61,F2108
D0173,A049,0,0,39,F4172
D0173,A049,0,0,46,F4202
D0173,A049,0,0,25,F4216
D0173,A049,0,0,25,F4201
D0173,B4565,3,28,-46,F4202
D0173,B0681,30,54,-39,F4172
D0173,B7449,57,77,-25,F4216
D0173,B4563,80,100,-25,F4201
D0173,A076,116,116,77,F6002
D0173,B2611,118,149,-77,F6002
D0173,A076,151,151,32,F6037
D0173,A076,151,151,41,F6027
D0173,A076,151,151,34,F5990
D0173,A076,151,151,33,F6012
D0173,B8402,153,175,-32,F6037
D0173,B0715,181,203,-34,F5990
D0173,B6308,204,228,-41,F6027
D0173,S473,236,250,1,E3393
D0173,S473,250,254,1,E3390
D0173,S479,259,274,1,E3429
D0173,S419,283,294,7,E3065
D0173,A093,297,297,58,F6949
D0173,B1866,309,317,-1,E3429
D0173,B1866,317,325,-1,E3390
D0173,B6147,328,336,-1,E3393
D0173,B5965,338,351,-7,E3065
D0173,B4749,354,376,-33,F6012
D0173,B1185,382,410,-58,F6949
D0173,A042,421,421,17,F3821
D0173,B2744,433,450,-17,F3821
D0173,A034,463,463,9,F3077
D0173,A034,463,463,14,F3086
D0173,A034,463,463,32,F3067
D0173,A034,463,463,33,F3055
D0173,A034,463,463,2,F3085
D0173,A034,463,463,41,F3027
D0173,B5822,468,482,-9,F3077
D0173,B0285,485,509,-41,F3027
D0173,B6292,512,528,-14,F3086
D0173,B6291,532,541,-2,F3085
D0173,S600,550,556,2,E4220
D0173,B4647,568,590,-32,F3067
D0173,B3695,596,618,-33,F3055
D0173,B2706,638,647,-2,E4220
D0173,A111,648,648,21,F8310
D0173,A111,648,648,53,F8335
D0173,A111,648,648,32,F8290
D0173,B1746,652,674,-32,F8290
D0173,B7883,675,702,-53,F8335
D0173,B4035,704,723,-21,F8310
D0174,A014,0,0,70,F0878
D0174,A014,0,0,62,F0879
D0174,B8099,6,36,-70,F0878
D0174,B8740,37,66,-62,F0879
D0174,A024,74,74,63,F1903
D0174,A024,74,74,60,F1918
D0174,B1297,80,109,-63,F1903
D0174,B2754,110,138,-60,F1918
D0174,A024,143,143,65,F1985
D0174,A024,143,143,46,F1974
D0174,B8974,148,177,-65,F1985
D0174,B8025,178,203,-46,F1974
D0174,A024,207,207,79,F1894
D0174,A024,207,207,26,F1964
D0174,A024,207,207,22,F1969
D0174,S174,213,226,10,E1729
D0174,B1297,228,242,-10,E1729
D0174,S170,250,274,10,E1718
D0174,S158,277,295,2,E1662
D0174,B5645,298,307,-2,E1662
D0174,B3104,310,324,-10,E1718
D0174,B7566,327,346,-22,F1969
D0174,B7214,350,370,-26,F1964
D0174,B0299,374,406,-79,F1894
D0174,S227,411,443,3,E2039
D0174,A114,480,480,25,F8503
D0174,A114,480,480,21,F8466
D0174,A114,480,480,36,F8463
D0174,A114,480,480,11,F8521
D0174,A114,480,480,27,F8499
D0174,B8990,560,570,-3,E2039
D0174,B1693,631,650,-21,F8466
D0174,B6745,652,672,-25,F8503
D0174,B8372,675,690,-11,F8521
D0174,B1440,692,715,-36,F8463
D0174,B6247,718,739,-27,F8499
D0175,A051,0,0,8,F4257
D0175,B4552,2,15,-8,F4257
D0175,A051,17,17,10,F4247
D0175,B0477,20,34,-10,F4247
D0175,A008,40,40,14,F0428
D0175,A008,40,40,13,F0412
D0175,A008,40,40,9,F0452
D0175,A008,40,40,26,F0431
D0175,A008,40,40,7,F0456
D0175,A008,40,40,28,F0420
D0175,A008,40,40,41,F0492
D0175,B3717,58,72,-9,F0452
D0175,B1973,76,92,-14,F0428
D0175,B7226,94,118,-41,F0492
D0175,B0768,120,136,-13,F0412
D0175,B1539,139,160,-28,F0420
D0175,B2345,162,182,-26,F0431
D0175,B3891,185,198,-7,F0456
D0175,S611,224,225,1,E4339
D0175,B7238,230,238,-1,E4339
D0175,S612,240,246,1,E4343
D0175,S612,246,255,2,E4357
D0175,S612,255,259,4,E4340
D0175,S609,264,270,5,E4324
D0175,B8964,271,280,-2,E4357
D0175,S612,285,285,5,E4359
D0175,S612,285,286,2,E4360
D0175,B0007,286,298,-5,E4324
D0175,S609,303,310,5,E4321
D0175,B8964,311,320,-2,E4360
D0175,B8964,320,332,-5,E4359
D0175,B2475,335,343,-1,E4343
D0175,B1081,349,360,-4,E4340
D0175,B3923,368,380,-5,E4321
D0175,A099,388,388,31,F7330
D0175,B0007,399,421,-31,F7330
D0175,S630,424,429,1,E4611
D0175,A018,448,448,71,F1132
D0175,A018,448,448,66,F1153
D0175,B2794,451,459,-1,E4611
D0175,B3158,470,499,-66,F1153
D0175,B1524,500,530,-71,F1132
D0175,S613,540,556,2,E4370
D0175,S612,558,580,1,E4346
D0175,S631,584,597,8,E4642
D0175,S627,597,599,1,E4543
D0175,S631,599,620,7,E4647
D0175,B3923,623,636,-7,E4647
D0175,B0356,644,653,-2,E4370
D0175,B3158,658,666,-1,E4346
D0175,A018,674,674,14,F1145
D0175,B2794,677,685,-1,E4543
D0175,B2794,685,698,-8,E4642
D0175,B2562,703,719,-14,F1145
D0176,A052,0,0,76,F4301
D0176,B5649,2,33,-76,F4301
D0176,A052,35,35,91,F4284
D0176,B3526,37,71,-91,F4284
D0176,A052,73,73,35,F4282
D0176,A052,73,73,88,F4272
D0176,B2781,79,102,-35,F4282
D0176,B1076,106,139,-88,F4272
D0176,A063,149,149,46,F5101
D0176,A063,149,149,93,F5066
D0176,B6590,153,178,-46,F5101
D0176,B1502,179,213,-93,F5066
D0176,A063,216,216,94,F5065
D0176,S198,221,237,2,E1805
D0176,S175,242,251,2,E1750
D0176,S198,256,261,2,E1816
D0176,S168,265,267,4,E1713
D0176,B5217,274,283,-2,E1750
D0176,B0169,288,297,-2,E1805
D0176,B7609,300,309,-2,E1816
D0176,B1408,311,345,-94,F5065
D0176,B1876,347,358,-4,E1713
D0176,A063,365,365,62,F5068
D0176,A063,365,365,69,F5089
D0176,B1660,367,396,-62,F5068
D0176,B4849,398,428,-69,F5089
D0176,A046,433,433,81,F4070
D0176,A046,433,433,49,F4049
D0176,B5954,437,469,-81,F4070
D0176,B2741,470,496,-49,F4049
D0176,S303,503,518,1,E2459
D0176,B6754,654,662,-1,E2459
D0176,A021,718,718,55,F1670
D0176,B8054,720,747,-55,F1670
D0177,A053,0,0,26,F4400
D0177,A053,0,0,31,F4381
D0177,A053,0,0,30,F4369
D0177,A053,0,0,31,F4372
D0177,A053,0,0,15,F4383
D0177,B4423,3,24,-30,F4369
D0177,B8204,26,46,-26,F4400
D0177,B4773,48,70,-31,F4372
D0177,B6277,73,90,-15,F4383
D0177,B6047,97,119,-31,F4381
D0177,A083,152,152,47,F6455
D0177,A083,152,152,69,F6404
D0177,B2612,158,188,-69,F6404
D0177,B8958,189,215,-47,F6455
D0177,S281,215,234,3,E2363
D0177,B9191,240,250,-3,E2363
D0177,S285,260,272,1,E2384
D0177,B0993,283,291,-1,E2384
D0177,S125,327,337,2,E1526
D0177,B3647,344,353,-2,E1526
D0177,A016,366,366,43,F0934
D0177,A016,366,366,41,F0997
D0177,A016,366,366,37,F1004
D0177,B0223,370,395,-43,F0934
D0177,B6858,396,420,-41,F0997
D0177,B7956,421,444,-37,F1004
D0177,A016,446,446,78,F0988
D0177,A016,446,446,45,F1017
D0177,B9014,449,474,-45,F1017
D0177,B5892,478,509,-78,F0988
D0177,A054,525,525,66,F4447
D0177,A054,525,525,54,F4454
D0177,B6470,529,556,-54,F4454
D0177,B5913,557,586,-66,F4447
D0177,A084,596,596,38,F6466
D0177,A084,596,596,58,F6477
D0177,B7480,598,626,-58,F6477
D0177,B2141,627,650,-38,F6466
D0177,A002,653,653,33,F0055
D0177,A002,653,653,62,F0026
D0177,A002,653,653,39,F0049
D0177,B2195,658,687,-62,F0026
D0177,B6275,688,710,-33,F0055
D0177,B5820,712,736,-39,F0049
D0178,A054,0,0,35,F4426
D0178,B3137,3,26,-35,F4426
D0178,A054,29,29,41,F4470
D0178,A054,29,29,42,F4409
D0178,A054,29,29,50,F4420
D0178,B0520,33,57,-42,F4409
D0178,B8806,59,83,-41,F4470
D0178,B2425,85,111,-50,F4420
D0178,A054,114,114,50,F4442
D0178,A054,114,114,48,F4412
D0178,A054,114,114,39,F4458
D0178,B4669,119,145,-50,F4442
D0178,B0754,146,172,-48,F4412
D0178,B7151,173,197,-39,F4458
D0178,S397,204,225,2,E2941
D0178,B1179,233,242,-2,E2941
D0178,A111,266,266,22,F8337
D0178,S541,272,281,2,E3848
D0178,B1203,283,292,-2,E3848
D0178,B8036,294,313,-22,F8337
D0178,S574,333,335,3,E4046
D0178,A033,347,347,94,F2947
D0178,B6456,348,358,-3,E4046
D0178,B0390,366,400,-94,F2947
D0178,A007,422,422,47,F0387
D0178,A007,422,422,69,F0379
D0178,A007,422,422,6,F0378
D0178,B6884,434,464,-69,F0379
D0178,B7848,465,491,-47,F0387
D0178,S607,494,511,1,E4311
D0178,B6870,524,536,-6,F0378
D0178,A080,594,594,80,F6248
D0178,A080,594,594,50,F6244
D0178,B4324,601,609,-1,E4311
D0178,B3530,611,637,-50,F6244
D0178,B4635,639,671,-80,F6248
D0178,A080,675,675,43,F6258
D0178,A080,675,675,83,F6235
D0178,B0646,677,709,-83,F6235
D0178,B8286,711,736,-43,F6258
D0179,A055,0,0,17,F4521
D0179,A055,0,0,32,F4509
D0179,A055,0,0,22,F4495
D0179,A055,0,0,18,F4515
D0179,A055,0,0,10,F4502
D0179,A055,0,0,40,F4478
D0179,B6961,4,21,-17,F4521
D0179,B0917,22,46,-40,F4478
D0179,B2960,48,67,-22,F4495
D0179,B5487,72,90,-18,F4515
D0179,B4058,92,106,-10,F4502
D0179,B4747,110,132,-32,F4509
D0179,A009,154,154,5,F0597
D0179,A009,154,154,91,F0527
D0179,A009,154,154,11,F0523
D0179,A009,154,154,8,F0611
D0179,A009,154,154,5,F0556
D0179,A009,154,154,8,F0570
D0179,A009,154,154,4,F0564
D0179,A009,154,154,6,F0573
D0179,B1033,161,195,-91,F0527
D0179,S004,215,217,1,E0068
D0179,S045,223,228,3,E0887
D0179,B2860,233,243,-3,E0887
D0179,B0434,248,256,-1,E0068
D0179,S064,257,266,1,E1158
D0179,B2875,269,277,-1,E1158
D0179,S085,286,288,2,E1372
D0179,B1033,288,297,-2,E1372
D0179,S064,308,315,2,E1153
D0179,B2860,319,328,-2,E1153
D0179,A116,349,349,79,F8678
D0179,B7039,353,385,-79,F8678
D0179,A116,389,389,32,F8653
D0179,A116,389,389,44,F8578
D0179,B5637,394,416,-32,F8653
D0179,B1205,417,442,-44,F8578
D0179,A116,446,446,71,F8692
D0179,B7801,449,479,-71,F8692
D0179,A116,482,482,10,F8699
D0179,A116,482,482,28,F8672
D0179,A116,482,482,47,F8587
D0179,B6694,493,514,-28,F8672
D0179,B1787,516,542,-47,F8587
D0179,S001,549,560,1,E0019
D0179,B8851,569,577,-1,E0019
D0179,B5010,585,598,-8,F0570
D0179,B4455,606,617,-4,F0564
D0179,B8264,619,633,-10,F8699
D0179,B3531,640,652,-5,F0556
D0179,B8923,657,670,-8,F0611
D0179,B0489,671,686,-11,F0523
D0179,B5299,688,700,-6,F0573
D0179,B7338,715,727,-5,F0597
D0180,A056,0,0,66,F4587
D0180,A056,0,0,52,F4546
D0180,B8685,4,33,-66,F4587
D0180,B0523,34,61,-52,F4546
D0180,A065,71,71,64,F5215
D0180,A065,71,71,55,F5154
D0180,B7144,75,104,-64,F5215
D0180,B2323,105,132,-55,F5154
D0180,A065,137,137,94,F5142
D0180,A065,137,137,41,F5184
D0180,B5154,144,168,-41,F5184
D0180,B0930,169,203,-94,F5142
D0180,S464,203,212,2,E3362
D0180,S454,213,218,1,E3291
D0180,S478,221,226,1,E3424
D0180,B2393,227,235,-1,E3424
D0180,S510,242,243,14,E3605
D0180,B8032,246,254,-1,E3291
D0180,S510,257,267,6,E3606
D0180,S522,271,272,3,E3759
D0180,B5698,274,286,-6,E3606
D0180,B4453,289,298,-2,E3362
D0180,B7735,301,311,-3,E3759
D0180,B1125,322,338,-14,E3605
D0180,A088,346,346,65,F6686
D0180,B0533,349,378,-65,F6686
D0180,A089,388,388,63,F6789
D0180,A089,388,388,56,F6743
D0180,B3287,396,423,-56,F6743
D0180,B9033,425,454,-63,F6789
D0180,S605,476,496,9,E4295
D0180,A080,567,567,52,F6243
D0180,A080,567,567,68,F6251
D0180,B4324,574,588,-9,E4295
D0180,B3519,591,618,-52,F6243
D0180,B6013,619,649,-68,F6251
D0180,A080,653,653,66,F6245
D0180,A080,653,653,69,F6249
D0180,B5308,655,685,-69,F6249
D0180,B3877,688,717,-66,F6245
D0181,A057,0,0,60,F4598
D0181,B1506,4,32,-60,F4598
D0181,A057,36,36,83,F4606
D0181,B3862,39,71,-83,F4606
D0181,A057,74,74,56,F4621
D0181,A057,74,74,68,F4601
D0181,B7186,76,103,-56,F4621
D0181,A057,105,105,60,F4595
D0181,B1195,109,137,-60,F4595
D0181,B2266,140,170,-68,F4601
D0181,A057,173,173,87,F4615
D0181,A104,178,178,37,F7780
D0181,B5284,187,220,-87,F4615
D0181,S415,225,227,1,E3021
D0181,S428,229,233,1,E3138
D0181,S446,235,242,2,E3258
D0181,S421,246,258,1,E3081
D0181,B1456,276,284,-1,E3081
D0181,B1456,284,292,-1,E3021
D0181,B1456,292,300,-1,E3138
D0181,B0173,326,335,-2,E3258
D0181,B5264,339,362,-37,F7780
D0181,A104,367,367,36,F7792
D0181,S515,371,371,2,E3636
D0181,B8481,377,400,-36,F7792
D0181,A074,427,427,61,F5913
D0181,A098,439,439,68,F7306
D0181,B6179,447,456,-2,E3636
D0181,B5150,460,490,-68,F7306
D0181,A064,503,503,79,F5125
D0181,B3612,505,537,-79,F5125
D0181,A074,539,539,63,F5918
D0181,B3069,544,573,-63,F5918
D0181,B0493,575,603,-61,F5913
D0181,A104,622,622,62,F7769
D0181,A104,622,622,62,F7778
D0181,B1633,625,654,-62,F7769
D0181,B4425,656,685,-62,F7778
D0181,A104,689,689,39,F7790
D0181,A104,689,689,96,F7788
D0181,B8101,692,716,-39,F7790
D0181,B7577,718,752,-96,F7788
D0182,A058,0,0,55,F4684
D0182,B7923,3,30,-55,F4684
D0182,A096,33,33,61,F7176
D0182,A096,33,33,33,F7194
D0182,A096,33,33,46,F7191
D0182,B0222,36,64,-61,F7176
D0182,B7468,65,87,-33,F7194
D0182,B6662,89,114,-46,F7191
D0182,A094,118,118,63,F7027
D0182,A094,118,118,35,F7026
D0182,B5027,123,152,-63,F7027
D0182,B4827,155,178,-35,F7026
D0182,S174,195,210,14,E1736
D0182,S293,221,221,10,E2412
D0182,B5810,223,237,-10,E2412
D0182,S241,241,244,4,E2088
D0182,S174,250,273,9,E1733
D0182,B3925,278,294,-14,E1736
D0182,A063,298,298,71,F5103
D0182,A063,298,298,52,F5105
D0182,B0745,303,314,-4,E2088
D0182,S236,319,324,1,E2057
D0182,B1408,332,340,-1,E2057
D0182,B2339,346,360,-9,E1733
D0182,B6833,361,391,-71,F5103
D0182,B7055,393,420,-52,F5105
D0182,A063,425,425,57,F5092
D0182,B5217,428,456,-57,F5092
D0182,A063,459,459,63,F5074
D0182,A063,459,459,71,F5097
D0182,B2654,462,491,-63,F5074
D0182,B5759,493,523,-71,F5097
D0182,A024,529,529,54,F1922
D0182,A024,529,529,80,F1897
D0182,B0647,536,568,-80,F1897
D0182,B3081,571,598,-54,F1922
D0182,S259,602,619,2,E2151
D0182,B3960,756,765,-2,E2151
D0183,A059,0,0,51,F4733
D0183,A059,0,0,46,F4698
D0183,B7152,2,28,-51,F4733
D0183,B1022,29,54,-46,F4698
D0183,A059,55,55,61,F4726
D0183,A059,55,55,54,F4715
D0183,B4278,56,83,-54,F4715
D0183,A059,84,84,62,F4717
D0183,B4611,86,115,-62,F4717
D0183,B6017,118,146,-61,F4726
D0183,A052,154,154,57,F4305
D0183,A052,154,154,76,F4280
D0183,B6065,157,185,-57,F4305
D0183,B2618,191,222,-76,F4280
D0183,S224,230,234,1,E2017
D0183,S319,243,247,1,E2515
D0183,B4364,252,260,-1,E2017
D0183,S319,265,301,1,E2517
D0183,B0442,304,312,-1,E2515
D0183,B0442,312,320,-1,E2517
D0183,A124,334,334,21,F9191
D0183,A124,334,334,45,F9177
D0183,B2763,341,360,-21,F9191
D0183,B0177,364,389,-45,F9177
D0183,S445,398,403,2,E3256
D0183,A122,455,455,66,F9078
D0183,A122,455,455,48,F9082
D0183,B9071,460,486,-48,F9082
D0183,B0994,490,499,-2,E3256
D0183,B8098,502,531,-66,F9078
D0183,S395,535,537,12,E2932
D0183,B3644,693,708,-12,E2932
D0184,A060,0,0,41,F4815
D0184,A060,0,0,42,F4834
D0184,A060,0,0,46,F4750
D0184,B7432,9,33,-41,F4815
D0184,B8780,35,59,-42,F4834
D0184,B0619,60,85,-46,F4750
D0184,A112,99,99,13,F8385
D0184,A112,99,99,42,F8409
D0184,B5161,103,119,-13,F8385
D0184,B8104,122,146,-42,F8409
D0184,A112,148,148,46,F8403
D0184,A112,148,148,62,F8347
D0184,B0461,151,180,-62,F8347
D0184,B7279,183,208,-46,F8403
D0184,A116,214,214,25,F8664
D0184,A116,214,214,77,F8695
D0184,A116,214,214,37,F8599
D0184,B6296,221,241,-25,F8664
D0184,S008,254,255,2,E0082
D0184,S003,258,274,3,E0047
D0184,S011,277,298,1,E0113
D0184,S033,302,307,1,E0687
D0184,S001,312,312,2,E0018
D0184,B6350,322,331,-2,E0018
D0184,B0434,332,342,-3,E0047
D0184,B0434,342,351,-2,E0082
D0184,B6449,360,368,-1,E0113
D0184,B3481,385,393,-1,E0687
D0184,B7861,394,425,-77,F8695
D0184,S045,430,475,2,E0884
D0184,A009,496,496,3,F0534
D0184,A009,496,496,38,F0586
D0184,B1461,506,516,-3,F0534
D0184,B6602,521,544,-38,F0586
D0184,B1760,555,564,-2,E0884
D0184,B2899,598,621,-37,F8599
D0184,S039,625,628,1,E0757
D0184,B3009,730,738,-1,E0757
D0185,A032,89,89,21,F2882
D0185,A032,89,89,10,F2903
D0185,A032,89,89,3,F2873
D0185,B1610,90,109,-21,F2882
D0185,B4034,115,129,-10,F2903
D0185,B0245,135,145,-3,F2873
D0185,A116,178,178,29,F8711
D0185,A116,178,178,51,F8609
D0185,A116,178,178,57,F8623
D0185,B4114,189,217,-57,F8623
D0185,B9182,222,243,-29,F8711
D0185,S026,247,255,2,E0568
D0185,B3341,255,281,-51,F8609
D0185,S021,281,281,1,E0399
D0185,S003,285,310,5,E0025
D0185,B1235,319,328,-2,E0568
D0185,B1101,340,348,-1,E0399
D0185,B1101,348,360,-5,E0025
D0185,A108,374,374,12,F8082
D0185,B6768,378,393,-12,F8082
D0185,A108,397,397,30,F8037
D0185,A108,397,397,14,F8028
D0185,A108,397,397,92,F8033
D0185,B1670,402,436,-92,F8033
D0185,B1334,438,454,-14,F8028
D0185,B2101,462,483,-30,F8037
D0185,S016,494,509,1,E0209
D0185,A085,603,603,69,F6499
D0185,A085,603,603,59,F6535
D0185,B3009,612,620,-1,E0209
D0185,B8321,623,651,-59,F6535
D0185,B2721,652,682,-69,F6499
D0185,A085,689,689,91,F6486
D0185,B0553,692,726,-91,F6486
D0186,A062,0,0,9,F5045
D0186,A062,0,0,14,F5009
D0186,A062,0,0,72,F5011
D0186,A062,0,0,18,F5053
D0186,A062,0,0,12,F5012
D0186,B3494,5,20,-12,F5012
D0186,B8545,22,40,-18,F5053
D0186,B7958,42,56,-9,F5045
D0186,B3216,58,74,-14,F5009
D0186,B3392,77,107,-72,F5011
D0186,A016,119,119,57,F0976
D0186,B4925,124,152,-57,F0976
D0186,A054,169,169,42,F4422
D0186,A054,169,169,67,F4469
D0186,B8651,174,204,-67,F4469
D0186,B2713,205,229,-42,F4422
D0186,A093,236,236,62,F6990
D0186,A093,236,236,71,F6962
D0186,S443,240,240,1,E3235
D0186,S443,240,243,1,E3236
D0186,S428,245,261,2,E3179
D0186,B3160,265,295,-71,F6962
D0186,A093,301,301,42,F6940
D0186,B6445,307,315,-1,E3236
D0186,B6445,315,323,-1,E3235
D0186,B5965,340,349,-2,E3179
D0186,B7881,360,389,-62,F6990
D0186,B0092,391,415,-42,F6940
D0186,A104,428,428,92,F7785
D0186,B6527,431,465,-92,F7785
D0186,A104,468,468,76,F7781
D0186,B5517,474,505,-76,F7781
D0186,A011,513,513,30,F0657
D0186,B2749,518,539,-30,F0657
D0186,S521,546,549,1,E3717
D0186,B3818,680,688,-1,E3717
D0187,A063,0,0,86,F5084
D0187,B3925,4,37,-86,F5084
D0187,A063,41,41,62,F5090
D0187,A063,41,41,72,F5080
D0187,B3661,45,75,-72,F5080
D0187,A063,79,79,50,F5070
D0187,B1869,87,113,-50,F5070
D0187,B4897,115,144,-62,F5090
D0187,A024,152,152,66,F1962
D0187,A024,152,152,72,F1935
D0187,B4008,157,187,-72,F1935
D0187,B6997,189,218,-66,F1962
D0187,S252,221,242,1,E2131
D0187,S296,260,261,1,E2438
D0187,S296,261,264,1,E2440
D0187,B6815,267,275,-1,E2440
D0187,S295,277,292,1,E2433
D0187,B7650,295,303,-1,E2433
D0187,B5258,308,316,-1,E2438
D0187,B0291,326,334,-1,E2131
D0187,S332,343,351,3,E2582
D0187,A033,403,403,7,F3009
D0187,A033,403,403,21,F3008
D0187,B4969,445,455,-3,E2582
D0187,B7415,490,509,-21,F3008
D0187,B7462,514,527,-7,F3009
D0187,A123,554,554,37,F9156
D0187,A123,554,554,34,F9092
D0187,A123,554,554,46,F9161
D0187,B7755,557,580,-37,F9156
D0187,B1052,583,605,-34,F9092
D0187,B8029,607,632,-46,F9161
D0187,A123,633,633,16,F9167
D0187,A123,633,633,20,F9091
D0187,A123,633,633,38,F9117
D0187,A123,633,633,60,F9104
D0187,B3880,635,658,-38,F9117
D0187,B2256,659,687,-60,F9104
D0187,B0876,688,706,-20,F9091
D0187,B8435,707,724,-16,F9167
D0188,A064,0,0,61,F5127
D0188,A064,0,0,44,F5129
D0188,B5882,3,31,-61,F5127
D0188,B8638,32,57,-44,F5129
D0188,A064,59,59,42,F5124
D0188,B3300,61,85,-42,F5124
D0188,A115,88,88,47,F8557
D0188,A115,88,88,91,F8535
D0188,B8841,90,116,-47,F8557
D0188,B2702,118,152,-91,F8535
D0188,A004,155,155,97,F0149
D0188,B5240,158,193,-97,F0149
D0188,S476,203,218,2,E3409
D0188,S471,222,235,2,E3383
D0188,S463,236,237,2,E3322
D0188,S455,238,256,2,E3293
D0188,S464,257,276,1,E3357
D0188,B4729,280,289,-2,E3383
D0188,B2248,292,301,-2,E3322
D0188,B6195,303,312,-2,E3409
D0188,B1315,321,329,-1,E3357
D0188,A092,332,332,80,F6910
D0188,A092,332,332,56,F6912
D0188,B2636,338,347,-2,E3293
D0188,S521,367,371,1,E3736
D0188,B6179,419,427,-1,E3736
D0188,B2636,463,490,-56,F6912
D0188,B2469,492,524,-80,F6910
D0188,A028,573,573,42,F2366
D0188,A028,573,573,33,F2322
D0188,A028,573,573,46,F2386
D0188,B4064,577,601,-42,F2366
D0188,B5673,604,629,-46,F2386
D0188,B0264,631,653,-33,F2322
D0188,A123,658,658,28,F9127
D0188,A123,658,658,68,F9115
D0188,A123,658,658,43,F9093
D0188,B3799,661,691,-68,F9115
D0188,B1162,692,717,-43,F9093
D0188,B4581,719,740,-28,F9127
D0189,A065,0,0,83,F5161
D0189,B2965,4,36,-83,F5161
D0189,A065,40,40,60,F5225
D0189,A065,40,40,69,F5134
D0189,B8097,44,72,-60,F5225
D0189,B0324,74,104,-69,F5134
D0189,A065,108,108,83,F5186
D0189,A065,108,108,49,F5216
D0189,B7391,113,139,-49,F5216
D0189,B5489,141,173,-83,F5186
D0189,A065,178,178,44,F5229
D0189,A065,178,178,90,F5230
D0189,B8614,183,208,-44,F5229
D0189,S489,210,233,3,E3486
D0189,B8697,233,266,-90,F5230
D0189,S484,277,286,5,E3464
D0189,S484,286,289,3,E3469
D0189,B4847,291,301,-3,E3469
D0189,B1186,307,317,-3,E3486
D0189,A088,330,330,35,F6696
D0189,A088,330,330,76,F6702
D0189,B6113,334,365,-76,F6702
D0189,B1222,366,378,-5,E3464
D0189,B3710,383,406,-35,F6696
D0189,S448,422,438,2,E3271
D0189,B6083,555,564,-2,E3271
D0189,A026,636,636,21,F2197
D0189,A026,636,636,32,F2148
D0189,A026,636,636,15,F2176
D0189,A026,636,636,31,F2206
D0189,B3536,639,656,-15,F2176
D0189,B6465,658,680,-31,F2206
D0189,B0306,682,704,-32,F2148
D0189,B5324,706,725,-21,F2197
D0190,A012,25,25,7,F0739
D0190,A012,25,25,7,F0760
D0190,B3946,35,48,-7,F0739
D0190,B5251,52,65,-7,F0760
D0190,A029,101,101,47,F2484
D0190,B6775,105,131,-47,F2484
D0190,A027,142,142,41,F2302
D0190,A027,142,142,75,F2288
D0190,B7639,148,172,-41,F2302
D0190,B6132,176,207,-75,F2288
D0190,A045,226,226,36,F4027
D0190,A045,226,226,35,F4002
D0190,S234,232,238,1,E2050
D0190,S152,248,264,15,E1632
D0190,B9007,268,291,-36,F4027
D0190,B4246,295,318,-35,F4002
D0190,S166,320,321,1,E1709
D0190,B1795,324,332,-1,E2050
D0190,B4952,346,363,-15,E1632
D0190,B6710,371,379,-1,E1709
D0190,A024,399,399,56,F1982
D0190,B8822,409,436,-56,F1982
D0190,S226,442,446,10,E2027
D0190,B2232,584,598,-10,E2027
D0191,A069,84,84,82,F5634
D0191,A069,84,84,24,F5607
D0191,B6781,90,122,-82,F5634
D0191,B4544,123,143,-24,F5607
D0191,A081,156,156,82,F6300
D0191,B7642,160,192,-82,F6300
D0191,A121,197,197,70,F9024
D0191,A121,197,197,65,F9055
D0191,B9049,199,228,-65,F9055
D0191,A121,230,230,65,F9027
D0191,S337,233,236,1,E2667
D0191,S337,236,253,1,E2665
D0191,B1510,259,267,-1,E2665
D0191,S337,273,297,1,E2668
D0191,B5178,301,309,-1,E2668
D0191,B1957,310,318,-1,E2667
D0191,S337,323,338,3,E2664
D0191,B1452,342,352,-3,E2664
D0191,B4636,357,387,-70,F9024
D0191,B5184,388,417,-65,F9027
D0191,A003,423,423,54,F0102
D0191,A003,423,423,82,F0084
D0191,B1374,427,459,-82,F0084
D0191,B3980,460,487,-54,F0102
D0191,A046,493,493,53,F4087
D0191,B7990,498,525,-53,F4087
D0191,A024,531,531,65,F1944
D0191,A024,531,531,64,F1904
D0191,B5058,537,566,-65,F1944
D0191,B1389,568,597,-64,F1904
D0191,S262,601,614,1,E2224
D0191,B2232,756,764,-1,E2224
D0192,A068,0,0,27,F5513
D0192,A068,0,0,27,F5530
D0192,A068,0,0,19,F5570
D0192,A068,0,0,36,F5525
D0192,B0726,2,23,-27,F5513
D0192,B3059,25,46,-27,F5530
D0192,B8910,48,66,-19,F5570
D0192,B2470,68,91,-36,F5525
D0192,A049,100,100,34,F4176
D0192,A049,100,100,59,F4210
D0192,A049,100,100,15,F4213
D0192,A049,100,100,11,F4219
D0192,B8033,101,116,-11,F4219
D0192,B6426,122,150,-59,F4210
D0192,B0793,151,173,-34,F4176
D0192,B6539,176,193,-15,F4213
D0192,S334,205,211,2,E2589
D0192,B2074,248,257,-2,E2589
D0192,S244,268,282,1,E2098
D0192,B3672,290,298,-1,E2098
D0192,A045,301,301,71,F4022
D0192,A045,301,301,59,F3993
D0192,S165,306,319,2,E1689
D0192,B3016,321,349,-59,F3993
D0192,S172,350,353,1,E1722
D0192,B8296,356,386,-71,F4022
D0192,B3432,392,401,-2,E1689
D0192,A069,405,405,87,F5594
D0192,B0403,419,427,-1,E1722
D0192,B2782,441,474,-87,F5594
D0192,S103,475,482,2,E1451
D0192,B8930,645,654,-2,E1451
D0193,A069,0,0,27,F5649
D0193,A069,0,0,95,F5577
D0193,B0747,3,37,-95,F5577
D0193,B8885,39,60,-27,F5649
D0193,A045,73,73,61,F3987
D0193,A045,73,73,76,F4011
D0193,B1794,78,106,-61,F3987
D0193,B6675,109,140,-76,F4011
D0193,A003,147,147,64,F0085
D0193,B1554,150,179,-64,F0085
D0193,A003,182,182,98,F0114
D0193,B6170,185,220,-98,F0114
D0193,S295,222,238,2,E2432
D0193,A003,241,241,87,F0128
D0193,B8591,243,276,-87,F0128
D0193,B5912,281,290,-2,E2432
D0193,A045,292,292,52,F3980
D0193,A045,292,292,83,F4000
D0193,S119,305,323,1,E1509
D0193,B7866,327,335,-1,E1509
D0193,B0663,339,366,-52,F3980
D0193,B3795,377,409,-83,F4000
D0193,A046,418,418,75,F4058
D0193,B4101,421,452,-75,F4058
D0193,A046,455,455,71,F4050
D0193,A046,455,455,53,F4040
D0193,B2962,459,489,-71,F4050
D0193,B1221,491,518,-53,F4040
D0193,A024,524,524,50,F1939
D0193,A024,524,524,73,F1955
D0193,B4364,531,557,-50,F1939
D0193,B6216,562,593,-73,F1955
D0193,S286,594,608,15,E2386
D0193,B2232,751,768,-15,E2386
D0194,A016,46,46,77,F0939
D0194,B0870,50,81,-77,F0939
D0194,A036,86,86,44,F3286
D0194,A036,86,86,42,F3283
D0194,A036,86,86,40,F3326
D0194,B1500,89,113,-42,F3283
D0194,B8162,115,139,-40,F3326
D0194,B2502,140,165,-44,F3286
D0194,A084,185,185,92,F6465
D0194,B2051,188,222,-92,F6465
D0194,S383,223,227,3,E2898
D0194,S373,233,238,1,E2831
D0194,S383,244,251,2,E2900
D0194,A073,253,253,82,F5894
D0194,B0399,256,288,-82,F5894
D0194,B3693,293,303,-3,E2898
D0194,S377,311,316,2,E2873
D0194,B7011,318,326,-1,E2831
D0194,B6006,331,340,-2,E2900
D0194,A084,343,343,57,F6480
D0194,A118,346,346,31,F8831
D0194,A118,346,346,48,F8844
D0194,B0260,352,374,-31,F8831
D0194,B5295,376,402,-48,F8844
D0194,B5820,406,415,-2,E2873
D0194,B9206,416,444,-57,F6480
D0194,A118,450,450,78,F8835
D0194,A118,450,450,51,F8851
D0194,B7604,457,483,-51,F8851
D0194,B2233,484,515,-78,F8835
D0194,S414,524,549,1,E3008
D0194,B3644,702,710,-1,E3008
D0195,A071,0,0,23,F5796
D0195,B6656,10,29,-23,F5796
D0195,A103,46,46,13,F7746
D0195,A103,46,46,1,F7741
D0195,A103,46,46,10,F7695
D0195,A103,46,46,15,F7759
D0195,B6763,52,60,-1,F7741
D0195,B7198,62,78,-13,F7746
D0195,B1562,80,94,-10,F7695
D0195,B8453,96,113,-15,F7759
D0195,A048,130,130,44,F4136
D0195,A048,130,130,47,F4158
D0195,A048,130,130,27,F4148
D0195,B2812,132,157,-44,F4136
D0195,B5666,158,179,-27,F4148
D0195,A048,181,181,74,F4145
D0195,B7612,185,211,-47,F4158
D0195,B4932,213,244,-74,F4145
D0195,S179,263,265,1,E1756
D0195,S122,275,284,2,E1517
D0195,B4202,296,304,-1,E1756
D0195,S201,314,329,1,E1830
D0195,B9160,338,347,-2,E1517
D0195,A121,350,350,93,F9047
D0195,B8070,353,387,-93,F9047
D0195,A098,393,393,76,F7284
D0195,B0291,395,403,-1,E1830
D0195,B1547,408,439,-76,F7284
D0195,A107,452,452,82,F7967
D0195,A107,452,452,55,F7952
D0195,B2370,456,488,-82,F7967
D0195,B0280,489,516,-55,F7952
D0195,S259,537,557,1,E2150
D0195,B2232,699,707,-1,E2150
D0196,A072,0,0,96,F5813
D0196,B0796,7,41,-96,F5813
D0196,A072,48,48,7,F5860
D0196,A072,48,48,68,F5827
D0196,A072,48,48,64,F5836
D0196,B5490,59,72,-7,F5860
D0196,B2244,78,108,-68,F5827
D0196,B3019,111,140,-64,F5836
D0196,A072,146,146,25,F5864
D0196,A072,146,146,79,F5873
D0196,A072,146,146,36,F5845
D0196,B5839,152,172,-25,F5864
D0196,B3770,178,201,-36,F5845
D0196,B6977,204,236,-79,F5873
D0196,S580,242,244,2,E4093
D0196,S573,245,246,2,E3994
D0196,S573,246,254,2,E4007
D0196,S573,254,262,2,E4008
D0196,B0390,269,278,-2,E3994
D0196,S575,285,289,2,E4052
D0196,B0581,296,305,-2,E4093
D0196,B5136,307,316,-2,E4052
D0196,B7596,321,330,-2,E4008
D0196,B7596,330,339,-2,E4007
D0196,A079,348,348,32,F6179
D0196,A079,348,348,37,F6230
D0196,A079,348,348,51,F6178
D0196,B2564,354,376,-32,F6179
D0196,B8912,378,401,-37,F6230
D0196,B2453,404,430,-51,F6178
D0196,A079,434,434,32,F6191
D0196,A079,434,434,18,F6213
D0196,A079,434,434,21,F6164
D0196,A079,434,434,15,F6220
D0196,A079,434,434,17,F6228
D0196,A079,434,434,31,F6193
D0196,B6584,440,458,-18,F6213
D0196,B3716,464,486,-32,F6191
D0196,B0650,491,510,-21,F6164
D0196,B7447,512,529,-15,F6220
D0196,B3727,533,555,-31,F6193
D0196,B8434,559,576,-17,F6228
D0196,S608,579,594,2,E4315
D0196,B0315,719,728,-2,E4315
D0197,A073,0,0,97,F5907
D0197,B6416,3,38,-97,F5907
D0197,A080,43,43,51,F6260
D0197,B8791,49,75,-51,F6260
D0197,A121,83,83,94,F9002
D0197,B1256,86,120,-94,F9002
D0197,A003,127,127,60,F0100
D0197,A003,127,127,76,F0104
D0197,B3714,131,159,-60,F0100
D0197,B4218,163,194,-76,F0104
D0197,S225,198,224,1,E2025
D0197,A046,226,226,64,F4032
D0197,A046,226,226,57,F4071
D0197,B6046,232,260,-57,F4071
D0197,B0377,262,291,-64,F4032
D0197,B2859,295,303,-1,E2025
D0197,A024,307,307,90,F1936
D0197,A024,307,307,47,F1954
D0197,B4181,314,347,-90,F1936
D0197,B6074,349,375,-47,F1954
D0197,A024,381,381,50,F1947
D0197,A024,381,381,57,F1978
D0197,B8490,386,414,-57,F1978
D0197,A024,419,419,36,F1953
D0197,A024,419,419,44,F1917
D0197,B2724,425,450,-44,F1917
D0197,A024,456,456,51,F1946
D0197,B5096,465,491,-51,F1946
D0197,B5175,493,519,-50,F1947
D0197,B5969,520,543,-36,F1953
D0197,S239,547,559,1,E2079
D0197,B0552,702,710,-1,E2079
D0198,A074,0,0,77,F5935
D0198,A074,0,0,53,F5930
D0198,B8142,3,34,-77,F5935
D0198,B7281,38,65,-53,F5930
D0198,A074,67,67,50,F5920
D0198,A074,67,67,67,F5919
D0198,B3328,70,96,-50,F5920
D0198,B3070,98,128,-67,F5919
D0198,A074,130,130,44,F5937
D0198,A074,130,130,88,F5933
D0198,B7569,134,167,-88,F5933
D0198,B8756,170,195,-44,F5937
D0198,S484,202,216,2,E3463
D0198,B1222,228,237,-2,E3463
D0198,S503,244,245,1,E3586
D0198,S503,245,277,2,E3584
D0198,S521,283,314,5,E3734
D0198,B7252,334,342,-1,E3586
D0198,B3782,344,353,-2,E3584
D0198,B6179,393,405,-5,E3734
D0198,A033,452,452,88,F2974
D0198,B3844,459,492,-88,F2974
D0198,A079,512,512,19,F6185
D0198,A079,512,512,23,F6215
D0198,A079,512,512,70,F6204
D0198,A079,512,512,8,F6221
D0198,A079,512,512,14,F6173
D0198,B7473,520,533,-8,F6221
D0198,B6814,535,554,-23,F6215
D0198,B2989,557,575,-19,F6185
D0198,B1941,578,594,-14,F6173
D0198,B5380,599,629,-70,F6204
D0198,A079,634,634,43,F6209
D0198,A079,634,634,50,F6165
D0198,A079,634,634,42,F6172
D0198,B0712,640,666,-50,F6165
D0198,B1631,669,693,-42,F6172
D0198,B6252,695,720,-43,F6209
D0199,A075,0,0,42,F5980
D0199,A075,0,0,16,F5947
D0199,A075,0,0,51,F5983
D0199,A075,0,0,15,F5942
D0199,B0105,5,22,-15,F5942
D0199,B8568,24,50,-51,F5983
D0199,B7860,52,76,-42,F5980
D0199,B0905,79,96,-16,F5947
D0199,A077,106,106,16,F6089
D0199,A077,106,106,7,F6131
D0199,A077,106,106,13,F6093
D0199,A077,106,106,4,F6105
D0199,B4460,110,127,-16,F6089
D0199,B5031,131,147,-13,F6093
D0199,B7816,150,163,-7,F6131
D0199,B5536,176,187,-4,F6105
D0199,S017,225,230,1,E0332
D0199,S016,230,238,1,E0292
D0199,S021,238,252,1,E0503
D0199,S016,252,275,1,E0268
D0199,B0305,287,295,-1,E0332
D0199,B5948,301,309,-1,E0292
D0199,B7229,327,335,-1,E0503
D0199,A116,350,350,47,F8618
D0199,A116,350,350,38,F8577
D0199,A116,350,350,42,F8641
D0199,B5100,356,364,-1,E0268
D0199,B5100,364,388,-42,F8641
D0199,A116,394,394,16,F8617
D0199,A116,394,394,33,F8667
D0199,B6338,399,421,-33,F8667
D0199,B3692,422,448,-47,F8618
D0199,B1187,449,472,-38,F8577
D0199,A116,477,477,26,F8680
D0199,A116,477,477,28,F8606
D0199,A116,477,477,27,F8575
D0199,B1094,483,504,-27,F8575
D0199,B3679,507,524,-16,F8617
D0199,B7108,527,547,-26,F8680
D0199,B3155,550,571,-28,F8606
D0199,S046,577,591,1,E0930
D0199,B2477,704,712,-1,E0930
D0199,A045,714,714,96,F4007
D0199,B4808,718,752,-96,F4007
D0200,A076,0,0,64,F6032
D0200,B6970,3,32,-64,F6032
D0200,A076,35,35,86,F5999
D0200,A076,35,35,51,F5988
D0200,B1958,40,73,-86,F5999
D0200,B0233,76,102,-51,F5988
D0200,A076,105,105,47,F6043
D0200,A076,105,105,52,F5986
D0200,A076,105,105,30,F6004
D0200,B0103,113,140,-52,F5986
D0200,B3333,141,162,-30,F6004
D0200,B9140,163,189,-47,F6043
D0200,S334,197,219,1,E2628
D0200,A036,226,226,60,F3291
D0200,B3244,230,258,-60,F3291
D0200,B8714,273,281,-1,E2628
D0200,S334,307,322,1,E2633
D0200,S334,322,327,1,E2595
D0200,S334,327,341,2,E2605
D0200,S334,341,344,1,E2621
D0200,S334,344,348,1,E2614
D0200,S334,348,351,2,E2606
D0200,A083,367,367,39,F6390
D0200,A083,367,367,24,F6403
D0200,A083,367,367,25,F6395
D0200,B9207,382,390,-1,E2633
D0200,B4873,393,402,-2,E2606
D0200,B4873,402,411,-2,E2605
D0200,B3801,413,421,-1,E2595
D0200,B0810,423,431,-1,E2621
D0200,B7250,434,442,-1,E2614
D0200,B1532,451,475,-39,F6390
D0200,B2589,478,498,-24,F6403
D0200,A083,504,504,47,F6389
D0200,B1287,510,536,-47,F6389
D0200,B2154,539,559,-25,F6395
D0200,S419,580,584,4,E3067
D0200,B6454,737,748,-4,E3067
D0201,A077,0,0,18,F6066
D0201,B1896,5,23,-18,F6066
D0201,A035,110,110,34,F3149
D0201,B1843,113,135,-34,F3149
D0201,A035,138,138,59,F3191
D0201,A035,138,138,53,F3125
D0201,A035,138,138,24,F3159
D0201,B2337,141,161,-24,F3159
D0201,B4253,164,192,-59,F3191
D0201,B0389,194,221,-53,F3125
D0201,A102,229,229,28,F7644
D0201,A102,229,229,59,F7611
D0201,A102,229,229,16,F7638
D0201,A102,229,229,35,F7622
D0201,B4496,235,256,-28,F7644
D0201,B0956,258,286,-59,F7611
D0201,S095,288,292,3,E1402
D0201,B4310,295,312,-16,F7638
D0201,B2555,314,337,-35,F7622
D0201,S098,340,345,13,E1408
D0201,B3913,382,392,-3,E1402
D0201,B0291,422,438,-13,E1408
D0201,A107,456,456,69,F7983
D0201,B4811,461,491,-69,F7983
D0201,A014,498,498,46,F0860
D0201,A014,498,498,51,F0877
D0201,B8017,503,529,-51,F0877
D0201,B1545,531,556,-46,F0860
D0201,S260,566,587,2,E2184
D0201,B3960,724,733,-2,E2184
D0202,A078,0,0,22,F6147
D0202,A078,0,0,74,F6145
D0202,B2578,4,23,-22,F6147
D0202,B1947,25,56,-74,F6145
D0202,A103,78,78,31,F7713
D0202,A103,78,78,29,F7720
D0202,A103,78,78,13,F7736
D0202,B3238,83,105,-31,F7713
D0202,B3779,107,128,-29,F7720
D0202,B5880,133,149,-13,F7736
D0202,A022,159,159,26,F1758
D0202,A022,159,159,37,F1703
D0202,B8304,163,183,-26,F1758
D0202,B2034,184,207,-37,F1703
D0202,S121,230,245,2,E1514
D0202,A046,260,260,68,F4039
D0202,A046,260,260,63,F4052
D0202,S342,273,288,2,E2709
D0202,B4580,303,312,-2,E1514
D0202,B2304,329,338,-2,E2709
D0202,B3085,341,370,-63,F4052
D0202,B1167,371,401,-68,F4039
D0202,A046,408,408,49,F4074
D0202,A046,408,408,85,F4090
D0202,B6482,413,439,-49,F4074
D0202,B8553,444,477,-85,F4090
D0202,A046,481,481,91,F4041
D0202,B1339,486,520,-91,F4041
D0202,A024,528,528,67,F1913
D0202,A024,528,528,73,F1909
D0202,B1927,534,565,-73,F1909
D0202,B2444,569,599,-67,F1913
D0202,S262,604,617,1,E2225
D0202,B2232,759,767,-1,E2225
